HSE Actions Item Tracker,,,,,,,,,,,,,
Sr. #,Date,Month,Auditor Name,Action Drived From,Audit Description,Area/Clauses,Actions / Recommendation,Severity,Responsible Department,Responsible Manager,Target date,Action Item Status,
1,03-May-25,May,"Naveed Taqvi, Junaid Ali Khan",Critical / Specialist Audit Plan,LPG Storage Facility  Audit,LPG Storage Facility  Audit,"The Safety Data Sheets (SDS) for LPG and SLG were not available at the facility. SDS must be properly displayed at prominent locations and in the local language (Urdu) to ensure accessibility and understanding. It is essential to implement, maintain, and regularly update the SDS for regulatory compliance and workplace safety. Additionally, training on both SDSs should be conducted for all relevant staff, and documentary evidence of these trainings must be maintained for verification and audit purposes.",Low,ESD,Adeel Siddiqui  ,Q3 2026,Pending,
2,03-May-25,May,"Naveed Taqvi, Junaid Ali Khan",Critical / Specialist Audit Plan,LPG Storage Facility  Audit,LPG Storage Facility  Audit,"Routine inspections of LPG and SNG tanks are carried out regularly by both the Powerhouse and HSE teams. However, these inspections are not documented. It is essential to maintain proper inspection records to ensure regulatory compliance and traceability.",Low,ESD,Adeel Siddiqui  ,Q3 2026,Pending,
3,03-May-25,May,"Naveed Taqvi, Junaid Ali Khan",Critical / Specialist Audit Plan,LPG Storage Facility  Audit,LPG Storage Facility  Audit,"No controlled Standard Operating Procedures (SOPs) are available for LPG transfer, storage, and emergency shutdown. It is essential to ensure the availability of controlled SOPs through the IMS system and to display them in the local language at the LPG facility for effective communication and compliance.",Medium,ESD,Adeel Siddiqui  ,Q3 2026,Pending,
4,03-May-25,May,"Naveed Taqvi, Junaid Ali Khan",Critical / Specialist Audit Plan,LPG Storage Facility  Audit,LPG Storage Facility  Audit,"The mechanical integrity is conducted. However, a formal plan needs to be developed, documented, and periodically reviewed to ensure compliance with safety standards.",Low,ESD,Adeel Siddiqui  ,Q3 2026,Pending,
5,03-May-25,May,"Naveed Taqvi, Junaid Ali Khan",Critical / Specialist Audit Plan,LPG Storage Facility  Audit,LPG Storage Facility  Audit,"Process Safety Management (PSM) is currently not implemented at the CBL site, and no training on PSM has been provided to employees involved in the operation and maintenance of the LPG system. Additionally, operational SOP training for LPG storage has not been conducted for the relevant staff.
There is a need to establish a comprehensive operations and maintenance SOP training plan for all concerned personnel.",Low,ESD,Adeel Siddiqui  ,Q3 2026,Pending,
6,03-May-25,May,"Naveed Taqvi, Junaid Ali Khan",Critical / Specialist Audit Plan,LPG Storage Facility  Audit,LPG Storage Facility  Audit,"Leak detection system, and pressure gauges are installed, working, and calibrated. However, LEL detectors have not been calibrated and requir immediate attention to ensure reliable gas monitoring.",High,ESD,Adeel Siddiqui  ,Q3 2026,Pending,
7,03-May-25,May,"Naveed Taqvi, Junaid Ali Khan",Critical / Specialist Audit Plan,LPG Storage Facility  Audit,LPG Storage Facility  Audit,"Workers involved in LPG loading and unloading are experienced; however, no documented training records are available. It is essential to conduct formal, documented training followed by written validation to ensure proper understanding of loading/unloading procedures and safe LPG handling practices.",Low,HSE,Naveed Taqvi,Q3 2026,Done,
8,03-May-25,May,"Naveed Taqvi, Junaid Ali Khan",Critical / Specialist Audit Plan,LPG Storage Facility  Audit,LPG Storage Facility  Audit,"Emergency shut-off valves are operational and have been tested. However, they should also be tested during emergency mock drills to evaluate response time and effectiveness in real-time scenarios.",Medium,ESD,Adeel Siddiqui  ,Q3 2026,Pending,
9,03-May-25,May,"Naveed Taqvi, Junaid Ali Khan",Critical / Specialist Audit Plan,LPG Storage Facility  Audit,LPG Storage Facility  Audit,"Hose assemblies are pressure-rated and have undergone pressure testing. However, to ensure full compliance, all hoses must remain within their inspection validity period, and test records should be consistently maintained. Inspection and testing should be carried out as part of preventive maintenance (PM) planning on annual basis.",Medium,ESD,Adeel Siddiqui  ,Q3 2026,Pending,
10,03-May-25,May,"Naveed Taqvi, Junaid Ali Khan",Critical / Specialist Audit Plan,LPG Storage Facility  Audit,LPG Storage Facility  Audit,These all found leak-free but show some signs of corrosion. It is recommended to inspect and replace any corroded components to ensure long-term safety and functionality.,Low,ESD,Adeel Siddiqui  ,Q3 2026,Done,
11,03-May-25,May,"Naveed Taqvi, Junaid Ali Khan",Critical / Specialist Audit Plan,LPG Storage Facility  Audit,LPG Storage Facility  Audit,"Emergency drills have not been conducted or documented on an annual basis. It is essential to develop and implement regular emergency response drills covering various LPG storage scenarios, and to maintain proper documentation to ensure preparedness and compliance with safety standards.",Low,HSE,Naveed Taqvi,Q3 2026,Done,
12,03-May-25,May,"Naveed Taqvi, Junaid Ali Khan",Critical / Specialist Audit Plan,LPG Storage Facility  Audit,LPG Storage Facility  Audit,"A Zone Classification study has not yet been conducted for the LPG storage facility. It is necessary to arrange an Area/Zone Classification assessment through a qualified third-party expert to ensure compliance with safety standards and proper hazardous area identification.

",Medium,ESD,Adeel Siddiqui  ,Q3 2026,Pending,
13,03-May-25,May,"Naveed Taqvi, Junaid Ali Khan",Critical / Specialist Audit Plan,LPG Storage Facility  Audit,LPG Storage Facility  Audit,Fireproofing of the structural supports and vessel skirts of the LPG storage is strongly recommended and is required as per applicable standards.,Medium,ESD,Adeel Siddiqui  ,Q3 2026,Pending,
14,03-May-25,May,"Naveed Taqvi, Junaid Ali Khan",Critical / Specialist Audit Plan,LPG Storage Facility  Audit,LPG Storage Facility  Audit,"No lightning arrestors were found installed on the LPG storage tanks, posing a serious risk of ignition in the event of a lightning strike. It is strongly recommended to install certified lightning protection systems, properly connected to an effective earthing network, preferably at the nearest elevated structure, such as the FG warehouse.",High,ESD,Adeel Siddiqui  ,Q3 2026,WIP,
15,03-May-25,May,"Naveed Taqvi, Junaid Ali Khan",Critical / Specialist Audit Plan,LPG Storage Facility  Audit,LPG Storage Facility  Audit,"There is no shed installed over the LPG decanting pump, leaving it exposed to direct sunlight, rain, and dust. It is recommended to install a properly designed non-combustible shed to protect the pump from environmental elements, prevent equipment degradation, and reduce potential fire or operational hazards in line with good engineering and safety practices.",High,ESD,Adeel Siddiqui  ,Q3 2026,Pending,
16,03-May-25,May,"Naveed Taqvi, Junaid Ali Khan",Critical / Specialist Audit Plan,LPG Storage Facility  Audit,LPG Storage Facility  Audit,"Tagging and color coding are properly done on pipelines, but identification tags are missing on vessels, such as those for SNG, Air, and vapor vessel. It is recommended to affix clear and durable tags on all vessels to ensure proper identification and enhance operational and emergency response safety in line with industry standards.",Medium,ESD,Adeel Siddiqui  ,Q3 2026,Pending,
17,03-May-25,May,"Naveed Taqvi, Junaid Ali Khan",Critical / Specialist Audit Plan,LPG Storage Facility  Audit,LPG Storage Facility  Audit,No cabinet was found at the entrance of the LPG storage area for placing mobile phones or other electronic devices. It is recommended to install a dedicated cabinet at the entry point to restrict the entry of potential ignition sources and ensure compliance with hazardous area safety protocols.,Low,ESD,Adeel Siddiqui  ,Q3 2026,Pending,
18,03-May-25,May,"Naveed Taqvi, Junaid Ali Khan",Critical / Specialist Audit Plan,LPG Storage Facility  Audit,LPG Storage Facility  Audit,"No PPE cabinet or mandatory personal protective equipmen (PPE) such as helmets, FR suit, anti-static shoes, goggles, or gloves were available at the LPG area. Additionally, PPE complaince is not being followed by personnel. It is strongly recommended to provide a well-stocked PPE cabinet at the entry point and ensure strick enforcement of PPE usage within the LPG storage area for personnel safety and regulatory compliance.",Medium,HSE,Naveed Taqvi,Q3 2026,Pending,
19,03-May-25,May,"Naveed Taqvi, Junaid Ali Khan",Critical / Specialist Audit Plan,LPG Storage Facility  Audit,LPG Storage Facility  Audit,"Inaccessible Fire Hydrants in LPG Area:
Fire hydrants in the LPG storage area were found obstructed, making them difficult to access during an emergency. Blocked access can significantly delay emergency response and compromise fire control efforts.  There is need to ensure all fire equipments are eassily accessible, unobstructed, and clearly marked with visible signage. maintain a 1- meter clearance zone around each hydrant at all times in accordance with fire safety standards (e.g. NFPA-25).",Medium,ESD,Adeel Siddiqui  ,Q3 2026,Done,
20,03-May-25,May,"Naveed Taqvi, Junaid Ali Khan",Critical / Specialist Audit Plan,LPG Storage Facility  Audit,LPG Storage Facility  Audit,"Absence Of External Fire Brigade Inlet valve:
No external fire brigade connection (inlet valve) was found on the firefighting pipeline in the LPG area. this valve is essential for allowing external fire tenders to pump water into the internal fire hydrant system during a major fire.",High,HSE,Naveed Taqvi,Q3 2026,Pending,
21,03-May-25,May,"Naveed Taqvi, Junaid Ali Khan",Critical / Specialist Audit Plan,LPG Storage Facility  Audit,LPG Storage Facility  Audit,"Remove the wire rope from the area to eliminate the potential hazard.
Install a certified lifting mechanism to ensure the safe and compliant handling of equipment during future maintenance activities.",Medium,ESD,Adeel Siddiqui  ,Q3 2026,Done,
22,03-May-25,May,"Naveed Taqvi, Junaid Ali Khan",Critical / Specialist Audit Plan,LPG Storage Facility  Audit,LPG Storage Facility  Audit,"Recommendation: Emergency exits must remain unobstructed, clearly marked, and easily operable from the inside without the use of keys or tools, in accordance with life safety and OSHA standards.",High,ESD,Adeel Siddiqui  ,Q3 2026,Done,
23,02/03/2025,Feburary,Mubashir Mustafa,Critical / Specialist Audit Plan,Audit 3-Bed Site, 3-Bed Site,"Ensure immediate arrangement of mandatory PPE (safety helmet, full body harness and gloves) to all the workers at site and assign strong supervision to monitor compliance with PPE usage during each shift.",High,PRJ,Khurram Raza,Immediate,Done,
24,02/03/2025,Feburary,Mubashir Mustafa,Critical / Specialist Audit Plan,Audit 3-Bed Site, 3-Bed Site,"Need to address these all issues on highest priority, all the work on scaffolding must be stopped, and damaged planks should be replaced with strong and stable ones. Proper railings should be installed, adequate bracing must be added to ensure stability and safe access such as ladders or secured platform should be provided.",High,PRJ,Khurram Raza,Immediate,Done,
25,02/03/2025,Feburary,Mubashir Mustafa,Critical / Specialist Audit Plan,Audit 3-Bed Site, 3-Bed Site,"All unsafe electrical connections must be repaired immediately, and loose wiring should be secured to prevent accidental contact. Damaged installations should be replaced with safe and secure condition",High,ESD,Adeel Siddiqui  ,Immediate,Done,
26,02/03/2025,Feburary,Mubashir Mustafa,Critical / Specialist Audit Plan,Audit 3-Bed Site, 3-Bed Site,"All open ends must be immediately secured
with sturdy railings and appropriate barricades to prevent falling hazard.",High,PRJ,Khurram Raza,Immediate,Done,
27,02/03/2025,Feburary,Mubashir Mustafa,Critical / Specialist Audit Plan,Audit 3-Bed Site, 3-Bed Site,"Immediate steps should be taken to clear all walkways and work areas of debris, tools, and materials, ensuring safe passage. All tools, equipment, and materials must be properly stored in designated areas when not in use. Walkways should be clear all the times, with daily housekeeping routines put in place.",Medium,PRJ,Khurram Raza,Immediate,Done,
28,02/03/2025,Feburary,Mubashir Mustafa,Critical / Specialist Audit Plan,Audit 3-Bed Site, 3-Bed Site,"Need to cover the moving parts of concrete mixer with appropriate guards to prevent any accidental contact. The concrete lifter must be inspected and repaired to restore its functionality and stability, ensuring it is properly aligned and in safe working condition.",High,PRJ,Khurram Raza,Immediate,Done,
29,02/03/2025,Feburary,Mubashir Mustafa,Critical / Specialist Audit Plan,Audit 3-Bed Site, 3-Bed Site,"Immediate steps must be taken to ensure chemicals are handled strictly according to their Material Safety Data Sheets (MSDS) guidelines. Workers should be provided with the required PPE and trained on proper chemical handling practices, labels and MSDS instructions.",Low,PRJ,Khurram Raza,Immediate,Done,
30,02/03/2025,Feburary,Mubashir Mustafa,Critical / Specialist Audit Plan,Audit 3-Bed Site, 3-Bed Site,"Prompt measures should be implemented to strictly prohibit the use of open flames for any purpose on-site. A designated and safe cooking area should be established far from combustible materials, equipped with fire extinguishers and other safety measures.",High,PRJ,Khurram Raza,Immediate,Done,
31,02/03/2025,Feburary,Mubashir Mustafa,Critical / Specialist Audit Plan,Audit 3-Bed Site, 3-Bed Site,"Strick no-smoking policies should be enforced across the construction site, 
especially in areas with flammable or combustible materials. Designated smoking zones, located at a safe distance from hazardous areas, should be established equipped with proper waste disposal facilities.",High,PRJ,Khurram Raza,Immediate,Done,
32,02/03/2025,Feburary,Mubashir Mustafa,Critical / Specialist Audit Plan,Audit 3-Bed Site, 3-Bed Site,"Need to provide workers with a proper,
safe shelter for resting, equipped with stable surfaces and protection from environmental hazards like mosquitos.",Low,PRJ,Khurram Raza,Immediate,Done,
33,02/03/2025,Feburary,Mubashir Mustafa,Critical / Specialist Audit Plan,Audit 3-Bed Site, 3-Bed Site,The open corners of lift pit must be immediately barricaded with sturdy guardrails or protective barriers to prevents falls.,High,PRJ,Khurram Raza,Immediate,Done,
34,02/03/2025,Feburary,Mubashir Mustafa,Critical / Specialist Audit Plan,Audit 3-Bed Site, 3-Bed Site,"All Loose materials at roof edges must be 
immediately secured or removed to prevent any fall hazard. Regular inspection must be carried out to ensure materials are stored safely, away from edges, and comply with safety protocols",High,PRJ,Khurram Raza,Immediate,Done,
35,02/03/2025,Feburary,Mubashir Mustafa,Critical / Specialist Audit Plan,Audit 3-Bed Site, 3-Bed Site,"A safe and secure access route, 
such as a properly constructed staircase or ladder, must be provided to reach the top floor. The access should be regularly inspected to ensure its stability and safety",Medium,PRJ,Khurram Raza,Immediate,Done,
36,06/01/2025,June,Mubashir Mustafa,Critical / Specialist Audit Plan,Inspection Of ESD Workshops,ESD Workshops,"Ensure immediate cleanup of scattered materials and rollers, and designate specific storage areas for tools and equipment. The accumulated metal shavings from lathe machines should be properly collected in secure containers to avoid sharp edges posing safety risks. Assign a dedicated housekeeping team and provide training to workers on maintaining cleanliness and safe practices in the workplace.",Medium,ESD,Adeel Siddiqui  ,Q3 2026,Pending,
37,06/01/2025,June,Mubashir Mustafa,Critical / Specialist Audit Plan,Inspection Of ESD Workshops,ESD Workshops,"The damaged welding leads should be replaced immediately, and regular checks should be conducted to ensure the condition of the leads. All powered tools should be properly earthed according to safety standards, with routine testing to ensure effective earthing. The metal working tables in both AC room and winding room should be properly earthed and equipment that shows signs of wear or has expired parts should be replaced to ensure safety.",High,ESD,Adeel Siddiqui  ,Q3 2026,Done,
38,06/01/2025,June,Mubashir Mustafa,Critical / Specialist Audit Plan,Inspection Of ESD Workshops,ESD Workshops,"Need to install emergency stop buttons on all three lathe machines and the drill machine to ensure quick response in emergencies. Safety covers should be installed on the exposed moving belts of the lathe machines to prevent accidental contact and injuries. And, regular safety checks should be conducted to ensure all safety features are in place and functional.",High,ESD,Adeel Siddiqui  ,Q3 2026,Pending,
39,06/01/2025,June,Mubashir Mustafa,Critical / Specialist Audit Plan,Inspection Of ESD Workshops,ESD Workshops,"Need to repair or replace the non-functional exhaust fans and faulty search light at winding room, and ensure both fans and lights are fully functional to improve airflow, visibility and reduce the risk of harmful fumes accumulation, and buildup of dangerous gases. Regular checks should be performed to ensure ventilation systems are operational, particularly during hot work activities.",Medium,ESD,Adeel Siddiqui  ,Q3 2026,Pending,
40,06/01/2025,June,Mubashir Mustafa,Critical / Specialist Audit Plan,Inspection Of ESD Workshops,ESD Workshops,"Ensure cylinders are stored with a minimum 10-Feet (3 Meter) Safe distance between different types of gases, as per OSHA guidelines. Use approved stands or trolleys to properly secure cylinders and prevent tripping. Following ISO 11625 standards. Label all cylinders clearly with gas type and attach inspection tags to ensure regular monitoring. Store cylinders away from hot work areas and heat sources, in compliance with NFPA standards, to reduce the risk of fire or explosion. Conduct routine safety inspections and provide training on the proper handling of compressed gas cylinders to minimize risks and ensure compliance with HSE standards.",High,ESD,Adeel Siddiqui  ,Q3 2026,Pending,
41,06/01/2025,June,Mubashir Mustafa,Critical / Specialist Audit Plan,Inspection Of ESD Workshops,ESD Workshops,"To comply with OSHA's hazard communication standard 
(1910.1200) and ISO 45001, a designated storage area for mobile oil, clearly labeled, must be established away from hot work. All mobile oil containers should be appropriately labeled as hazardous chemicals, and any spills must be cleaned immediately. In the outside workshop, petrol should be stored in approved, labeled containers and kept separate from gas cylinders, as per OSHA and NFPA safety standards. Workers must be trained on proper handling, storage , and disposal of hazardous materials, and routine safety checks should be conducted to ensure continued compliance.",Low,ESD,Adeel Siddiqui  ,Q3 2026,Pending,
42,06/01/2025,June,Mubashir Mustafa,Critical / Specialist Audit Plan,Inspection Of ESD Workshops,ESD Workshops,"To comply with OSHA standards (1910.132) and ISO 45001, 
it is essential to provide workers with the appropriate PPE for their tasks, ensuring that all items are undamaged and suitable for use. A full review of PPE requirements for each task should be carried out, and all necessary protective equipment such as welding sheets, safety helmets safety shoes, gloves and eye protection should be readily available. Any damage PPE must be replaced immediately. Workers should be trained on the proper usage and maintenance of PPE.",Low,ESD,Adeel Siddiqui  ,Q3 2026,Done,
43,06/01/2025,June,Mubashir Mustafa,Critical / Specialist Audit Plan,Inspection Of ESD Workshops,ESD Workshops,"To address these issues, immediate enforcement of proper PPE usage should be implemented, especially for work at heights and when handling electrical equipment. Workers must be retrained on safety protocols, ensuring they understand the importance of using fall protection, PPE, and following lockout/tagout procedures.",Medium,ESD,Adeel Siddiqui  ,Q3 2026,Done,
44,06/01/2025,June,Mubashir Mustafa,Critical / Specialist Audit Plan,Inspection Of ESD Workshops,ESD Workshops,"Need to implement a proper storage system for tools, materials, motors, and rollers, ensuring everything is placed in designated areas and easily accessible.",Low,ESD,Adeel Siddiqui  ,Q3 2026,Pending,
45,06/01/2025,June,Mubashir Mustafa,Critical / Specialist Audit Plan,Inspection Of ESD Workshops,ESD Workshops,Introduce clear labeling and signage to guide workers in identifying storage locations for materials and tools.,Low,ESD,Adeel Siddiqui  ,Q3 2026,Pending,
46,06/01/2025,June,Mubashir Mustafa,Critical / Specialist Audit Plan,Inspection Of ESD Workshops,ESD Workshops,Organize workshops by grouping similar items together and maintaining a tidy work environment to minimize the risk of accidents and ineffiency.,Low,ESD,Adeel Siddiqui  ,Q3 2026,Pending,
47,06/01/2025,June,Mubashir Mustafa,Critical / Specialist Audit Plan,Inspection Of ESD Workshops,ESD Workshops,"Provide workers with ergonomic training to improve posture, minimize strain, and encourage safe working practices.",Low,ESD,Adeel Siddiqui  ,Q3 2026,Done,
48,06/01/2025,June,Mubashir Mustafa,Critical / Specialist Audit Plan,Inspection Of ESD Workshops,ESD Workshops,Need to install the hook lock to avoid the suspended load from falling.,High,ESD,Adeel Siddiqui  ,Q3 2026,Pending,
49,06/01/2025,June,Mubashir Mustafa,Critical / Specialist Audit Plan,Inspection Of ESD Workshops,ESD Workshops,Replace the damaged lifting web to maintain lifting integrity.,Medium,ESD,Adeel Siddiqui  ,Q3 2026,Done,
50,06/01/2025,June,Mubashir Mustafa,Critical / Specialist Audit Plan,Inspection Of ESD Workshops,ESD Workshops,Obtain TPI certification for the hoist chain block to ensure its compliance with safety standards.,Low,ESD,Adeel Siddiqui  ,Q3 2026,Pending,
51,06/01/2025,June,Mubashir Mustafa,Critical / Specialist Audit Plan,Inspection Of ESD Workshops,ESD Workshops,"Provide workers with appropriate (PPE), including ear protection (Earplugs or earmuffs), to reduce exposure to harmful noise levels.",Low,ESD,Adeel Siddiqui  ,Q3 2026,Done,
52,06/01/2025,June,Mubashir Mustafa,Critical / Specialist Audit Plan,Inspection Of ESD Workshops,ESD Workshops,Establish a regular maintenance schedule for equipment to ensure they are operating efficiently and minimizing unnecessary noise generation.,Low,ESD,Adeel Siddiqui  ,Q3 2026,Pending,
53,06/01/2025,June,Mubashir Mustafa,Critical / Specialist Audit Plan,Inspection Of ESD Workshops,ESD Workshops,Install noise barriers or covers around the loud machines.,Low,ESD,Adeel Siddiqui  ,Q3 2026,Pending,
54,06/01/2025,June,Mubashir Mustafa,Critical / Specialist Audit Plan,Inspection Of ESD Workshops,ESD Workshops,Need to develop and implement controlled SOPs for all operations related to ESD-sensitive equipment to ensure proper handling and safety practices.,Low,ESD,Adeel Siddiqui  ,Q3 2026,Pending,
55,06/01/2025,June,Mubashir Mustafa,Critical / Specialist Audit Plan,Inspection Of ESD Workshops,ESD Workshops,"Ensure that maintenance logs, inspections reports, and risk assessment are created, maintained, and regularly reviewed.",Low,ESD,Adeel Siddiqui  ,Q3 2026,Done,
56,06/01/2025,June,Mubashir Mustafa,Critical / Specialist Audit Plan,Inspection Of ESD Workshops,ESD Workshops,"Conduct training sessions to educate workers about the importance of these documents, their roles in maintaining safety, and procedures for handling ESD-sensitive materials and equipment.",Low,ESD,Adeel Siddiqui  ,Q3 2026,Done,
57,06/01/2025,June,Mubashir Mustafa,Critical / Specialist Audit Plan,Inspection Of ESD Workshops,ESD Workshops,Conduct ERP training of all the workers.,Medium,HSE,Naveed Taqvi,Q3 2026,Done,
58,06/01/2025,June,Mubashir Mustafa,Critical / Specialist Audit Plan,Inspection Of ESD Workshops,ESD Workshops,Identify and Mark emergency Exits.,Medium,HSE,Naveed Taqvi,Q3 2026,Done,
59,06/01/2025,June,Mubashir Mustafa,Critical / Specialist Audit Plan,Inspection Of ESD Workshops,ESD Workshops,Conduct Emergency Drill,Medium,HSE,Naveed Taqvi,Q3 2026,Done,
60,05/10/2025,May,Mubashir Mustafa,Critical / Specialist Audit Plan,Inspection Of Emergency Exit Doors,Emergency Exit Doors,Need to repair or replace the push bar locking mechanism to ensure the door can be opened easily in emergencies.,Medium,ADM IR & HR,Shahid Bashir,Q2 2026,WIP,
61,05/10/2025,May,Mubashir Mustafa,Critical / Specialist Audit Plan,Inspection Of Emergency Exit Doors,Emergency Exit Doors,Install self-closing device for the door to ensure it closes automatically after use.,Low,ADM IR & HR,Shahid Bashir,Q2 2026,WIP,
62,05/10/2025,May,Mubashir Mustafa,Critical / Specialist Audit Plan,Inspection Of Emergency Exit Doors,Emergency Exit Doors,Clean the firelite glass to restore visibility and ensure compliance with fire safety standards.,Low,ADM IR & HR,Shahid Bashir,Q2 2026,WIP,
63,05/10/2025,May,Mubashir Mustafa,Critical / Specialist Audit Plan,Inspection Of Emergency Exit Doors,Emergency Exit Doors,Permanently remove the polythene wrapping and ensure the door remains unobstructed.,Low,ADM IR & HR,Shahid Bashir,Immediate,Done,
64,05/10/2025,May,Mubashir Mustafa,Critical / Specialist Audit Plan,Inspection Of Emergency Exit Doors,Emergency Exit Doors,Clear all materials blocking access to the emergency exit door.,Medium,Area Owners,Area Managers,Immediate,Done,
65,05/10/2025,May,Mubashir Mustafa,Critical / Specialist Audit Plan,Inspection Of Emergency Exit Doors,Emergency Exit Doors,Repair or replace the push bar to ensure the door can be easily opened during an emergency evacuation.,Medium,ADM IR & HR,Shahid Bashir,Q2 2026,WIP,
66,05/10/2025,May,Mubashir Mustafa,Critical / Specialist Audit Plan,Inspection Of Emergency Exit Doors,Emergency Exit Doors,Installed new self-closing device to ensure the door closes automatically after being opened.,Low,ADM IR & HR,Shahid Bashir,Q2 2026,WIP,
67,05/10/2025,May,Mubashir Mustafa,Critical / Specialist Audit Plan,Inspection Of Emergency Exit Doors,Emergency Exit Doors,Replace or repair the door seals to maintain the fire rating and ensure compliance with fire safety standards.,Low,ADM IR & HR,Shahid Bashir,Q2 2026,WIP,
68,05/10/2025,May,Mubashir Mustafa,Critical / Specialist Audit Plan,Inspection Of Emergency Exit Doors,Emergency Exit Doors,"Clean the door, remove dust,  and repair any dents to restore its physical integrity.",Low,ADM IR & HR,Shahid Bashir,Immediate,Done,
69,05/10/2025,May,Mubashir Mustafa,Critical / Specialist Audit Plan,Inspection Of Emergency Exit Doors,Emergency Exit Doors,Clean the  firelite glass to ensure it is visible and compliant with safety standards.,Medium,ADM IR & HR,Shahid Bashir,Immediate,WIP,
70,05/10/2025,May,Mubashir Mustafa,Critical / Specialist Audit Plan,Inspection Of Emergency Exit Doors,Emergency Exit Doors,Need to repair or replace the self-closing device to ensure the door closes within 5 second as per NFPA automatically after being opened.,Low,ADM IR & HR,Shahid Bashir,Q2 2026,WIP,
71,05/10/2025,May,Mubashir Mustafa,Critical / Specialist Audit Plan,Inspection Of Emergency Exit Doors,Emergency Exit Doors,Repair or replace the push bar locking mechanism to make the door functional and compliant with safety standards.,Medium,ADM IR & HR,Shahid Bashir,Q2 2026,WIP,
72,05/10/2025,May,Mubashir Mustafa,Critical / Specialist Audit Plan,Inspection Of Emergency Exit Doors,Emergency Exit Doors,Install or restore the firelite logo or label to met the fire safety compliance.,Low,ADM IR & HR,Shahid Bashir,Q2 2026,WIP,
73,05/10/2025,May,Mubashir Mustafa,Critical / Specialist Audit Plan,Inspection Of Emergency Exit Doors,Emergency Exit Doors,Address minor rust and dents by cleaning and repairing the affected areas to improve the door's longevity.,Low,ADM IR & HR,Shahid Bashir,Q2 2026,Done,
74,05/10/2025,May,Mubashir Mustafa,Critical / Specialist Audit Plan,Inspection Of Emergency Exit Doors,Emergency Exit Doors,Ensure the access to emergency exit door always clear without any obstruction as per NFPA requirement.,Medium,Area Owners,Area Managers,Immediate,Done,
75,05/10/2025,May,Mubashir Mustafa,Critical / Specialist Audit Plan,Inspection Of Emergency Exit Doors,Emergency Exit Doors,Need to repair or replace the push bar mechanism to ensure the door is operational in emergencies.,Medium,ADM IR & HR,Shahid Bashir,Q2 2026,WIP,
76,05/10/2025,May,Mubashir Mustafa,Critical / Specialist Audit Plan,Inspection Of Emergency Exit Doors,Emergency Exit Doors,Clean the firelite glass and install a visible fire rating logo to meet safety compliance.,Low,ADM IR & HR,Shahid Bashir,Q2 2026,WIP,
77,05/10/2025,May,Mubashir Mustafa,Critical / Specialist Audit Plan,Inspection Of Emergency Exit Doors,Emergency Exit Doors,"Address the rust, dents, and dust on the door by cleaning and repairing affected areas to maintain its condition.",Low,ADM IR & HR,Shahid Bashir,Q2 2026,Done,
78,05/10/2025,May,Mubashir Mustafa,Critical / Specialist Audit Plan,Inspection Of Emergency Exit Doors,Emergency Exit Doors,Repair the door's seals to restore fire-rating compliance.,Low,ADM IR & HR,Shahid Bashir,Q2 2026,WIP,
79,05/10/2025,May,Mubashir Mustafa,Critical / Specialist Audit Plan,Inspection Of Emergency Exit Doors,Emergency Exit Doors,Install proper lighting on the roof side to ensure adequate visibility and comply with NFPA standards for emergency egress.,Low,ESD,Adeel Siddiqui  ,Q2 2026,Done,
80,05/10/2025,May,Mubashir Mustafa,Critical / Specialist Audit Plan,Inspection Of Emergency Exit Doors,Emergency Exit Doors,Replace the broken push bar locking mechanism to ensure the door is fully functional and compliant with safety standards.,Medium,ADM IR & HR,Shahid Bashir,Q2 2026,WIP,
81,05/10/2025,May,Mubashir Mustafa,Critical / Specialist Audit Plan,Inspection Of Emergency Exit Doors,Emergency Exit Doors,"Repair or adjust the self-closing device to ensure the door closes automatically within 5 seconds, as per NFPA standards.",Low,ADM IR & HR,Shahid Bashir,Q2 2026,WIP,
82,05/10/2025,May,Mubashir Mustafa,Critical / Specialist Audit Plan,Inspection Of Emergency Exit Doors,Emergency Exit Doors,"Address dusts, rusts, and dust by cleaning and repairing the door to improve its condition and reliability.",Low,ADM IR & HR,Shahid Bashir,Immediate,Done,
83,05/10/2025,May,Mubashir Mustafa,Critical / Specialist Audit Plan,Inspection Of Emergency Exit Doors,Emergency Exit Doors,Clean the firelite glass and install a visible fire rating logo to comply with fire safety requirements.,Low,ADM IR & HR,Shahid Bashir,Q2 2026,WIP,
84,05/10/2025,May,Mubashir Mustafa,Critical / Specialist Audit Plan,Inspection Of Emergency Exit Doors,Emergency Exit Doors,Ensure the access to emergency exit door always clear without any obstruction as per NFPA requirement.,Medium,ADM IR & HR,Shahid Bashir,Immediate,Done,
85,05/10/2025,May,Mubashir Mustafa,Critical / Specialist Audit Plan,Inspection Of Emergency Exit Doors,Emergency Exit Doors,Need to repair or replace the panic bar locking mechanism to ensure the door is fully operational during emergencies.,Medium,ADM IR & HR,Shahid Bashir,Q2 2026,WIP,
86,05/10/2025,May,Mubashir Mustafa,Critical / Specialist Audit Plan,Inspection Of Emergency Exit Doors,Emergency Exit Doors,Remove the seal from the outside of the door to restore its functionality as an emergency exit.,Low,ADM IR & HR,Shahid Bashir,Q2 2026,Done,
87,05/10/2025,May,Mubashir Mustafa,Critical / Specialist Audit Plan,Inspection Of Emergency Exit Doors,Emergency Exit Doors,"Install a self-closing mechanism to ensure the door closes automatically after being opened, as required by NFPA standards.",Low,ADM IR & HR,Shahid Bashir,Q2 2026,WIP,
88,05/10/2025,May,Mubashir Mustafa,Critical / Specialist Audit Plan,Inspection Of Emergency Exit Doors,Emergency Exit Doors,"Clean and repair the door to address rust, dents, and dust, ensuring its structural integrity and proper maintenance.",Low,ADM IR & HR,Shahid Bashir,Q2 2026,WIP,
89,05/10/2025,May,Mubashir Mustafa,Critical / Specialist Audit Plan,Inspection Of Emergency Exit Doors,Emergency Exit Doors,Ensure the area around the door is kept clear by relocating the mixing dough trolleys to maintain an unobstructed evacuation path.,Medium,PRD,Hammad Ali Khan,Immediate,Done,
90,05/05/2025,May,Abdullah Ilyas,Critical / Specialist Audit Plan,Inspection Of Admin WorkShop,Admin WorkShop,"Install the required signage at the gate, including identification signs, safety warnings, and other relevant information, to ensure clear visibility and compliance with safety regulations.",Low,ADM IR & HR,Shahid Bashir,Q2 2025,Pending,
91,05/05/2025,May,Abdullah Ilyas,Critical / Specialist Audit Plan,Inspection Of Admin WorkShop,Admin WorkShop,"Immediately replace the missing bolts and ensure the street light pipe is securely fastened with all required bolts to prevent accidents, ensure public safety, and maintain the structural integrity of the lighting system.",Medium,ADM IR & HR,Shahid Bashir,Q2 2025,Done,
92,05/05/2025,May,Abdullah Ilyas,Critical / Specialist Audit Plan,Inspection Of Admin WorkShop,Admin WorkShop,"Repair the electrical connection by installing a proper wire switch and ensuring all connections are secure, insulated, and meet electrical safety standards to prevent potential hazards",High,ESD,Adeel Siddiqui  ,Q2 2025,Done,
93,05/05/2025,May,Abdullah Ilyas,Critical / Specialist Audit Plan,Inspection Of Admin WorkShop,Admin WorkShop,Immediately install a replacement cover on the electrical panel to protect the live electrical wires and prevent potential electrical hazards. Ensure all electrical panels are properly secured and maintained to guarantee a safe working environment.,High,ESD,Adeel Siddiqui  ,Q2 2025,Done,
94,05/05/2025,May,Abdullah Ilyas,Critical / Specialist Audit Plan,Inspection Of Admin WorkShop,Admin WorkShop,"Conduct thorough housekeeping to immediately clean up the sawdust, and implement regular cleaning schedules to prevent accumulation. Utilize proper ventilation and personal protective equipment (PPE) such as masks to minimize exposure and prevent respiratory issues. Consider installing dust collection systems or extraction units to reduce airborne sawdust.",Low,ADM IR & HR,Shahid Bashir,Q2 2025,Done,
95,05/05/2025,May,Abdullah Ilyas,Critical / Specialist Audit Plan,Inspection Of Admin WorkShop,Admin WorkShop,"Ensure that operators wear proper Personal Protective Equipment (PPE), including gloves, safety glasses, and protective clothing, when using the electrical grinder to minimize the risk of injury from sharp edges. Consider modifying or smoothing the edges if possible, and conduct regular inspections to maintain equipment safety.",Low,ADM IR & HR,Shahid Bashir,Q2 2025,Done,
96,05/05/2025,May,Abdullah Ilyas,Critical / Specialist Audit Plan,Inspection Of Admin WorkShop,Admin WorkShop,"Install exhaust fans or other ventilation systems, such as roof vents or air circulation systems, to improve airflow and reduce heat buildup in the admin Workshop. Consider additional measures such as:
- Insulating the roof to reduce heat gain.
- Installing shading devices, like awnings or shades, to block direct sunlight
- Conducting regular maintenance to ensure optimal performance of ventilation systems
This will help create a safer, healthier, and more productive working environment for employees.",Medium,ADM IR & HR,Shahid Bashir,Q2 2025,Done,
97,05/05/2025,May,Abdullah Ilyas,Critical / Specialist Audit Plan,Inspection Of Admin WorkShop,Admin WorkShop,"Immediately inspect and reinforce the welding joint to ensure it can securely hold the weight and vibration of the fan. Consider:
- Re-welding the joint with proper technique and materials.
- Replacing the metal rod or fan mounting system with a more robust design.
- Regularly inspecting and maintaining the fan and its suspension system to prevent accidents.",High,ADM IR & HR,Shahid Bashir,Q2 2025,Done,
98,05/05/2025,May,Abdullah Ilyas,Critical / Specialist Audit Plan,Inspection Of Admin WorkShop,Admin WorkShop,"Immediately replace the wire suspensions with proper mounting fixtures, such as brackets or clips, specifically designed for tube lights. Ensure:
- Secure and stable installation to prevent lights from falling.
- Compliance with electrical safety standards and regulations.
- Regular inspections and maintenance to guarantee the integrity of lighting installations.",Medium,ESD,Adeel Siddiqui  ,Q2 2025,Done,
99,05/05/2025,May,Abdullah Ilyas,Critical / Specialist Audit Plan,Inspection Of Admin WorkShop,Admin WorkShop,"Organize and store materials in designated areas, ensuring clear and safe pathways throughout the workshop. Implement proper storage solutions, to:
- Prevent materials from obstructing walkways.
- Reduce the risk of injuries from sharp edges.
- Improve overall workshop organization and efficiency.
- Conduct regular housekeeping and inspections to maintain a safe working environment.",Medium,ADM IR & HR,Shahid Bashir,Q2 2025,Done,
100,05/05/2025,May,Abdullah Ilyas,Critical / Specialist Audit Plan,Inspection Of Admin WorkShop,Admin WorkShop,"Immediate repairs or replacement of the roof is necessary to ensure a safe working environment. A thorough structural assessment should be conducted to determine the extent of the damage, and rusted sections or the entire roof structure should be replaced if necessary. This will help prevent accidents, ensure business continuity, and provide a safe working environment for employees.",Medium,ADM IR & HR,Shahid Bashir,Q2 2025,Pending,
101,05/05/2025,May,Abdullah Ilyas,Critical / Specialist Audit Plan,Inspection Of Admin WorkShop,Admin WorkShop,"Apply plaster to all walls to create a smooth surface, eliminating hazards and improving the workshop's appearance and durability. Regular maintenance and inspections should follow to ensure the plaster remains in good condition.",Low,ADM IR & HR,Shahid Bashir,Q2 2025,Pending,
102,05/05/2025,May,Abdullah Ilyas,Critical / Specialist Audit Plan,Inspection Of Admin WorkShop,Admin WorkShop,"Consider replacing the metal roof with a more suitable material or applying a reflective coating to reduce heat absorption. Regular maintenance and inspections should be conducted to address the rust issue and prevent further deterioration. Additionally, providing shading, ventilation, or cooling systems can help mitigate the heat inside the workshop.",Low,ADM IR & HR,Shahid Bashir,Q2 2025,Pending,
103,05/05/2025,May,Abdullah Ilyas,Critical / Specialist Audit Plan,Inspection Of Admin WorkShop,Admin WorkShop,"Level and repair the floor to create a smooth, even surface. Regular inspections should be conducted to identify and address any potential hazards, ensuring a safe working environment for all workers.",Low,ADM IR & HR,Shahid Bashir,Q2 2025,Pending,
104,05/05/2025,May,Abdullah Ilyas,Critical / Specialist Audit Plan,Inspection Of Admin WorkShop,Admin WorkShop,Replace all unsafe connections with industrial-grade receptacles. Get the system checked by a certified electrician and train workers on electrical safety.,Medium,ADM IR & HR,Shahid Bashir,Q2 2025,Done,
105,05/05/2025,May,Abdullah Ilyas,Critical / Specialist Audit Plan,Inspection Of Admin WorkShop,Admin WorkShop,"Ensure proper insulation and electrical protection for both machines by:
- Inspecting and repairing or replacing damaged or worn-out insulation
- Installing protective covers or guards to prevent accidental contact with electrical components
- Regularly maintaining and testing equipment to prevent electrical hazards
- Providing training to operators on electrical safety and proper equipment usage.",High,ESD,Adeel Siddiqui  ,Q2 2025,Pending,
106,05/05/2025,May,Abdullah Ilyas,Critical / Specialist Audit Plan,Inspection Of Admin WorkShop,Admin WorkShop,"Adjust or replace the safety cover to ensure a proper fit, and:
- Regularly inspect and maintain the cover to prevent damage or wear
- Provide training to operators on the importance of safety covers and proper machine usage.
",Medium,ADM IR & HR,Shahid Bashir,Q2 2025,Pending,
107,05/05/2025,May,Abdullah Ilyas,Critical / Specialist Audit Plan,Inspection Of Admin WorkShop,Admin WorkShop,"Regularly inspect the electrical board and its components to ensure they remain in good working condition, and consider implementing a maintenance schedule to prevent potential electrical hazards.",Medium,ESD,Adeel Siddiqui  ,Q2 2025,WIP,
108,05/05/2025,May,Abdullah Ilyas,Critical / Specialist Audit Plan,Inspection Of Admin WorkShop,Admin WorkShop,"Organize the scrap materials by:
- Designating specific storage areas
- Implementing proper labeling and signage
- Creating clear pathways for safe movement
- Disposing of unnecessary scrap materials
- Providing training on proper storage and housekeeping practices to prevent accidents and injuries.",Low,ADM IR & HR,Shahid Bashir,Q2 2025,Pending,
109,05/05/2025,May,Abdullah Ilyas,Critical / Specialist Audit Plan,Inspection Of Admin WorkShop,Admin WorkShop,"Clear the walkways by:
- Storing pallets and wood materials in designated areas.
- Organizing materials to prevent overcrowding.
- Implementing housekeeping practices to maintain clear and safe walkways.
- Ensuring proper signage and warnings in areas where materials are stored.",Low,ADM IR & HR,Shahid Bashir,Q2 2025,Pending,
110,05/05/2025,May,Abdullah Ilyas,Critical / Specialist Audit Plan,Inspection Of Admin WorkShop,Admin WorkShop,"The damaged fan blade should be replaced or repaired to ensure balanced operation and safe, efficient airflow. Regular maintenance and inspection of fans should also be conducted to prevent similar issues in the future.",Medium,ESD,Adeel Siddiqui  ,Q2 2025,Done,
111,05/05/2025,May,Abdullah Ilyas,Critical / Specialist Audit Plan,Inspection Of Admin WorkShop,Admin WorkShop,"Install a dedicated cabinet for storing PPEs to ensure easy access, organization, and protection. This will help maintain compliance with safety regulations and encourage workers to use PPEs consistently. The cabinet should be conveniently located and well-maintained to support a safe working environment.",Low,HSE,Naveed Taqvi,Q2 2025,Done,
112,05/05/2025,May,Abdullah Ilyas,Critical / Specialist Audit Plan,Inspection Of Admin WorkShop,Admin WorkShop,"Ensure mandatory PPE usage for all high-risk tasks. Display PPE rules, conduct training, and assign supervisors to strictly monitor compliance.",High,HSE,Naveed Taqvi,Q2 2025,Done,
113,05/05/2025,May,Abdullah Ilyas,Critical / Specialist Audit Plan,Inspection Of Admin WorkShop,Admin WorkShop,Display clear and relevant SOPs at all workstations. Provide copies to supervisors and conduct regular safety briefings to reinforce procedures.,Low,ADM IR & HR,Shahid Bashir,Q2 2025,Pending,
114,14/04/2025,April,Abdullah Ilyas,Critical / Specialist Audit Plan,Inspection Of Line 11 Cutting And Mixing Area,Line 11 Cutting And Mixing Area,Install a safety cover to cover the exposed area of the dough hopper. ,High,ESD,Adeel Siddiqui  ,To be Decided,WIP,
115,14/04/2025,April,Abdullah Ilyas,Critical / Specialist Audit Plan,Inspection Of Line 11 Cutting And Mixing Area,Line 11 Cutting And Mixing Area,Ensure that all covers are securely fastened to prevent accidental removal or dislodging during operation. ,Medium,ESD,Hammad Ali Khan,To be Decided,WIP,
116,14/04/2025,April,Abdullah Ilyas,Critical / Specialist Audit Plan,Inspection Of Line 11 Cutting And Mixing Area,Line 11 Cutting And Mixing Area,Train operators and maintenance personal on the importance of keeping safety covers in place and immediately reporting any damage or missing components.,Low,PRD,Hammad Ali Khan,To be Decided,Done,
117,14/04/2025,April,Abdullah Ilyas,Critical / Specialist Audit Plan,Inspection Of Line 11 Cutting And Mixing Area,Line 11 Cutting And Mixing Area,Install a pneumatic jack cover to ensure that the pneumatic components are properly enclosed. ,High,PRD,Hammad Ali Khan,To be Decided,Done,
118,14/04/2025,April,Abdullah Ilyas,Critical / Specialist Audit Plan,Inspection Of Line 11 Cutting And Mixing Area,Line 11 Cutting And Mixing Area,"Implement regular check to ensure all covers , safety guards, and protective components are in place and in good condition.",Low,ESD,Adeel Siddiqui  ,To be Decided,Done,
119,14/04/2025,April,Abdullah Ilyas,Critical / Specialist Audit Plan,Inspection Of Line 11 Cutting And Mixing Area,Line 11 Cutting And Mixing Area,"Immediately repair the non-functional emergency stop button to ensure it works correctly and stop the dough hopper instantly when activated.
",High,ESD,Adeel Siddiqui  ,To be Decided,Done,
120,14/04/2025,April,Abdullah Ilyas,Critical / Specialist Audit Plan,Inspection Of Line 11 Cutting And Mixing Area,Line 11 Cutting And Mixing Area,Implement a routine inspection schedule for all emergency stop buttons and safety devices to ensure they remain in good working condition.,Medium,HSE,Naveed Taqvi,To be Decided,Done,
121,14/04/2025,April,Abdullah Ilyas,Critical / Specialist Audit Plan,Inspection Of Line 11 Cutting And Mixing Area,Line 11 Cutting And Mixing Area,Perform routine inspection to ensure buttons are functioning properly.,Low,PRD,Hammad Ali Khan,To be Decided,Done,
122,14/04/2025,April,Abdullah Ilyas,Critical / Specialist Audit Plan,Inspection Of Line 11 Cutting And Mixing Area,Line 11 Cutting And Mixing Area,Develop and enforce LOTO procedures to prevent accidental equipment startup.,Low,PRD,Hammad Ali Khan,To be Decided,Pending,
123,14/04/2025,April,Abdullah Ilyas,Critical / Specialist Audit Plan,Inspection Of Line 11 Cutting And Mixing Area,Line 11 Cutting And Mixing Area,Perform regular safety audits to identify potential hazards and implement corrective actions.,Low,HSE,Naveed Taqvi,To be Decided,Done,
124,14/04/2025,April,Abdullah Ilyas,Critical / Specialist Audit Plan,Inspection Of Line 11 Cutting And Mixing Area,Line 11 Cutting And Mixing Area,"
Implement a routine inspection schedule for all emergency stop buttons and Selector buttons and safety devices to ensure they remain in good working condition.
",Low,PRD,Hammad Ali Khan,To be Decided,Done,
125,14/04/2025,April,Abdullah Ilyas,Critical / Specialist Audit Plan,Inspection Of Line 11 Cutting And Mixing Area,Line 11 Cutting And Mixing Area,"Install motion  detector  sensor as soon as possible.
",High,ESD,Adeel Siddiqui  ,To be Decided,Pending,
126,14/04/2025,April,Abdullah Ilyas,Critical / Specialist Audit Plan,Inspection Of Line 11 Cutting And Mixing Area,Line 11 Cutting And Mixing Area,Provide training to operators and maintenance personnel on the safe operation and maintenance of the dough lifter unit.,Medium,HSE,Naveed Taqvi,To be Decided,Done,
127,14/04/2025,April,Abdullah Ilyas,Critical / Specialist Audit Plan,Inspection Of Line 11 Cutting And Mixing Area,Line 11 Cutting And Mixing Area,"Grind and properly fix the cover to prevent injuries.
",Medium,PRD,Hammad Ali Khan,To be Decided,Done,
128,14/04/2025,April,Abdullah Ilyas,Critical / Specialist Audit Plan,Inspection Of Line 11 Cutting And Mixing Area,Line 11 Cutting And Mixing Area,Ensure all workers in the area are aware of the hazard and take necessary precautions.,Low,PRD,Hammad Ali Khan,To be Decided,Done,
129,14/04/2025,April,Abdullah Ilyas,Critical / Specialist Audit Plan,Inspection Of Line 11 Cutting And Mixing Area,Line 11 Cutting And Mixing Area,Inspect and close the panel door carefully and properly route the wire without damaging.,Medium,ESD,Adeel Siddiqui  ,To be Decided,Done,
130,14/04/2025,April,Abdullah Ilyas,Critical / Specialist Audit Plan,Inspection Of Line 11 Cutting And Mixing Area,Line 11 Cutting And Mixing Area,Remove the metal chain from the bag and secure it properly to prevent it from falling or becoming dislodged.,High,PRD,Hammad Ali Khan,To be Decided,Done,
131,14/04/2025,April,Abdullah Ilyas,Critical / Specialist Audit Plan,Inspection Of Line 11 Cutting And Mixing Area,Line 11 Cutting And Mixing Area,Train workers on the safe handling and storage of metal chains and other equipment.,Medium,HSE,Naveed Taqvi,To be Decided,Done,
132,14/04/2025,April,Abdullah Ilyas,Critical / Specialist Audit Plan,Inspection Of Line 11 Cutting And Mixing Area,Line 11 Cutting And Mixing Area,Immediately repair the non-functional emergency stop button to ensure it works correctly and stop the dough hopper instantly when activated.,High,ESD,Adeel Siddiqui  ,To be Decided,Done,
133,14/04/2025,April,Abdullah Ilyas,Critical / Specialist Audit Plan,Inspection Of Line 11 Cutting And Mixing Area,Line 11 Cutting And Mixing Area,Implement a routine inspection schedule for all emergency stop buttons and safety devices to ensure they remain in good working condition.,Low,HSE,Naveed Taqvi,To be Decided,Done,
134,14/04/2025,April,Abdullah Ilyas,Critical / Specialist Audit Plan,Inspection Of Line 11 Cutting And Mixing Area,Line 11 Cutting And Mixing Area,"Repair or replace the damaged handle of the zone barrier. 
",Medium,PRD,Hammad Ali Khan,To be Decided,Done,
135,14/04/2025,April,Abdullah Ilyas,Critical / Specialist Audit Plan,Inspection Of Line 11 Cutting And Mixing Area,Line 11 Cutting And Mixing Area,Inspect the gate mechanism to ensure that all components are functioning correctly.,Medium,PRD,Hammad Ali Khan,To be Decided,Done,
136,14/04/2025,April,Abdullah Ilyas,Critical / Specialist Audit Plan,Inspection Of Line 11 Cutting And Mixing Area,Line 11 Cutting And Mixing Area,Immediately separate the water pipe from the electrical wire to prevent any potential electrical shock.,High,PRD,Hammad Ali Khan,To be Decided,Done,
137,14/04/2025,April,Abdullah Ilyas,Critical / Specialist Audit Plan,Inspection Of Line 11 Cutting And Mixing Area,Line 11 Cutting And Mixing Area,Inspect the electrical panel and surrounding area to ensure that there are no other potential electrical hazards.,Medium,ESD,Adeel Siddiqui  ,To be Decided,Done,
138,14/04/2025,April,Abdullah Ilyas,Critical / Specialist Audit Plan,Inspection Of Line 11 Cutting And Mixing Area,Line 11 Cutting And Mixing Area,"Immediately secure the metal plate to the ground using proper fasteners.
",Medium,PRD,Hammad Ali Khan,To be Decided,Done,
139,14/04/2025,April,Abdullah Ilyas,Critical / Specialist Audit Plan,Inspection Of Line 11 Cutting And Mixing Area,Line 11 Cutting And Mixing Area,Provide training to workers on slip/trip hazards and the importance of maintaining a clean and organized work environment.,Medium,HSE,Naveed Taqvi,To be Decided,Done,
140,14/04/2025,April,Abdullah Ilyas,Critical / Specialist Audit Plan,Inspection Of Line 11 Cutting And Mixing Area,Line 11 Cutting And Mixing Area,"Immediately repair/replace the non-functional limit switches.
",High,ESD,Adeel Siddiqui  ,To be Decided,Done,
141,14/04/2025,April,Abdullah Ilyas,Critical / Specialist Audit Plan,Inspection Of Line 11 Cutting And Mixing Area,Line 11 Cutting And Mixing Area,Ensure all safety devices of the mixing machines are functioning correctly.,High,PRD,Hammad Ali Khan,To be Decided,Done,
142,14/04/2025,April,Abdullah Ilyas,Critical / Specialist Audit Plan,Inspection Of Line 11 Cutting And Mixing Area,Line 11 Cutting And Mixing Area,Ensure all safety devices of the mixing machines are functioning correctly.,Medium,PRD,Hammad Ali Khan,To be Decided,Done,
143,14/04/2025,April,Abdullah Ilyas,Critical / Specialist Audit Plan,Inspection Of Line 11 Cutting And Mixing Area,Line 11 Cutting And Mixing Area,Install a proper cooling system to prevent overheating of electrical components.,High,ESD,Adeel Siddiqui  ,To be Decided,Done,
144,14/04/2025,April,Abdullah Ilyas,Critical / Specialist Audit Plan,Inspection Of Line 11 Cutting And Mixing Area,Line 11 Cutting And Mixing Area,Close and secure the main DB panel door to prevent exposure of electrical circuits and wiring.,High,ESD,Adeel Siddiqui  ,To be Decided,Done,
145,14/04/2025,April,Abdullah Ilyas,Critical / Specialist Audit Plan,Inspection Of Line 11 Cutting And Mixing Area,Line 11 Cutting And Mixing Area,"Repair or replace the damaged locks to secure the side covers. 
",High,PRD,Hammad Ali Khan,To be Decided,Done,
146,14/04/2025,April,Abdullah Ilyas,Critical / Specialist Audit Plan,Inspection Of Line 11 Cutting And Mixing Area,Line 11 Cutting And Mixing Area,Inspect the mixing machines to ensure all safety features are functioning properly.,Medium,PRD,Hammad Ali Khan,To be Decided,Done,
147,14/04/2025,April,Abdullah Ilyas,Critical / Specialist Audit Plan,Inspection Of Line 11 Cutting And Mixing Area,Line 11 Cutting And Mixing Area,"Review the safety guidelines every 6 months to ensure they remain relevant and effective.
",Low,HSE,Naveed Taqvi,To be Decided,Done,
148,14/04/2025,April,Abdullah Ilyas,Critical / Specialist Audit Plan,Inspection Of Line 11 Cutting And Mixing Area,Line 11 Cutting And Mixing Area,"Update guidelines to reflect changes in equipment, processes, or regulations.",Medium,HSE,Naveed Taqvi,To be Decided,Done,
149,14/04/2025,April,Abdullah Ilyas,Critical / Specialist Audit Plan,Inspection Of Line 11 Cutting And Mixing Area,Line 11 Cutting And Mixing Area,The fire extinguisher must be inspected monthly and maintained annually by certified personnel to ensure its functionality.,Medium,HSE,Naveed Taqvi,To be Decided,Done,
150,14/04/2025,April,Abdullah Ilyas,Critical / Specialist Audit Plan,Inspection Of Line 11 Cutting And Mixing Area,Line 11 Cutting And Mixing Area,Immediately install the missing back grill to prevent accidents and ensure compliance with safety regulations.,Medium,PRD,Hammad Ali Khan,To be Decided,Done,
151,14/04/2025,April,Abdullah Ilyas,Critical / Specialist Audit Plan,Inspection Of Line 11 Cutting And Mixing Area,Line 11 Cutting And Mixing Area,Inspect the mixing machine to ensure all safety features are intact and functioning properly.,Low,PRD,Hammad Ali Khan,To be Decided,Done,
152,14/04/2025,April,Abdullah Ilyas,Critical / Specialist Audit Plan,Inspection Of Line 11 Cutting And Mixing Area,Line 11 Cutting And Mixing Area,"Install clear, and standardized floor markings to define walkways and work zones.",Medium,ADM IR & HR,Shahid Bashir,To be Decided,Pending,
153,14/04/2025,April,Abdullah Ilyas,Critical / Specialist Audit Plan,Inspection Of Line 11 Cutting And Mixing Area,Line 11 Cutting And Mixing Area,Ensure floor markings are maintained and updated regularly.,Low,ADM IR & HR,Shahid Bashir,To be Decided,Done,
154,05/05/2025,May,Safiullah,Critical / Specialist Audit Plan,Inspection Of Line-1 Creaming and TFT,Line-1 Creaming and TFT,"The emergency stop button should be repaired immediately.
 Routine functional checks of all emergency stop systems should be incorporated into the preventive maintenance schedule.",High,ESD,Adeel Siddiqui  ,To be Decided,Done,
155,05/05/2025,May,Safiullah,Critical / Specialist Audit Plan,Inspection Of Line-1 Creaming and TFT,Line-1 Creaming and TFT,The limit switch should be immediately repaired. A strick policy should be implemented to prevent the bypassing of safety interlocks.,High,PRD,Hammad Ali Khan,To be Decided,Done,
156,05/05/2025,May,Safiullah,Critical / Specialist Audit Plan,Inspection Of Line-1 Creaming and TFT,Line-1 Creaming and TFT,The workers working there should use earplugs to avoid any hearing problem.,Medium,PRD,Hammad Ali Khan,To be Decided,Done,
157,05/05/2025,May,Safiullah,Critical / Specialist Audit Plan,Inspection Of Line-1 Creaming and TFT,Line-1 Creaming and TFT,"The source of the leak should be 
identified and repaired immediately. All spilled should be cleanup, and preventive maintenance checks should be schedule to avoid future leakage. ",Medium,PRD,Hammad Ali Khan,To be Decided,Done,
158,05/05/2025,May,Safiullah,Critical / Specialist Audit Plan,Inspection Of Line-1 Creaming and TFT,Line-1 Creaming and TFT,"The line support should be installed , and nut bolts should be fixed to ensure stability, ensure proper hold of the line during line changover and maintenance.",Medium,PRD,Hammad Ali Khan,To be Decided,Done,
159,05/05/2025,May,Safiullah,Critical / Specialist Audit Plan,Inspection Of Line-1 Creaming and TFT,Line-1 Creaming and TFT,Ensure leakage should properly be closed and proper cleaning will be carried to ensure working place neat and clean.,Medium,PRD,Hammad Ali Khan,To be Decided,Done,
160,05/05/2025,May,Safiullah,Critical / Specialist Audit Plan,Inspection Of Line-1 Creaming and TFT,Line-1 Creaming and TFT,"The selector button should be repaired immediately.
 Routine functional checks of all selector stop systems should be incorporated into the preventive maintenance schedule.",High,ESD,Adeel Siddiqui  ,To be Decided,Done,
161,05/05/2025,May,Safiullah,Critical / Specialist Audit Plan,Inspection Of Line-1 Creaming and TFT,Line-1 Creaming and TFT,"The DB panel's locking mechanism 
should be repaired or replaced to ensure it remains securely closed.",High,ESD,Adeel Siddiqui  ,To be Decided,Done,
162,05/05/2025,May,Safiullah,Critical / Specialist Audit Plan,Inspection Of Line-1 Creaming and TFT,Line-1 Creaming and TFT,"To ensure safety and prevent incidents , its crucial to properly repair the leakage, provide workers appropriate gloves and install safety signs indicating hot surface.",High,PRD,Hammad Ali Khan,To be Decided,Done,
163,05/05/2025,May,Safiullah,Critical / Specialist Audit Plan,Inspection Of Line-1 Creaming and TFT,Line-1 Creaming and TFT,"Need to install a safety cover 
to ensure that all moving parts are fully covered.",High,ESD,Adeel Siddiqui  ,To be Decided,WIP,
164,05/05/2025,May,Safiullah,Critical / Specialist Audit Plan,Inspection Of Line-1 Creaming and TFT,Line-1 Creaming and TFT,"The damaged wiring should be replaced immediately, to ensure proper safety compliance and cleaning should be properly done in every shift.",High,ESD,Adeel Siddiqui  ,To be Decided,Done,
165,05/05/2025,May,Safiullah,Critical / Specialist Audit Plan,Inspection Of Line-1 Creaming and TFT,Line-1 Creaming and TFT,Need to install a proper cover from all sides to prevent workers from any crushes and pinching from the chain.,Medium,ESD,Adeel Siddiqui  ,To be Decided,WIP,
166,05/05/2025,May,Safiullah,Critical / Specialist Audit Plan,Inspection Of Line-1 Creaming and TFT,Line-1 Creaming and TFT,Ensure proper drain line should be installed for drain purpose and all the walking track should be free from any thing which cretas tripping hazzard.,Medium,ADM IR & HR,Shahid Bashir,To be Decided,Pending,
167,05/05/2025,May,Safiullah,Critical / Specialist Audit Plan,Inspection Of Line-1 Creaming and TFT,Line-1 Creaming and TFT,"A Proper protective cover should be 
installed over the stacker comb to avoid accidental contact with moving parts of comb.",High,ESD,Adeel Siddiqui  ,Q3 2026,WIP,
168,05/05/2025,May,Safiullah,Critical / Specialist Audit Plan,Inspection Of Line-1 Creaming and TFT,Line-1 Creaming and TFT,"Ensure that the interlocking system is in working condition , the machine stops immediately when the cover is opened. This cover should be securely fastened when in use.",High,ESD,Adeel Siddiqui  ,Q3 2026,Done,
169,05/05/2025,May,Safiullah,Critical / Specialist Audit Plan,Inspection Of Line-1 Creaming and TFT,Line-1 Creaming and TFT,The railing should be installed to avoid from falling hazzard.Railing is being used for support and from falling.,High,PRD,Hammad Ali Khan,To be Decided,Pending,
170,15/04/2025,April,Mubashir Mustafa,Critical / Specialist Audit Plan,Inspection Of Brown Sugar Grinding Area,Brown Sugar Grinding Area,"A dedicated emergency exit route should be provided immediately. And, regular emergency drills should be conducted to ensure workers are prepared for emergency situations.",High,HSE,Naveed Taqvi,Q2 2025,Done,
171,15/04/2025,April,Mubashir Mustafa,Critical / Specialist Audit Plan,Inspection Of Brown Sugar Grinding Area,Brown Sugar Grinding Area,Regular cleaning and maintenance of the control panel should be conducted to prevent dust accumulation.,Low,ESD,Adeel Siddiqui  ,Q2 2025,Done,
172,15/04/2025,April,Mubashir Mustafa,Critical / Specialist Audit Plan,Inspection Of Brown Sugar Grinding Area,Brown Sugar Grinding Area,Missing cable tray covers should be installed immediately to avoid electrical hazards.,High,ESD,Adeel Siddiqui  ,Q2 2025,Done,
173,15/04/2025,April,Mubashir Mustafa,Critical / Specialist Audit Plan,Inspection Of Brown Sugar Grinding Area,Brown Sugar Grinding Area,"Proper Stacking procedures should be enforced 
with clearly defined height limits. Stable storage racks must be used to prevent bag collapse. Workers should be trained in safe stacking techniques to avoid accidents.",Medium,Stores,Muhammad Sheeraz Khan,Q2 2025,Pending,
174,15/04/2025,April,Mubashir Mustafa,Critical / Specialist Audit Plan,Inspection Of Brown Sugar Grinding Area,Brown Sugar Grinding Area,"Immediate repair should be carried out to fix
damaged floors and walls. A regular maintenance schedule must be implemented to prevent further degradation and ensure structural safety",Medium,PRJ,Khurram Raza,Q2 2025,Pending,
175,15/04/2025,April,Mubashir Mustafa,Critical / Specialist Audit Plan,Inspection Of Brown Sugar Grinding Area,Brown Sugar Grinding Area,"Both rusted doors should be repaired.
New handles must be installed, and regular lubrication should be perfromed to ensure smooth operation, especially in emergency situations.",Medium,ADM IR & HR,Shahid Bashir,Q2 2025,Pending,
176,15/04/2025,April,Mubashir Mustafa,Critical / Specialist Audit Plan,Inspection Of Brown Sugar Grinding Area,Brown Sugar Grinding Area,"The belt cover should be installed immediately
to enclose the moving parts. Routine inspection must be conducted to ensure all machine safety covers remain intact.",High,ESD,Adeel Siddiqui  ,Q2 2025,WIP,
177,15/04/2025,April,Mubashir Mustafa,Critical / Specialist Audit Plan,Inspection Of Brown Sugar Grinding Area,Brown Sugar Grinding Area,"Metal mesh should be properly fixed to
prevent injury, any sharp edges should be covered or smoothed out to eliminate injury risks",High,ADM IR & HR,Shahid Bashir,Q2 2025,Pending,
178,15/04/2025,April,Mubashir Mustafa,Critical / Specialist Audit Plan,Inspection Of Brown Sugar Grinding Area,Brown Sugar Grinding Area,"A new kick plate should be
installed to eliminate tripping hazards. The fllor near the door should also be chechked for any unven surfaces that might contribute to falls.",Medium,ADM IR & HR,Shahid Bashir,Q2 2025,Pending,
179,15/04/2025,April,Mubashir Mustafa,Critical / Specialist Audit Plan,Inspection Of Brown Sugar Grinding Area,Brown Sugar Grinding Area,"The existing exhaust fans should be 
replaced with high-capacity ventilation units. Additional fans may be required to ensure proper air circulation and dust control",Medium,Stores,Muhammad Sheeraz Khan,Q2 2025,Done,
180,15/04/2025,April,Mubashir Mustafa,Critical / Specialist Audit Plan,Inspection Of Brown Sugar Grinding Area,Brown Sugar Grinding Area,"Need to conduct an urgent structural assessment and reinforce or replace weak TR support.
Repair damaged floors, walls, and roof to prevent further deterioration.
Improve draining and waterproofing to stop water seepage and corrosion.
Install additional structural supports to enhance stability and prevent structure collapse.
",Low,PRJ,Khurram Raza,Q2 2025,Pending,
181,15/04/2025,April,Mubashir Mustafa,Critical / Specialist Audit Plan,Inspection Of Brown Sugar Grinding Area,Brown Sugar Grinding Area,"Additional lighting should be installed
to meet the required illumination standards. A periodic check on light intensity should be performed to ensure consistent lighting conditions.",Low,ESD,Adeel Siddiqui  ,Q2 2025,Pending,
182,15/04/2025,April,Mubashir Mustafa,Critical / Specialist Audit Plan,Inspection Of Brown Sugar Grinding Area,Brown Sugar Grinding Area,"The damaged wiring should be replaced. 
A proper enclosed should be provided to prevent wet brown sugar from coming into contact with electrical components.",High,ESD,Adeel Siddiqui  ,Q2 2025,Done,
183,15/04/2025,April,Mubashir Mustafa,Critical / Specialist Audit Plan,Inspection Of Brown Sugar Grinding Area,Brown Sugar Grinding Area,"A proper mechanical crushing system should
be introduced to replace manual hammering. Workers should be provided with personal protective equipment (PPE)",Medium,Stores,Muhammad Sheeraz Khan,Q2 2025,Pending,
184,15/04/2025,April,Mubashir Mustafa,Critical / Specialist Audit Plan,Inspection Of Brown Sugar Grinding Area,Brown Sugar Grinding Area,"The telecom system should be repaired, 
and loose wiring should be secured properly. A regular maintenance check should be implemented to ensure the communication system remains functional.",Medium,Stores,Muhammad Sheeraz Khan,Q2 2025,Done,
185,15/04/2025,April,Mubashir Mustafa,Critical / Specialist Audit Plan,Inspection Of Brown Sugar Grinding Area,Brown Sugar Grinding Area,"All platfroms should be properly earthed
to prevent electrical shocks. A periodic electrical safety inspection should be conducted to ensure compliance with safety standards.",High,ESD,Adeel Siddiqui  ,Q2 2025,Pending,
186,05/05/2025,May,Safiullah,Critical / Specialist Audit Plan,Inspection of Eye Wash and Safety Shower,Eye Wash and Safety Shower,Water is not availble. Ensure Proper inspection and water availbilty is necessory,Medium,ESD,Adeel Siddiqui  ,Q3 2026,Done,
187,05/05/2025,May,Safiullah,Critical / Specialist Audit Plan,Inspection of Eye Wash and Safety Shower,Eye Wash and Safety Shower,No any inspection is being  done. Weekly/Monthly inspection should be done and checklist will be available.,Medium,HSE,Naveed Taqvi,Q3 2026,Done,
188,05/05/2025,May,Safiullah,Critical / Specialist Audit Plan,Inspection of Eye Wash and Safety Shower,Eye Wash and Safety Shower,No any inspection is being  done. Weekly/Monthly inspection should be done ,Medium,HSE,Naveed Taqvi,Q3 2026,Done,
189,05/05/2025,May,Safiullah,Critical / Specialist Audit Plan,Inspection of Eye Wash and Safety Shower,Eye Wash and Safety Shower,No any instructions are displayed.  Sign of usage should be available,Low,QC/NPD/FS,Asad Muhammad Abbasi,Q3 2026,Done,
190,15/04/2025,April,Abdullah Ilyas,Critical / Specialist Audit Plan,Inspection of Line 8 Oven & Cutting,Line 08 Cutting And Oven Area,Install a side cover to cover the exposed area above the dough hopper. ,High,ESD,Adeel Siddiqui  ,Q3 2026,Pending,
191,15/04/2025,April,Abdullah Ilyas,Critical / Specialist Audit Plan,Inspection of Line 8 Oven & Cutting,Line 08 Cutting And Oven Area,Ensure that all covers are securely fastened to prevent accidental removal or dislodging during operation. ,Medium,ESD,Adeel Siddiqui  ,Q3 2026,WIP,
192,15/04/2025,April,Abdullah Ilyas,Critical / Specialist Audit Plan,Inspection of Line 8 Oven & Cutting,Line 08 Cutting And Oven Area,Train operators and maintenance personal on the importance of keeping safety covers in place and immediately reporting any damage or missing components.,Low,HSE,Naveed Taqvi,Q3 2026,Done,
193,15/04/2025,April,Abdullah Ilyas,Critical / Specialist Audit Plan,Inspection of Line 8 Oven & Cutting,Line 08 Cutting And Oven Area,Install a pneumatic jack cover to ensure that the pneumatic components are properly enclosed. ,High,ESD,Adeel Siddiqui  ,Q3 2026,WIP,
194,15/04/2025,April,Abdullah Ilyas,Critical / Specialist Audit Plan,Inspection of Line 8 Oven & Cutting,Line 08 Cutting And Oven Area,"Implement regular check to ensure all covers , safety guards, and protective components are in place and in good condition.",Low,ESD,Adeel Siddiqui  ,Q3 2026,Done,
195,15/04/2025,April,Abdullah Ilyas,Critical / Specialist Audit Plan,Inspection of Line 8 Oven & Cutting,Line 08 Cutting And Oven Area,"Immediately reinstall the cover of the roller motors, ensuring they are properly aligned and securely fastened to prevent exposure to internal components.",High,ESD,Adeel Siddiqui  ,Q3 2026,Pending,
196,15/04/2025,April,Abdullah Ilyas,Critical / Specialist Audit Plan,Inspection of Line 8 Oven & Cutting,Line 08 Cutting And Oven Area,"Check that covers fit correctly and securely with no gaps or loose parts, to prevent accidental removal or displacement during operation.",Medium,ESD,Adeel Siddiqui  ,Q3 2026,Pending,
197,15/04/2025,April,Abdullah Ilyas,Critical / Specialist Audit Plan,Inspection of Line 8 Oven & Cutting,Line 08 Cutting And Oven Area,Verify that the motors are properly aligned and there are no misalignments caused by the improperly fixed covers.,Medium,ESD,Adeel Siddiqui  ,Q3 2026,Pending,
198,15/04/2025,April,Abdullah Ilyas,Critical / Specialist Audit Plan,Inspection of Line 8 Oven & Cutting,Line 08 Cutting And Oven Area,"Integrate regular maintenance checks, to ensure that all motor covers, safety devices and equipment are in good condition and properly secured.",Low,ESD,Adeel Siddiqui  ,Q3 2026,Pending,
199,15/04/2025,April,Abdullah Ilyas,Critical / Specialist Audit Plan,Inspection of Line 8 Oven & Cutting,Line 08 Cutting And Oven Area,Securely route the cables along the designated cable trays or channels to avoid and tangling or obstruction. Ensure cables are kept away from the floor to prevent tripping hazards.,High,ESD,Adeel Siddiqui  ,Q3 2026,Done,
200,15/04/2025,April,Abdullah Ilyas,Critical / Specialist Audit Plan,Inspection of Line 8 Oven & Cutting,Line 08 Cutting And Oven Area,Use cable ties or clips to secure cables and prevent them from hanging  loosely or getting caught  in moving parts.,High,ESD,Adeel Siddiqui  ,Q3 2026,Done,
201,15/04/2025,April,Abdullah Ilyas,Critical / Specialist Audit Plan,Inspection of Line 8 Oven & Cutting,Line 08 Cutting And Oven Area,There is need to install the cover around the rotating part of motor to avoid hand in machine incident.,High,ESD,Adeel Siddiqui  ,Q3 2026,Done,
202,15/04/2025,April,Abdullah Ilyas,Critical / Specialist Audit Plan,Inspection of Line 8 Oven & Cutting,Line 08 Cutting And Oven Area,Immediately repair the damage emergency stop button to ensure it works correctly and stop the dough hopper instantly when activated.,High,ESD,Adeel Siddiqui  ,Q3 2026,Done,
203,15/04/2025,April,Abdullah Ilyas,Critical / Specialist Audit Plan,Inspection Of Line-8 Cutting and Oven Area,Line 08 Cutting And Oven Area,Implement a routine inspection schedule for all emergency stop buttons and safety devices to ensure they remain in good working condition.,Low,HSE,Naveed Taqvi,To be Decided,Done,
204,15/04/2025,April,Abdullah Ilyas,Critical / Specialist Audit Plan,Inspection of Line 8 Oven & Cutting,Line 08 Cutting And Oven Area,Install a pneumatic jack cover to ensure that the pneumatic components are properly enclosed. ,High,ESD,Adeel Siddiqui  ,Q3 2026,Done,
205,15/04/2025,April,Abdullah Ilyas,Critical / Specialist Audit Plan,Inspection of Line 8 Oven & Cutting,Line 08 Cutting And Oven Area,"Implement regular check to ensure all covers , safety guards, and protective components are in place and in good condition.",High,ESD,Adeel Siddiqui  ,Q3 2026,Done,
206,15/04/2025,April,Abdullah Ilyas,Critical / Specialist Audit Plan,Inspection of Line 8 Oven & Cutting,Line 08 Cutting And Oven Area,"Reroute the compressed air pipe along a designated path, ensuring it is clear of workers walkways and areas with high foot traffic. ",Medium,ESD,Adeel Siddiqui  ,Q3 2026,Done,
207,15/04/2025,April,Abdullah Ilyas,Critical / Specialist Audit Plan,Inspection of Line 8 Oven & Cutting,Line 08 Cutting And Oven Area,Install a proper cover for the rollers to ensure that all exposed components are securely protected. ,High,ESD,Adeel Siddiqui  ,Q3 2026,WIP,
208,15/04/2025,April,Abdullah Ilyas,Critical / Specialist Audit Plan,Inspection of Line 8 Oven & Cutting,Line 08 Cutting And Oven Area,Verify that cover is correctly fitted and securely fastened to prevent it from being dislodged during operation. It should be tightly secured to avoid any accidental removal or interference.,Medium,ESD,Adeel Siddiqui  ,Q3 2026,Done,
209,15/04/2025,April,Abdullah Ilyas,Critical / Specialist Audit Plan,Inspection of Line 8 Oven & Cutting,Line 08 Cutting And Oven Area,"Immediately remove the improperly installed cover and securely reinstall it, ensuring it fits correctly and covers all exposed parts of the oven feeding roller. ",Medium,ESD,Adeel Siddiqui  ,Q3 2026,Done,
210,15/04/2025,April,Abdullah Ilyas,Critical / Specialist Audit Plan,Inspection of Line 8 Oven & Cutting,Line 08 Cutting And Oven Area,Verify that the cover is tightly fastened using the correct fasteners or locking mechanisms to prevent it from coming loose during operation.,Medium,ESD,Adeel Siddiqui  ,Q3 2026,Done,
211,15/04/2025,April,Abdullah Ilyas,Critical / Specialist Audit Plan,Inspection of Line 8 Oven & Cutting,Line 08 Cutting And Oven Area,Immediately install the correct side covers for the wire mesh at the oven entry point to fully enclose the moving parts and prevent exposure. ,High,ESD,Adeel Siddiqui  ,Q3 2026,Done,
212,15/04/2025,April,Abdullah Ilyas,Critical / Specialist Audit Plan,Inspection of Line 8 Oven & Cutting,Line 08 Cutting And Oven Area,Ensure the newly installed side covers are securely fastened with appropriate fasteners to prevent  them from becoming loose or dislodged during operation.,High,ESD,Adeel Siddiqui  ,Q3 2026,Done,
213,15/04/2025,April,Abdullah Ilyas,Critical / Specialist Audit Plan,Inspection of Line 8 Oven & Cutting,Line 08 Cutting And Oven Area,Repair or replace the damaged handle of the zone barrier. ,Medium,ESD,Adeel Siddiqui  ,Q3 2026,Done,
214,15/04/2025,April,Abdullah Ilyas,Critical / Specialist Audit Plan,Inspection of Line 8 Oven & Cutting,Line 08 Cutting And Oven Area,Inspect the gate mechanism to ensure that all components are functioning correctly.,Medium,PRD,Hammad Ali Khan,Q3 2026,Done,
215,15/04/2025,April,Abdullah Ilyas,Critical / Specialist Audit Plan,Inspection of Line 8 Oven & Cutting,Line 08 Cutting And Oven Area,Install the missing check light or torch of the IGF 1 with the appropriate model that matches the specifications and requirement for the equipment.,Low,ESD,Adeel Siddiqui  ,Q3 2026,Done,
216,15/04/2025,April,Abdullah Ilyas,Critical / Specialist Audit Plan,Inspection of Line 8 Oven & Cutting,Line 08 Cutting And Oven Area,Immediately install appropriate supports or brackets for the gas line to ensure that the weight of the regulators is properly distributed and does not affect the joints. ,Medium,ESD,Adeel Siddiqui  ,Q3 2026,Done,
217,15/04/2025,April,Abdullah Ilyas,Critical / Specialist Audit Plan,Inspection of Line 8 Oven & Cutting,Line 08 Cutting And Oven Area,"Inspect all joints for wear or damage, and tighten or replace any loose or damaged connections to prevent gas leaks.",High,ESD,Adeel Siddiqui  ,Q3 2026,Done,
218,15/04/2025,April,Abdullah Ilyas,Critical / Specialist Audit Plan,Inspection of Line 8 Oven & Cutting,Line 08 Cutting And Oven Area,Immediately install a new side cover that fits correctly and securely over the motor belts to prevent exposure to moving parts.,High,ESD,Adeel Siddiqui  ,Q3 2026,WIP,
219,15/04/2025,April,Abdullah Ilyas,Critical / Specialist Audit Plan,Inspection of Line 8 Oven & Cutting,Line 08 Cutting And Oven Area,Immediately install the missing side covers with the correct components to ensure that the wire mesh at the oven exit is fully enclosed. ,High,ESD,Adeel Siddiqui  ,Q3 2026,WIP,
220,15/04/2025,April,Abdullah Ilyas,Critical / Specialist Audit Plan,Inspection of Line 8 Oven & Cutting,Line 08 Cutting And Oven Area,Ensure the covers are securely fastened to prevent them from coming loose during operation.,Medium,ESD,Adeel Siddiqui  ,Q3 2026,Done,
221,15/04/2025,April,Abdullah Ilyas,Critical / Specialist Audit Plan,Inspection of Line 8 Oven & Cutting,Line 08 Cutting And Oven Area,Immediately repair the damage emergency stop button to ensure it works correctly and stop the oven and stripping unit instantly when activated.,High,ESD,Adeel Siddiqui  ,Q3 2026,Done,
222,15/04/2025,April,Abdullah Ilyas,Critical / Specialist Audit Plan,Inspection of Line 8 Oven & Cutting,Line 08 Cutting And Oven Area,Implement a routine inspection schedule for all emergency stop buttons and safety devices to ensure they remain in good working condition.,High,PRD,Hammad Ali Khan,Q3 2026,Done,
223,15/04/2025,April,Abdullah Ilyas,Critical / Specialist Audit Plan,Inspection of Line 8 Oven & Cutting,Line 08 Cutting And Oven Area,Install the cleaning brush roller that is compatible with the wire mesh system. ,Low,PRD,Hammad Ali Khan,Q3 2026,Pending,
224,15/04/2025,April,Abdullah Ilyas,Critical / Specialist Audit Plan,Inspection of Line 8 Oven & Cutting,Line 08 Cutting And Oven Area,Implement a routine maintenance schedule to regularly inspect the cleaning brush roller and wire mesh system.,Low,PRD,Hammad Ali Khan,Q3 2026,Done,
225,15/04/2025,April,Abdullah Ilyas,Critical / Specialist Audit Plan,Inspection of Line 8 Oven & Cutting,Line 08 Cutting And Oven Area,Repair the AC unit to restore proper cooling functionality to the main panel. ,Medium,ESD,Adeel Siddiqui  ,Q3 2026,Done,
226,15/04/2025,April,Abdullah Ilyas,Critical / Specialist Audit Plan,Inspection of Line 8 Oven & Cutting,Line 08 Cutting And Oven Area,"Replace the missing cover of the main panel. Ensure that the new cover fit securely, and are made of suitable fire resistant materials. ",High,ESD,Adeel Siddiqui  ,Q3 2026,Done,
227,15/04/2025,April,Abdullah Ilyas,Critical / Specialist Audit Plan,Inspection Of Line-8 Cutting and Oven Area,Line 08 Cutting And Oven Area,Install warning labels and safety signs to alert workers to the dangers of exposed moving parts. ,Low,HSE,Naveed Taqvi,To be Decided,Done,
228,15/04/2025,April,Abdullah Ilyas,Critical / Specialist Audit Plan,Inspection Of Line-8 Cutting and Oven Area,Line 08 Cutting And Oven Area,"Ensure compliance with relevant safety standard and regulation (e.g., OSHA, NFPA, ANSI).",Medium,HSE,Naveed Taqvi,To be Decided,Done,
229,04/05/2025,April,Imran Gul,Critical / Specialist Audit Plan,Inspection Of Edible Oil Tanks Rooms,Edible Oil Tanks Rooms,"To mitigate these risks, a proper hazardous waste management system should be implemented, including spill containment measures, designated storage for waste oil, and regular disposal through authorized channels. Additionally, absorbent materials and spill kits should be readily available, and workers should be trained in emergency response procedures to handle oil spills safely.",High,Stores,Muhammad Sheeraz Khan,Q2 2025,Pending,
230,04/05/2025,April,Imran Gul,Critical / Specialist Audit Plan,Inspection Of Edible Oil Tanks Rooms,Edible Oil Tanks Rooms,"A comprehensive structure integrity assessment 
should be conducted to determine the extent of damage. Necessary repairs or reinforcements must be carried out, followed by the application of anti-corrosion coatings.",Medium,ESD,Adeel Siddiqui  ,Q2 2025,Pending,
231,04/05/2025,April,Imran Gul,Critical / Specialist Audit Plan,Inspection Of Edible Oil Tanks Rooms,Edible Oil Tanks Rooms,"The damaged gas valve should be replaced and should be installed outside the room to ensure quick access in case of an emergency. Additionally, all emergency shut off valves must be regularly inspected and tested to ensure their operability. Workers should also be trained on emergency response procedures in case of a gas leak.",High,ESD,Adeel Siddiqui  ,Q2 2025,Pending,
232,04/05/2025,April,Imran Gul,Critical / Specialist Audit Plan,Inspection Of Edible Oil Tanks Rooms,Edible Oil Tanks Rooms,The source of the leakage should be identified and repaired to avoid recurring water pooling. Regular cleaning and floor maintenance should be carried out to eliminate slip hazards and ensure a safe working environment.,Medium,ESD,Adeel Siddiqui  ,Q2 2025,Done,
233,04/05/2025,April,Imran Gul,Critical / Specialist Audit Plan,Inspection Of Edible Oil Tanks Rooms,Edible Oil Tanks Rooms,"Digital or analog level gauges must be installed 
on all oil tanks to enable safe and accurate monitoring of oil levels. These gauges should be placed at a visible and accessible location to eliminate the need for workers to climb on top of the tanks. Additionally workers should be trained on using the gauges effectively.",Medium,ESD,Adeel Siddiqui  ,Q2 2025,Pending,
234,04/05/2025,April,Imran Gul,Critical / Specialist Audit Plan,Inspection Of Edible Oil Tanks Rooms,Edible Oil Tanks Rooms,"A thorough inspection of all flange coupling
must be conducted, and any damaged or corroded components should be replaced immediately. Regular maintenance schedules should be implemented to ensure proper functionality and leak prevention. Gaskets and seals should be checked and replaced as needed to maintain a secure connection.",Medium,ESD,Adeel Siddiqui  ,Q2 2025,Pending,
235,04/05/2025,April,Imran Gul,Critical / Specialist Audit Plan,Inspection Of Edible Oil Tanks Rooms,Edible Oil Tanks Rooms,"A structural assessment should be carried 
out to determine the extent of damage. Immediate repairs must be made to reinforce weakened areas, particularly the roof of oil tank room 2, to prevent water ingress. Regular maintenance checks should be scheduled to ensure the long-term stability of the infrastructure",Medium,ADM IR & HR,Shahid Bashir,Q2 2025,Pending,
236,04/05/2025,April,Imran Gul,Critical / Specialist Audit Plan,Inspection Of Edible Oil Tanks Rooms,Edible Oil Tanks Rooms,"A fully operational exhaust system should be 
installed to ensure proper ventilation and air circulation. The use of open flames must be strictly prohibited, and alternative safe heating methods should be adopted. Fire prevention measures, such as flame arrestors and gas detectors, should be implemented.",High,Stores,Muhammad Sheeraz Khan,Q2 2025,Pending,
237,04/05/2025,April,Imran Gul,Critical / Specialist Audit Plan,Inspection Of Edible Oil Tanks Rooms,Edible Oil Tanks Rooms,"To ensure the safety of personnel, a proper working platform with side railings must be installed on top of the tanks. Additionally, the stairs should be equipped with sturdy side railings to provide adequate fall protection.",High,Stores,Muhammad Sheeraz Khan,Q2 2025,Pending,
238,04/05/2025,April,Imran Gul,Critical / Specialist Audit Plan,Inspection Of Edible Oil Tanks Rooms,Edible Oil Tanks Rooms,"Proper lighting fixtures should be
installed to ensure minimum illumination level of 200 Lux, as recommended for industrial work areas.",Medium,ESD,Adeel Siddiqui  ,Q2 2025,Pending,
239,04/05/2025,April,Imran Gul,Critical / Specialist Audit Plan,Inspection Of Edible Oil Tanks Rooms,Edible Oil Tanks Rooms,"A proper spill containment system, such
as oil drip trays and absorbent mats, should be implemented to prevent oil accumulation on the floor. Routine cleaning schedules must be enforced, and workers should be trained on proper spill management procedures.",Low,Stores,Muhammad Sheeraz Khan,Q2 2025,Pending,
240,04/05/2025,April,Imran Gul,Critical / Specialist Audit Plan,Inspection Of Edible Oil Tanks Rooms,Edible Oil Tanks Rooms,"To prevent the water enters into the area, a bund wall or secondary containment barrier must be constructed around the tanks to prevent water from mixing with oil and causing contamination. Additionally, applying a waterproofing membrane on floors and walls will help seal the area against water ingress.",Medium,Stores,Muhammad Sheeraz Khan,Q2 2025,Pending,
241,04/05/2025,April,Imran Gul,Critical / Specialist Audit Plan,Inspection Of Edible Oil Tanks Rooms,Edible Oil Tanks Rooms,"Proper earthing system must be installed 
on all oil tanks to dissipate static electricity. Regular testing and maintenance should be conducted to ensure effective grounding. Workers should also be trained on static electricity hazards and proper safety procedures.",High,ESD,Adeel Siddiqui  ,Q2 2025,Pending,
242,04/05/2025,April,Imran Gul,Critical / Specialist Audit Plan,Inspection Of Edible Oil Tanks Rooms,Edible Oil Tanks Rooms,"The use of open flames under the bowser must 
be strictly prohibited. A fire risk assessment should be conducted, and alternative safe heating methods should be implemented.",High,Stores,Muhammad Sheeraz Khan,Q2 2025,Pending,
243,04/05/2025,April,Imran Gul,Critical / Specialist Audit Plan,Inspection Of Edible Oil Tanks Rooms,Edible Oil Tanks Rooms,"Clearly visible and standardized labeling
must be applied to the exterior and interior of the pump rooms",Low,HSE,Naveed Taqvi,Q2 2025,Done,
244,04/05/2025,April,Imran Gul,Critical / Specialist Audit Plan,Inspection Of Edible Oil Tanks Rooms,Edible Oil Tanks Rooms,"To eliminate the trip and fall hazard, the gas pipelines should be elevated and properly secured using pipe racks or support to keep them off the floor. The damaged sections of the pipes must be properly replaced instead  of using temporary fixes like tape, ensuring compliance with safety standards.",Medium,ESD,Adeel Siddiqui  ,Q2 2025,Pending,
245,04/05/2025,April,Imran Gul,Critical / Specialist Audit Plan,Inspection Of Edible Oil Tanks Rooms,Edible Oil Tanks Rooms,"The turned off exhaust fan must be operational 24/7 to ensure proper ventilation and prevent the buildup of hazardous gases. The use of an open flames in the oil tank room should be strictly prohibited, and alternative safe heating methods must be implemented.",High,Stores,Muhammad Sheeraz Khan,Q2 2025,Done,
246,04/05/2025,April,Imran Gul,Critical / Specialist Audit Plan,Inspection Of Edible Oil Tanks Rooms,Edible Oil Tanks Rooms,"A designated access pathway must be created 
to ensure safe movement within oil tank room3. Obstacles should be removed to avoid any incident",Medium,Stores,Muhammad Sheeraz Khan,Q2 2025,Pending,
247,04/05/2025,April,Imran Gul,Critical / Specialist Audit Plan,Inspection Of Edible Oil Tanks Rooms,Edible Oil Tanks Rooms,"The missing coupler cover should be installed
 immediately to avoid any injury.",Medium,ESD,Adeel Siddiqui  ,Q2 2025,Done,
248,04/05/2025,April,Imran Gul,Critical / Specialist Audit Plan,Inspection Of Edible Oil Tanks Rooms,Edible Oil Tanks Rooms,"The floors in all affected oil tank rooms 
should be repaired or replaced with appropriate materials that can withstand the heavy usage and chemical exposure present in these areas. The surfaces should be leveled and reinforced to ensure they are safe for workers to move on.",Medium,PRJ,Khurram Raza,Q2 2025,Pending,
249,04/05/2025,April,Imran Gul,Critical / Specialist Audit Plan,Inspection Of Edible Oil Tanks Rooms,Edible Oil Tanks Rooms,"To address this issue, proper earthing/grounding 
should be done as per safety standards. Electrical continuity testes should be conducted to verify the effectiveness of the grounding system.",High,ESD,Adeel Siddiqui  ,Q2 2025,Pending,
250,04/05/2025,April,Imran Gul,Critical / Specialist Audit Plan,Inspection Of Edible Oil Tanks Rooms,Edible Oil Tanks Rooms,"To mitigate this risk, a properly designated 
staircase and a stable platform with safety railings should be installed. And, a appropriate fall protection system must be used when working at top of oil tank.",High,Stores,Muhammad Sheeraz Khan,Q2 2025,Pending,
251,04/05/2025,April,Imran Gul,Critical / Specialist Audit Plan,Inspection Of Edible Oil Tanks Rooms,Edible Oil Tanks Rooms,"A clear and visible labels should be done, 
indicating the type of oil stored, hazards symbols, and necessary safety precautions.",Low,HSE,Naveed Taqvi,Q2 2025,Done,
252,03/05/2025,March,Mubashir Mustafa,Critical / Specialist Audit Plan,Inspection Of Line-4 Mixing & Cutting,Line-4 Mixing & Cutting,"The emergency stop button should be repaired immediately.
 Routine functional checks of all emergency stop systems should be incorporated into the preventive maintenance schedule.",High,ESD,Adeel Siddiqui  ,To be Decided,Done,
253,03/05/2025,March,Mubashir Mustafa,Critical / Specialist Audit Plan,Inspection Of Line-4 Mixing & Cutting,Line-4 Mixing & Cutting,"A Proper protective cover should be 
installed over the motor chain to avoid accidental contact with moving chain which can lead to severe injuries.",High,ESD,Adeel Siddiqui  ,Q3 2026,Done,
254,03/05/2025,March,Mubashir Mustafa,Critical / Specialist Audit Plan,Inspection Of Line-4 Mixing & Cutting,Line-4 Mixing & Cutting,"The DB panel's locking mechanism 
should be repaired or replaced to ensure it remains securely closed.",High,ESD,Adeel Siddiqui  ,To be Decided,Done,
255,03/05/2025,March,Mubashir Mustafa,Critical / Specialist Audit Plan,Inspection Of Line-4 Mixing & Cutting,Line-4 Mixing & Cutting,The tracking jack should be securely fixed in place. Regular inspections should be conducted to ensure all protective covers are properly maintained.,High,ESD,Adeel Siddiqui  ,Q3 2026,Done,
256,03/05/2025,March,Mubashir Mustafa,Critical / Specialist Audit Plan,Inspection Of Line-4 Mixing & Cutting,Line-4 Mixing & Cutting,"The source of the leak should be 
identified and repaired immediately. All spilled oil should be cleanup, and preventive maintenance checks should be schedule to avoid future leakage. Spill mats or absorbents should be placed in the area as a temporary safety measure.",Medium,ESD,Adeel Siddiqui  ,To be Decided,Done,
257,03/05/2025,March,Mubashir Mustafa,Critical / Specialist Audit Plan,Inspection Of Line-4 Mixing & Cutting,Line-4 Mixing & Cutting,"A properly functioning emergency 
stop button should be installed in an easily accessible location. A safety assessment should be conducted to ensure emergency stop buttons are available at all critical points.",High,ESD,Adeel Siddiqui  ,To be Decided,Done,
258,03/05/2025,March,Mubashir Mustafa,Critical / Specialist Audit Plan,Inspection Of Line-4 Mixing & Cutting,Line-4 Mixing & Cutting,"The damaged wiring should be replaced immediately. And, the missing hook lock should be installed, and load-handling procedures should be reviewed to ensure proper safety compliance.",High,ESD,Adeel Siddiqui  ,To be Decided,Done,
259,03/05/2025,March,Mubashir Mustafa,Critical / Specialist Audit Plan,Inspection Of Line-4 Mixing & Cutting,Line-4 Mixing & Cutting,The damaged side covers should be replaced immediately to ensure all moving parts are properly enclosed and to avoid any incident or injury.,High,ESD,Adeel Siddiqui  ,Q3 2026,WIP,
260,03/05/2025,March,Mubashir Mustafa,Critical / Specialist Audit Plan,Inspection Of Line-4 Mixing & Cutting,Line-4 Mixing & Cutting,The limit switch should be immediately repaired. A Strick policy should be implemented to prevent the bypassing of safety interlocks.,High,ESD,Adeel Siddiqui  ,To be Decided,Done,
261,03/05/2025,March,Mubashir Mustafa,Critical / Specialist Audit Plan,Inspection Of Line-4 Mixing & Cutting,Line-4 Mixing & Cutting,"Need to repair or replace the trolleys, ensuring wheels are fully functional
locks are installed, and all sharp edges are removed",High,PRD,Hammad Ali Khan,To be Decided,Pending,
262,03/05/2025,March,Mubashir Mustafa,Critical / Specialist Audit Plan,Inspection Of Line-4 Mixing & Cutting,Line-4 Mixing & Cutting,"Need to conduct immediate maintenance to 
replace corroded nut bolts and reinforce the platform. And, repair or replace the leaking point to avoid slip/fall hazard.",Medium,ESD,Adeel Siddiqui  ,To be Decided,Done,
263,03/05/2025,March,Mubashir Mustafa,Critical / Specialist Audit Plan,Inspection Of Line-4 Mixing & Cutting,Line-4 Mixing & Cutting,"Need to repair or replace the 
AC system to maintain a stable temperature inside the panel. Ensure that the panel door remains closed to prevent exposure to live electrical components.",Medium,ESD,Adeel Siddiqui  ,To be Decided,Done,
264,03/05/2025,March,Mubashir Mustafa,Critical / Specialist Audit Plan,Inspection Of Line-4 Mixing & Cutting,Line-4 Mixing & Cutting,Need to conduct an immediate structure assessment for dough hopper platform. Reinforce the foundation to ensure stability and eliminate excessive vibrations. Any weakened support components should be replaced on priority.,High,PRD,Hammad Ali Khan,To be Decided,Pending,
265,03/05/2025,March,Mubashir Mustafa,Critical / Specialist Audit Plan,Inspection Of Line-4 Mixing & Cutting,Line-4 Mixing & Cutting,"Need to clearly mark the floor with designated walkways, restricted zones to improve safety and workflow.",Low,ADM IR & HR,Shahid Bashir,To be Decided,Pending,
266,03/05/2025,March,Mubashir Mustafa,Critical / Specialist Audit Plan,Inspection Of Line-4 Mixing & Cutting,Line-4 Mixing & Cutting,"Need to install a functional limit switch 
to ensure the machine stops immediately when the cover is opened. This cover should be securely fastened when in use.",High,ESD,Adeel Siddiqui  ,To be Decided,Done,
267,03/05/2025,March,Mubashir Mustafa,Critical / Specialist Audit Plan,Inspection Of Line-4 Mixing & Cutting,Line-4 Mixing & Cutting,Need to install side railings on all platforms to provide fall protection for workers and prevent accidental slips,High,ESD,Adeel Siddiqui  ,To be Decided,Pending,
268,03/05/2025,March,Mubashir Mustafa,Critical / Specialist Audit Plan,Inspection Of Line-4 Mixing & Cutting,Line-4 Mixing & Cutting,"Need to install protective barriers around 
the metal rejection conveyor to prevent accidental entry and contact.",High,PRD,Hammad Ali Khan,To be Decided,Pending,
269,03/05/2025,March,Mubashir Mustafa,Critical / Specialist Audit Plan,Inspection Of Line-4 Mixing & Cutting,Line-4 Mixing & Cutting,"Need to install safety cover to fully 
enclose the the blade and prevent accidental contact. A limit switch should be installed to ensure the machine stops if the cover removed.",High,ESD,Adeel Siddiqui  ,Q3 2026,WIP,
270,03/05/2025,March,Mubashir Mustafa,Critical / Specialist Audit Plan,Inspection Of Line-4 Mixing & Cutting,Line-4 Mixing & Cutting,"Need to secure racks with barricades and 
install locks on wheels to prevent unintended movement or tripping",Medium,PRD,Hammad Ali Khan,To be Decided,Pending,
271,03/05/2025,March,Mubashir Mustafa,Critical / Specialist Audit Plan,Inspection Of Line-4 Mixing & Cutting,Line-4 Mixing & Cutting,"Need to install safety barriers or grills to restric access to dangerous zones. Additionally, an interlock system should be added to stop the machine if a worker enters the hazardeous area",High,ESD,Adeel Siddiqui  ,To be Decided,WIP,
272,03/05/2025,March,Mubashir Mustafa,Critical / Specialist Audit Plan,Inspection Of Line-4 Mixing & Cutting,Line-4 Mixing & Cutting,"Need to remove all unnecessary
items from the hose reel area and housekeeping should be done on regular basis.",Low,PRD,Hammad Ali Khan,To be Decided,Done,
273,03/05/2025,March,Mubashir Mustafa,Critical / Specialist Audit Plan,Inspection Of Line-4 Mixing & Cutting,Line-4 Mixing & Cutting,"The safety guard on conveyor end 
cover should be installed to avoid any injury.",Medium,ESD,Adeel Siddiqui  ,Q3 2026,WIP,
274,03/05/2025,March,Mubashir Mustafa,Critical / Specialist Audit Plan,Inspection Of Line-4 Mixing & Cutting,Line-4 Mixing & Cutting,"Need to install protective guarding around 
the rollers to prevent accidental contact and avoid rollers from falling.",High,ESD,Adeel Siddiqui  ,To be Decided,WIP,
275,05/12/2025,May,Mubashir Mustafa,Critical / Specialist Audit Plan,Inspection Of Line-4 Packing,Line-4 Packing,The film cutter safety guard should be immediately rectified and secured to prevent exposure to dangerous parts. All concerned staff must be trained on machine guarding importance and associated risks.,High,ESD,Adeel Siddiqui  ,To be Decided,Done,
276,05/12/2025,May,Mubashir Mustafa,Critical / Specialist Audit Plan,Inspection Of Line-4 Packing,Line-4 Packing,The film cutter safety guard should be immediately rectified and secured to prevent exposure to dangerous parts. All concerned staff must be trained on machine guarding importance and associated risks.,High,ESD,Adeel Siddiqui  ,To be Decided,Done,
277,05/12/2025,May,Mubashir Mustafa,Critical / Specialist Audit Plan,Inspection Of Line-4 Packing,Line-4 Packing,The film cutter safety guard should be immediately rectified and secured to prevent exposure to dangerous parts. All concerned staff must be trained on machine guarding importance and associated risks.,High,ESD,Adeel Siddiqui  ,To be Decided,Done,
278,05/12/2025,May,Mubashir Mustafa,Critical / Specialist Audit Plan,Inspection Of Line-4 Packing,Line-4 Packing,The limit switch must be immediately restored to  its original functional condition to ensure the safety guard operates effectively. And staff should be re-trained on the risks of bypassing safety devices. A regular audit should be implemented to ensure all machine safety systems remain active and tamper-proof.,High,PRD,Hammad Ali Khan,To be Decided,Done,
279,05/12/2025,May,Mubashir Mustafa,Critical / Specialist Audit Plan,Inspection Of Line-4 Packing,Line-4 Packing,"The cover beside the DB panel should be properly locked after immediate repair or replacement of the faulty lock. All unnecessary materials, especially metallic items, must be removed to eliminate hazards. A proper inspection should be conducted to ensure no risks remain, and staff should be re-trained on housekeeping and safety practices around electrical and mechanical panels.",Medium,ESD,Adeel Siddiqui  ,To be Decided,Done,
280,05/12/2025,May,Mubashir Mustafa,Critical / Specialist Audit Plan,Inspection Of Line-4 Packing,Line-4 Packing,"New heater covers must be fabricated and installed immediately on SIG-62 machine to prevent direct contact with moving hot surfaces. Also, ensure a verification process is implemented for checking all machine guards during maintenance.",High,ESD,Adeel Siddiqui  ,Q3 2026,Done,
281,05/12/2025,May,Mubashir Mustafa,Critical / Specialist Audit Plan,Inspection Of Line-4 Packing,Line-4 Packing,Need to immediately install all available heater covers to ensure no direct contact with hot and moving parts. A proper follow-up checklist should be implemented for heater cover installation verification after maintenance.,High,ESD,Adeel Siddiqui  ,Q3 2026,Done,
282,05/12/2025,May,Mubashir Mustafa,Critical / Specialist Audit Plan,Inspection Of Line-4 Packing,Line-4 Packing,Need to immediately install all available heater covers to ensure no direct contact with hot and moving parts. A proper follow-up checklist should be implemented for heater cover installation verification after maintenance.,High,ESD,Adeel Siddiqui  ,Q3 2026,Done,
283,05/12/2025,May,Mubashir Mustafa,Critical / Specialist Audit Plan,Inspection Of Line-4 Packing,Line-4 Packing,"The front bowl cover lock should be repaired 
or replaced immediately, and the cover must be properly secured to prevent exposure to heater coils. A complete check of all machine covers and locks should be carried out to identify similar issue.",High,ESD,Adeel Siddiqui  ,Q3 2026,Done,
284,05/12/2025,May,Mubashir Mustafa,Critical / Specialist Audit Plan,Inspection Of Line-4 Packing,Line-4 Packing,All missing safety guard pieces on QB chain conveyors must be installed immediately to ensure complete guarding of moving parts.,Medium,ESD,Adeel Siddiqui  ,To be Decided,Done,
285,05/12/2025,May,Mubashir Mustafa,Critical / Specialist Audit Plan,Inspection Of Line-4 Packing,Line-4 Packing,All faulty Db panel cooling fans should be repaired or replaced immediately to maintain proper temperature control and ensure safe operation. DB panel doors must be kept closed and locked at all times once fans are functional.,Medium,ESD,Adeel Siddiqui  ,To be Decided,Done,
286,05/12/2025,May,Mubashir Mustafa,Critical / Specialist Audit Plan,Inspection Of Line-4 Packing,Line-4 Packing,"Cooling fans must be repaired or replaced without 
delay to maintain safe operating temperature. And, operators should be instructed to keep panels closed during operation to avoid exposure to electrical hazards.",Medium,ESD,Adeel Siddiqui  ,To be Decided,Done,
287,05/12/2025,May,Mubashir Mustafa,Critical / Specialist Audit Plan,Inspection Of Line-4 Packing,Line-4 Packing,"All loose and exposed wires must be properly secured, insulated, and fixed immediately to eliminate electrical hazards.",High,ESD,Adeel Siddiqui  ,To be Decided,Done,
288,05/12/2025,May,Mubashir Mustafa,Critical / Specialist Audit Plan,Inspection Of Line-4 Packing,Line-4 Packing,A permanent solution for film adjustment should be implemented to eliminate the need for manual interference with operational machinery. Automated or safer film adjustment mechanisms must be installed to avoid any incident.,Medium,PRD,Hammad Ali Khan,To be Decided,Pending,
289,05/12/2025,May,Mubashir Mustafa,Critical / Specialist Audit Plan,Inspection Of Line-4 Packing,Line-4 Packing,"Immediate maintenance should be carried out to identify and fix the root cause of abnormal noise, including checking for loose components, misalignment, or worn-out parts, and necessary repairs or replacement of vibrators should be done.",Medium,ESD,Adeel Siddiqui  ,To be Decided,Done,
290,05/12/2025,May,Mubashir Mustafa,Critical / Specialist Audit Plan,Inspection Of Line-4 Packing,Line-4 Packing,All rollers must be properly secured with locking mechanisms. Safety netting or guarding should be installed to prevent rollers from falling. Immediate rectification is required to avoid severe injuries.,High,ESD,Adeel Siddiqui  ,To be Decided,Done,
291,05/12/2025,May,Mubashir Mustafa,Critical / Specialist Audit Plan,Inspection Of Line-4 Packing,Line-4 Packing,All tracking jacks must be equipped with robust safety covers to prevent accidental contact with moving parts. Guards should be installed immediately and verified for compliance.,High,ESD,Adeel Siddiqui  ,Q3 2026,WIP,
292,05/12/2025,May,Mubashir Mustafa,Critical / Specialist Audit Plan,Inspection Of Line-4 Packing,Line-4 Packing,Need to Replace damaged interlocks and secure wiring properly within electrical conduits. Conduct functionality testing post-repair and ensure machine cannot operate if interlock is disengaged.,High,ESD,Adeel Siddiqui  ,To be Decided,Done,
293,05/12/2025,May,Mubashir Mustafa,Critical / Specialist Audit Plan,Inspection Of Line-4 Packing,Line-4 Packing,Need to Install chain guard immediately to cover all exposed moving parts. Verify installation and compliance before resuming normal operations.,High,ESD,Adeel Siddiqui  ,Q3 2026,Done,
294,05/12/2025,May,Mubashir Mustafa,Critical / Specialist Audit Plan,Inspection Of Line-4 Packing,Line-4 Packing,Engineering controls should be implemented to prevent product jams. Install tools for safe removal of biscuits and train workers on proper use. ,Medium,PRD,Hammad Ali Khan,To be Decided,Pending,
295,05/12/2025,May,Mubashir Mustafa,Critical / Specialist Audit Plan,Inspection Of Line-4 Packing,Line-4 Packing,Need to Smoothen or cover all sharp edges with edge protectors to prevent injury.,High,ESD,Adeel Siddiqui  ,Q3 2026,Done,
296,05/12/2025,May,Mubashir Mustafa,Critical / Specialist Audit Plan,Inspection Of Line-4 Packing,Line-4 Packing,"Install fixed guards on all exposed pulleys. 
Provide workers refresher training on safe work practices. Safety awareness sessions on avoiding loose clothing near rotating machinery.",Medium,ESD,Adeel Siddiqui  ,To be Decided,Done,
297,05/12/2025,May,Mubashir Mustafa,Critical / Specialist Audit Plan,Inspection Of Line-4 Packing,Line-4 Packing,Need to verify the functionality of the emergency stop buttons on all 6 vibrator conveyors during a planned shutdown or a schedule maintenance.,High,PRD,Hammad Ali Khan,To be Decided,Pending,
298,05/12/2025,May,Mubashir Mustafa,Critical / Specialist Audit Plan,Inspection Of Line-4 Packing,Line-4 Packing,"Need to install emergency stop buttons 
directly on the showbox conveyors, ensuring quick and safe stoppage in case of an emergency, in accordance with OSHA 1910.147, to protect workers and minimise risk.
",High,ESD,Adeel Siddiqui  ,To be Decided,Pending,
299,05/12/2025,May,Mubashir Mustafa,Critical / Specialist Audit Plan,Inspection Of Line-4 Packing,Line-4 Packing,Need to verify the functionality of the emergency stop buttons on all 6 vibrator conveyors during a planned shutdown or a schedule maintenance.,High,PRD,Hammad Ali Khan,To be Decided,Done,
300,05/12/2025,May,Mubashir Mustafa,Critical / Specialist Audit Plan,Inspection Of Line-4 Packing,Line-4 Packing,"Need to install emergency stop buttons 
directly on the rotoflex conveyors, ensuring quick and safe stoppage in case of an emergency, in accordance with OSHA 1910.147, to protect workers and minimise risk.
",High,ESD,Adeel Siddiqui  ,To be Decided,Pending,
301,05/12/2025,May,Mubashir Mustafa,Critical / Specialist Audit Plan,Inspection Of Line-4 Packing,Line-4 Packing,"Need to Secure all rollers with appropriate fasteners. Install secondary fall protection (e.g., mesh/net) beneath conveyors.",Medium,PRD,Hammad Ali Khan,To be Decided,Pending,
302,05/12/2025,May,Mubashir Mustafa,Critical / Specialist Audit Plan,Inspection Of Line-4 Packing,Line-4 Packing,Remove cartons and repair/replace conveyor supports properly. Ensure all structural supports meet load-bearing safety standards.,Medium,PRD,Hammad Ali Khan,To be Decided,Done,
303,05/12/2025,May,Mubashir Mustafa,Critical / Specialist Audit Plan,Inspection Of Line-4 Packing,Line-4 Packing,Need to Install appropriate guarding on all tracking jacks to eliminate exposure to moving parts. Inspect all conveyors for similar hazards.,High,PRD,Hammad Ali Khan,To be Decided,Done,
304,05/12/2025,May,Mubashir Mustafa,Critical / Specialist Audit Plan,Inspection Of Line-4 Packing,Line-4 Packing,Need to Safety guards around rotating pulley on all conveyors to avoid any entanglement hazard. ,Medium,ESD,Adeel Siddiqui  ,To be Decided,Pending,
305,05/12/2025,May,Mubashir Mustafa,Critical / Specialist Audit Plan,Inspection Of Line-4 Packing,Line-4 Packing,Need to Secure wiring properly using conduits or cable trays. Ensure no wiring obstructs walkways. ,Medium,ESD,Adeel Siddiqui  ,To be Decided,Done,
306,05/12/2025,May,Mubashir Mustafa,Critical / Specialist Audit Plan,Inspection Of Line-4 Packing,Line-4 Packing,"Need to install emergency stop buttons 
directly on the showbox conveyors, ensuring quick and safe stoppage in case of an emergency, in accordance with OSHA 1910.147, to protect workers and minimise risk.
",High,ESD,Adeel Siddiqui  ,To be Decided,Pending,
307,05/12/2025,May,Mubashir Mustafa,Critical / Specialist Audit Plan,Inspection Of Line-4 Packing,Line-4 Packing,"Need to install emergency stop button directly on the stacker conveyor as per OSHA 1910.147, ensuring it is eassily accessible to workers at all times for quick emergency response
",High,ESD,Adeel Siddiqui  ,To be Decided,Pending,
308,05/12/2025,May,Mubashir Mustafa,Critical / Specialist Audit Plan,Inspection Of Line-4 Packing,Line-4 Packing,"A dedicated and safe walkway must be created between the SIG machines and packing areas, ensuring workers do not need to crawl or climb over conveyors",Medium,PRD,Hammad Ali Khan,To be Decided,Pending,
309,05/12/2025,May,Mubashir Mustafa,Critical / Specialist Audit Plan,Inspection Of Line-4 Packing,Line-4 Packing,"A dedicated and safe walkway must be created between the SIG machines and packing areas, ensuring workers do not need to crawl or climb over conveyors",Medium,PRJ,Khurram Raza,To be Decided,Pending,
310,05/12/2025,May,Mubashir Mustafa,Critical / Specialist Audit Plan,Inspection Of Line-4 Packing,Line-4 Packing,All materials should be stored properly in a secured manner. Unnecessary materials must be removed and regular checks should be done to ensure safe storage.,Low,PRD,Hammad Ali Khan,To be Decided,Pending,
311,05/12/2025,May,Mubashir Mustafa,Critical / Specialist Audit Plan,Inspection Of Line-4 Packing,Line-4 Packing,"Floor must be treated with anti-slip material, 
and warning signs should be placed until rectified. Regular cleaning and floor condition inspections must be ensured.",Low,ADM IR & HR,Shahid Bashir,To be Decided,Pending,
312,05/12/2025,May,Mubashir Mustafa,Critical / Specialist Audit Plan,Inspection Of Line-4 Packing,Line-4 Packing,"Damaged valve should be replaced immediately.
 Complete inspection of all compressed air lines is recommended to identify and repair other issues.",Medium,ESD,Adeel Siddiqui  ,To be Decided,Done,
313,05/12/2025,May,Mubashir Mustafa,Critical / Specialist Audit Plan,Inspection Of Line-4 Packing,Line-4 Packing,"Leakage should be fixed immediately, and regular maintenance of compressed air lines should be implemented.",Medium,ESD,Adeel Siddiqui  ,To be Decided,Done,
314,05/12/2025,May,Mubashir Mustafa,Critical / Specialist Audit Plan,Inspection Of Line-4 Packing,Line-4 Packing,Seal all seepage points and apply proper insulation. Schedule regular inspections to prevent recurrence.,Medium,ESD,Adeel Siddiqui  ,To be Decided,Done,
315,05/12/2025,May,Mubashir Mustafa,Critical / Specialist Audit Plan,Inspection Of Line-4 Packing,Line-4 Packing,Secure the cover properly and ensure routine checks for floor hazards.,Medium,ESD,Adeel Siddiqui  ,Q3 2026,Done,
316,05/12/2025,May,Mubashir Mustafa,Critical / Specialist Audit Plan,Inspection Of Line-4 Packing,Line-4 Packing,Relocate hose reel to an easily reachable location and keep the access path clear.,Medium,HSE,Naveed Taqvi,To be Decided,WIP,
317,05/12/2025,May,Mubashir Mustafa,Critical / Specialist Audit Plan,Inspection Of Line-4 Packing,Line-4 Packing,Repair or replace the motor immediately and ensure preventive maintenance of equipment.,Medium,ESD,Adeel Siddiqui  ,To be Decided,Done,
318,05/12/2025,May,Mubashir Mustafa,Critical / Specialist Audit Plan,Inspection Of Line-4 Packing,Line-4 Packing,Implement daily housekeeping and 5S methodology to keep area clean and hazard-free.,Low,PRD,Hammad Ali Khan,To be Decided,Pending,
319,05/12/2025,May,Mubashir Mustafa,Critical / Specialist Audit Plan,Inspection Of Line-4 Packing,Line-4 Packing,Racks should be repaired or replaced and barricaded until corrective action is completed.,Low,PRD,Hammad Ali Khan,To be Decided,Done,
320,05/12/2025,May,Mubashir Mustafa,Critical / Specialist Audit Plan,Inspection Of Line-4 Packing,Line-4 Packing,"Develop and display SOPs for all operations to
ensure safe and standard work practices.",Low,PRD,Hammad Ali Khan,To be Decided,Done,
321,05/12/2025,May,Mubashir Mustafa,Critical / Specialist Audit Plan,Inspection Of Line-4 Packing,Line-4 Packing,Increase illumination to at least 300 lux to ensure safe visibility for all tasks.,Low,ESD,Adeel Siddiqui  ,To be Decided,Done,
322,05/12/2025,May,Mubashir Mustafa,Critical / Specialist Audit Plan,Inspection Of Line-4 Packing,Line-4 Packing,Secure all cables properly and route them safely using trays or conduits.,Medium,ESD,Adeel Siddiqui  ,To be Decided,Done,
323,05/12/2025,May,Mubashir Mustafa,Critical / Specialist Audit Plan,Inspection Of Line-4 Packing,Line-4 Packing,Increase illumination to at least 300 lux to ensure safe visibility for all tasks.,Low,ESD,Adeel Siddiqui  ,To be Decided,Done,
324,05/12/2025,May,Mubashir Mustafa,Critical / Specialist Audit Plan,Inspection Of Line-4 Packing,Line-4 Packing,Replace damaged fan cover immediately and check all rotating parts for proper guarding.,High,ESD,Adeel Siddiqui  ,To be Decided,Done,
325,05/12/2025,May,Mubashir Mustafa,Critical / Specialist Audit Plan,Inspection Of Line-4 Packing,Line-4 Packing,"Install fan with proper and secure mounting as 
per safety standards.",Medium,ESD,Adeel Siddiqui  ,To be Decided,Done,
326,05/12/2025,May,Mubashir Mustafa,Critical / Specialist Audit Plan,Inspection Of Line-4 Packing,Line-4 Packing,"Remove unnecessary materials, repair racks, 
and maintain clear walkways at all times.",Medium,PRD,Hammad Ali Khan,To be Decided,Done,
327,05/12/2025,May,Mubashir Mustafa,Critical / Specialist Audit Plan,Inspection Of Line-4 Packing,Line-4 Packing,Store ladder in a proper designated area when not in use to keep walkways clear.,Low,PRD,Hammad Ali Khan,To be Decided,Pending,
328,05/12/2025,May,Mubashir Mustafa,Critical / Specialist Audit Plan,Inspection Of Line-4 Packing,Line-4 Packing,Designate proper work areas and keep walkways free for safe movement. Alternative arrangements should be made for packing process,Low,PRD,Hammad Ali Khan,To be Decided,Done,
329,03/05/2025,March,Imran Gul,Critical / Specialist Audit Plan, Inspection of Chemical Room 1st Floor, Chemical Room 1st Floor,"Install local ventilation to capture dust.

The container must be enclosed.

Regular house keeping and Spill management trainings.",Low,QC/NPD/FS,Asad Muhammad Abbasi,Q2 2025,Pending,
330,03/05/2025,March,Imran Gul,Critical / Specialist Audit Plan, Inspection of Chemical Room 1st Floor, Chemical Room 1st Floor,"Use cage pallets to provide the side support to prevent falling of bags.

Instruct and train Workers about proper stacking standards and ergonomics to prevent the risk of bags falling. ",Low,QC/NPD/FS,Asad Muhammad Abbasi,Q2 2025,Done,
331,03/05/2025,March,Imran Gul,Critical / Specialist Audit Plan, Inspection of Chemical Room 1st Floor, Chemical Room 1st Floor,"Flow control valve and hose may be used for better handling and control.
Spill containment kits must be placed and the workers be trained to used those effectively.
Proper housekeeping to clean away the slippery material timely.",Low,QC/NPD/FS,Asad Muhammad Abbasi,Q2 2025,Done,
332,03/05/2025,March,Imran Gul,Critical / Specialist Audit Plan, Inspection of Chemical Room 1st Floor, Chemical Room 1st Floor,"Tagging and standardized sorting the chemical rack with strict following.
Strong supervision of the new workers.",Low,QC/NPD/FS,Asad Muhammad Abbasi,Q2 2025,Done,
333,03/05/2025,March,Imran Gul,Critical / Specialist Audit Plan, Inspection of Chemical Room 1st Floor, Chemical Room 1st Floor,Replace the cable socket to eliminate the electrical and device mal function risk involved.,High,ESD,Adeel Siddiqui  ,Q2 2025,Done,
334,03/05/2025,March,Imran Gul,Critical / Specialist Audit Plan, Inspection of Chemical Room 1st Floor, Chemical Room 1st Floor,Welding and Grinding of these points can ensure the integrity of the structure and also fix the sharp edges.,Medium,ESD,Adeel Siddiqui  ,Q2 2025,Done,
335,03/05/2025,March,Imran Gul,Critical / Specialist Audit Plan, Inspection of Chemical Room 1st Floor, Chemical Room 1st Floor,"Fix the ceiling panels properly. 
Drill through it if the hanging rods of AHUs needs to be passed through to the actual ceiling.",Medium,ADM IR & HR,Shahid Bashir,Q2 2025,Done,
336,03/05/2025,March,Imran Gul,Critical / Specialist Audit Plan, Inspection of Chemical Room 1st Floor, Chemical Room 1st Floor,Replace the non-functioning tube light from those twin tube lights in the casing to maintain the sufficient lightning.,Medium,ESD,Adeel Siddiqui  ,Q2 2025,Done,
337,03/05/2025,March,Imran Gul,Critical / Specialist Audit Plan, Inspection of Chemical Room 1st Floor, Chemical Room 1st Floor,"Clean or replace all the sockets.
Regular cleaning of the electrical appliances and preventing the moisture contact.",Medium,ESD,Adeel Siddiqui  ,Q2 2025,Done,
338,03/05/2025,March,Imran Gul,Critical / Specialist Audit Plan, Inspection of Chemical Room 1st Floor, Chemical Room 1st Floor,The acrylic sheet needs to be fixed. The gap must be filled either by sliding the sheet out wards a little or applying tape/sealant glues for temporary.,Low,QC/NPD/FS,Asad Muhammad Abbasi,Q2 2025,Done,
339,03/05/2025,March,Imran Gul,Critical / Specialist Audit Plan, Inspection of Chemical Room 1st Floor, Chemical Room 1st Floor,"Use enclosed male to female receptacles to prevent the external contact, moisture and dust building. 
Use surge protectors to contain the surges and flashes.",Medium,ESD,Adeel Siddiqui  ,Q2 2025,Done,
340,03/05/2025,March,Imran Gul,Critical / Specialist Audit Plan, Inspection of Chemical Room 1st Floor, Chemical Room 1st Floor,"Built a outlet low in the floor so that it can be covered-up with metal or concrete lid.
Regular inspect and  clean the areas where water might be stagnant.",Low,ADM IR & HR,Shahid Bashir,Q2 2025,Pending,
341,03/05/2025,March,Imran Gul,Critical / Specialist Audit Plan, Inspection of Chemical Room 1st Floor, Chemical Room 1st Floor,"In case the cable is live but not needed then the supply must be turned off and it needs to be dismantled as it carries risk of electrical shocks and Short circuits.
If it is needed here for the future endeavor than the supply must be tuned off and it needs to be properly insulted and cable tied to prevent water/moisture ingress.",High,ESD,Adeel Siddiqui  ,Q2 2025,Done,
342,03/05/2025,March,Imran Gul,Critical / Specialist Audit Plan, Inspection of Chemical Room 1st Floor, Chemical Room 1st Floor,Sort the electrical Wires and use the cable ties to fix cables properly. Use a cable duct or tray to direct the path of wires from source to the load. ,Medium,ESD,Adeel Siddiqui  ,Q2 2025,Done,
343,03/05/2025,March,Imran Gul,Critical / Specialist Audit Plan, Inspection of Chemical Room 1st Floor, Chemical Room 1st Floor,"Loose Wiring must be resolved by using proper sorting, cable tying and ducting the electrical cable sin the Dbs.'
Cleaning of DBs must be carried out periodically.
Any non required DB must be deficient of any supply.",Medium,ESD,Adeel Siddiqui  ,Q2 2025,Done,
344,03/05/2025,March,Imran Gul,Critical / Specialist Audit Plan, Inspection of Chemical Room 1st Floor, Chemical Room 1st Floor,"DBs need to be relocated to a more suitable location where the conditions are dryer.

DBs which are dormant must be locked out and supply needs to be cut off.",Low,ESD,Adeel Siddiqui  ,Q2 2025,Pending,
345,03/05/2025,March,Imran Gul,Critical / Specialist Audit Plan, Inspection of Chemical Room 1st Floor, Chemical Room 1st Floor,"UTY team needs to conduct a thorough inspection of the AHU to determine the structural integrity of the support rods.

Replace all support rods with new, and cover those with anti moisture and corrosion resistant coating.",Low,ESD,Adeel Siddiqui  ,Q2 2025,Done,
346,03/05/2025,March,Imran Gul,Critical / Specialist Audit Plan, Inspection of Chemical Room 1st Floor, Chemical Room 1st Floor,"Proper ventilation system to prevent the accumulation of ammonia gas and combustible dust.
Standardized storage and handling.
Use PPEs and monitor temperature conditions.",Medium,QC/NPD/FS,Asad Muhammad Abbasi,Q2 2025,Pending,
347,03/05/2025,March,Imran Gul,Critical / Specialist Audit Plan, Inspection of Chemical Room 1st Floor, Chemical Room 1st Floor,"Breaker cover should be applied to make sure that the energized spots and exposed wires are concealed.
Cleaning and dusting of electrical equipment should be scheduled.
Thermography should be conducted every regular interval to detect and fix any electrical abnormality before fault is established.",High,ESD,Adeel Siddiqui  ,Q2 2025,Done,
348,03/05/2025,March,Imran Gul,Critical / Specialist Audit Plan, Inspection of Chemical Room 1st Floor, Chemical Room 1st Floor,Replace the nozzle of the FE on priority.,Low,HSE,Naveed Taqvi,Q2 2025,Done,
349,24/06/2025,June,TUV Austria,Third Party Inspection/ Audit,Third Inspection of Elevators,"Elevator 
Inspection Check List (For Lift A)  ",Do not exceed over 80% of the Lifting Load Capacity/SWL.,Medium,ESD,Adeel Siddiqui  ,To be Decided,Done,
350,24/06/2025,June,TUV Austria,Third Party Inspection/ Audit,Third Inspection of Elevators,"Elevator 
Inspection Check List (For Lift A)  ",Service lift operational function should be maintained on regular basis.,Low,ESD,Adeel Siddiqui  ,To be Decided,Done,
351,24/06/2025,June,TUV Austria,Third Party Inspection/ Audit,Third Inspection of Elevators,"Elevator 
Inspection Check List (For Lift A)  ",Lifting/Hanging Capacity should be cleared marked on Servicer lift.,High,ESD,Adeel Siddiqui  ,To be Decided,Done,
352,24/06/2025,June,TUV Austria,Third Party Inspection/ Audit,Third Inspection of Elevators,"Elevator 
Inspection Check List (For Lift A)  ",Always! Designated / trained operators should be operated Service lift.,Medium,ESD,Adeel Siddiqui  ,To be Decided,Done,
353,24/06/2025,June,TUV Austria,Third Party Inspection/ Audit,Third Inspection of Elevators,"Elevator 
Inspection Check List (For Lift B)  ",Do not exceed over 80% of the Lifting Load Capacity/SWL.,Medium,ESD,Adeel Siddiqui  ,To be Decided,Done,
354,24/06/2025,July,TUV Austria,Third Party Inspection/ Audit,Third Inspection of Elevators,"Elevator 
Inspection Check List (For Lift B)  ",Service lift operational function should be maintained on regular basis.,Low,ESD,Adeel Siddiqui  ,To be Decided,Done,
355,24/06/2025,August,TUV Austria,Third Party Inspection/ Audit,Third Inspection of Elevators,"Elevator 
Inspection Check List (For Lift B)  ",Lifting/Hanging Capacity should be cleared marked on Servicer lift.,High,ESD,Adeel Siddiqui  ,To be Decided,Done,
356,24/06/2025,September,TUV Austria,Third Party Inspection/ Audit,Third Inspection of Elevators,"Elevator 
Inspection Check List (For Lift B)  ",Always! Designated / trained operators should be operated Service lift.,Medium,ESD,Adeel Siddiqui  ,To be Decided,Done,
357,15/01/2024,January,SGS,Third Party Inspection/ Audit,Fire Gap Assessment Report   ,Fire Pump & Hydrant system    ,Shortcomings in existing system should be removed as per the recommendations contained in forthcoming paragraphs,Low,ESD,Adeel Siddiqui  ,To be Decided,Pending,
358,15/01/2024,January,SGS,Third Party Inspection/ Audit,Fire Gap Assessment Report   ,Fire Pump & Hydrant system    ,"Water Reservoir of min 150,000 US Gallons (i.e. two-hour supply) – (based on fire brigade availability and fire hazard ) – NFPA 13 Table 11.2.3.1.2 (Water supply duration requirements) Suggested that all tanks must be connected to enhance efficiency of fire protection system (from 46% to 100%)",Medium,HSE,Naveed Taqvi,To be Decided,Pending,Subject to budget approval
359,15/01/2024,January,SGS,Third Party Inspection/ Audit,Fire Gap Assessment Report   ,Fire Pump & Hydrant system    ,Breaching inlet must be installed Following compatible equipment / items shall also be the part of the system:,Medium,ESD,Adeel Siddiqui  ,To be Decided,Pending,
360,15/01/2024,January,SGS,Third Party Inspection/ Audit,Fire Gap Assessment Report   ,Fire Pump & Hydrant system    ,Electrically Driven Fire Pump Auto shutoff was not active,High,ESD,Adeel Siddiqui  ,To be Decided,Pending,
361,15/01/2024,January,SGS,Third Party Inspection/ Audit,Fire Gap Assessment Report   ,Fire Pump & Hydrant system    ,"Jockey pump pressure gauge was faulty. It must be in 
working condition. System components and acceptance should comply NFPA 14, 20 and relevant clauses of NFPA 13, 24, 25 etc.)",High,ESD,Adeel Siddiqui  ,To be Decided,Done,
362,15/01/2024,January,SGS,Third Party Inspection/ Audit,Fire Gap Assessment Report   ,Fire Pump & Hydrant system    ,Where necessary Pressure Reducing Valves should be installed,High,ESD,Adeel Siddiqui  ,To be Decided,Done,
363,15/01/2024,January,SGS,Third Party Inspection/ Audit,Fire Gap Assessment Report   ,Fire Pump & Hydrant system    ,Fuel gauge must to be installed at diesel tank at pump room,High,ESD,Adeel Siddiqui  ,To be Decided,Pending,
364,15/01/2024,January,SGS,Third Party Inspection/ Audit,Fire Gap Assessment Report   ,Fire Pump & Hydrant system    ,"Pressure gauge of jockey pump found faulty. Gauge need to be 
replaced.",High,ESD,Adeel Siddiqui  ,To be Decided,Done,
365,15/01/2024,January,SGS,Third Party Inspection/ Audit,Fire Gap Assessment Report   ,Fire Pump & Hydrant system    ,"Line pressure with three valve 
increase to 9 bar with kept on 
increasing to 13 bar. Electrical pump should shutoff  automatically to prevent bursting of line (BCP 2016 9.4.4.5  Emergency Starting and Stopping).",High,ESD,Adeel Siddiqui  ,To be Decided,Done,
366,15/01/2024,January,SGS,Third Party Inspection/ Audit,Fire Gap Assessment Report   ,Fire Risk Assessment,"Live coverage of facility at data control room to activate and locate fire emergency BCP 2016 ECC 7.10.4 the following devices or functions shall be provided within the emergency command center: (1) The emergency voice/alarm communication system unit (2) Fire detection and alarm system annunciator unit (3) Annunciator visually indicating the location of the elevators and whether they are operational (4) Status indicators and controls for airhandling systems (5) Controls for unlocking stairway doors simultaneously (6) Sprinkler valve and water flow detector display panels (7) Emergency and standby power status indicators (8) Fire pump status indicators (9) Generator supervision devices and manual start and transfer features (10) Public address system, where specifically required by other sections of these Provisions (11) Controls required for smoke control.",High,HSE,Naveed Taqvi,To be Decided,Pending,Subject to budget approval
367,15/01/2024,January,SGS,Third Party Inspection/ Audit,Fire Gap Assessment Report   ,Fire Risk Assessment,"Operable part of the pull station needs to be at least 42 in. (1.07 m), and not more than 48 in. (1.22 m) NFPA 72",Medium,HSE,Naveed Taqvi,To be Decided,Pending,
368,15/01/2024,January,SGS,Third Party Inspection/ Audit,Fire Gap Assessment Report   ,Fire Risk Assessment,Storage of PPEs at accessible height is recommended. Height should be 4ft as per consultant recommendation,High,HSE,Naveed Taqvi,To be Decided,Done,
369,15/01/2024,January,SGS,Third Party Inspection/ Audit,Fire Gap Assessment Report   ,Fire Risk Assessment,Manual call points along with alarm must be present at all locations to inform emergency to all occupants Fire Alarm should be installed in all areas as per the requirements of BCP 9.7 and NFPA 72.,High,HSE,Naveed Taqvi,To be Decided,Pending,Subject to budget approval
370,15/01/2024,January,SGS,Third Party Inspection/ Audit,Fire Gap Assessment Report   ,Fire Risk Assessment,"Where manual inspections are conducted, records for manual inspections shall be kept on the dedicated register and a tag attached to the fire extinguisher, on an inspection checklist maintained on file, or by an electronic method.9.6.4.2.4.1.1 Building Code of Pakistan (Fire Safety Provision2016) NFPA 10 – Standard for Portable Fire Extinguishers Building Code of Pakistan (Fire Safety Provision2016) Clause: 9.6.4.2.1 Inspection Frequency",Low,HSE,Naveed Taqvi,To be Decided,Done,
371,15/01/2024,January,SGS,Third Party Inspection/ Audit,Fire Gap Assessment Report   ,Fire Risk Assessment,Evacuation map must be visible and must be located at prominent place visible emergency contact number Building Code of Pakistan (Fire Safety Provision2016) Clause 10.15 (Marking of Means of Egress) Clause 6.13.4.2 (Facility Management and Operational Plans) NFPA 72 – National Fire Alarm & Signaling Code,High,HSE,Naveed Taqvi,To be Decided,Done,
372,15/01/2024,January,SGS,Third Party Inspection/ Audit,Fire Gap Assessment Report   ,Fire Risk Assessment,Old emergency signage must be replaced with current and nearest emergency exit Directional Signs shall be placed in every location where the direction of travel to reach the nearest exit is not apparent (NFPA 101 - 7.10.2),Medium,HSE,Naveed Taqvi,To be Decided,Done,
373,15/01/2024,January,SGS,Third Party Inspection/ Audit,Fire Gap Assessment Report   ,Fire Risk Assessment,"Emergency Lights with battery backup should be provided in all means of egress with a special consideration to staircases. These emergency lighting . shall be capable of being put on within 1 second of the failure of the normal lighting supply (BCP 10.14, NFPA 101 CH 7).",High,HSE,Naveed Taqvi,To be Decided,Done,
374,15/01/2024,January,SGS,Third Party Inspection/ Audit,Fire Gap Assessment Report   ,Fire Risk Assessment,Dedicated fire fighting team must be ensured at least at high fire load area Employees and supervisory personnel shall be instructed periodically in accordance with BCP 2016 and shall hold drills twice a year. (BCP 14.15.4.2),Medium,HSE,Naveed Taqvi,To be Decided,Done,
375,15/01/2024,January,SGS,Third Party Inspection/ Audit,Fire Gap Assessment Report   ,Fire Risk Assessment,Building Code of Pakistan (Fire Safety Provision2016) Clause 10.15 (Marking of Means of Egress),Medium,PRJ,Khurram Raza,To be Decided,Pending,
376,15/01/2024,January,SGS,Third Party Inspection/ Audit,Fire Gap Assessment Report   ,Fire Risk Assessment,Employees and supervisory personnel shall be instructed periodically in accordance with BCP 2016 and shall hold drills twice a year. (BCP 14.15.4.2),Medium,ESD,Adeel Siddiqui  ,To be Decided,Done,
377,15/01/2024,January,SGS,Third Party Inspection/ Audit,Fire Gap Assessment Report   ,Fire Risk Assessment,Emergency exit must be marked with emergency exit sign Exit / Directional Signs suitably illuminated by a reliable light source to all the Emergency Exits shall be provided (NFPA 101 - 7.10.5).,Low,HSE,Naveed Taqvi,To be Decided,Done,
378,15/01/2024,January,SGS,Third Party Inspection/ Audit,Fire Gap Assessment Report   ,Fire Risk Assessment,"Secondary exit is recommended at exit of building Fire door with twohour rating should be provided Provisions should be kept for two way use with both fire and smoke considerations (BCP 10, NFPA CH 7).",Low,HSE,Naveed Taqvi,To be Decided,Pending,Subject to budget approval
379,15/01/2024,January,SGS,Third Party Inspection/ Audit,Fire Gap Assessment Report   ,Fire Risk Assessment,"Stairs must be 3ft width, step height of 07 inch and 11 inch step size with a head clearance of 2 meter (NFPA 101 B)",Medium,ADM IR & HR,Shahid Bashir,To be Decided,Pending,
380,15/01/2024,January,SGS,Third Party Inspection/ Audit,Fire Gap Assessment Report   ,Fire Risk Assessment,"Stacking must be 3ft away from wall or ceiling Building Code of Pakistan (Fire Safety Provision2016) Clause 6.15 Storage of Combustible Materials NFPA 70, National Electrical Code",Medium,Stores,Muhammad Sheeraz Khan,To be Decided,Pending,
381,15/01/2024,January,SGS,Third Party Inspection/ Audit,Fire Gap Assessment Report   ,Fire Risk Assessment,"Dedicated fire exit is required in front of compressor room Fire door with twohour rating should be provided. Provisions should be kept for two way use with both fire and smoke considerations (BCP 10, NFPA CH 7).At least two additional exits should be provided in a way that an exit is available at a max travel distance of 30 meters. This additional exit shall be made in PMS left wall (BCP 10.11, NFPA 101 CH 7).",High,HSE,Naveed Taqvi,Q3 2026,Pending,Subject to budget approval
382,15/01/2024,January,SGS,Third Party Inspection/ Audit,Fire Gap Assessment Report   ,Fire Risk Assessment,"All Emergency Exits should always be kept clear of any obstacles (BCP 10.12, NFPA 101 CH 7).",High,HSE,Naveed Taqvi,To be Decided,Done,
383,15/01/2024,January,SGS,Third Party Inspection/ Audit,Fire Gap Assessment Report   ,Fire Risk Assessment,Smoke detectors must be installed at main ceiling for its smooth working. NFPA 72 (17.7.1.9),High,HSE,Naveed Taqvi,To be Decided,Done,
384,15/01/2024,January,SGS,Third Party Inspection/ Audit,Fire Gap Assessment Report   ,Fire Risk Assessment,"Smoke detector must be placed 3ft away from duct In spaces served by air-handling systems, detectors shall not be located where airflow prevents operation of the detectors. NFPA 72(17.7.4.1)",High,HSE,Naveed Taqvi,To be Decided,Pending,
385,15/01/2024,January,SGS,Third Party Inspection/ Audit,Fire Gap Assessment Report   ,Fire Risk Assessment,Fire Alarm & Detection System should be installed as per the requirements of BCP 9.7 and NFPA 72.,High,HSE,Naveed Taqvi,Q3 2026,Pending,Subject to budget approval
386,15/01/2024,January,SGS,Third Party Inspection/ Audit,Fire Gap Assessment Report   ,Fire Risk Assessment,Fire Alarm & Detection System should be installed in all areas as per the requirements of BCP 9.7 and NFPA 72.,High,HSE,Naveed Taqvi,Q3 2026,Pending,Subject to budget approval
387,15/01/2024,January,SGS,Third Party Inspection/ Audit,Fire Gap Assessment Report   ,Fire Risk Assessment,"The fire pump, driver, controller, water supply, and power supply shall be protected against possible interruption of service through any possible damage Building Code of Pakistan (Fire Safety Provision2016) Clause: 9.4.2 Equipment Protection",High,ESD,Adeel Siddiqui  ,To be Decided,Pending,
388,15/01/2024,January,SGS,Third Party Inspection/ Audit,Fire Gap Assessment Report   ,Fire Risk Assessment,Engineering controls and inspection mechanism should be in place in line with BCP 9.4.3.1 and NFPA 25.,High,ESD,Adeel Siddiqui  ,Q3 2026,Pending,
389,15/01/2024,January,SGS,Third Party Inspection/ Audit,Fire Gap Assessment Report   ,Fire Risk Assessment,ISHIDA Hall = 3 Cakeline= 16 Building Code of Pakistan (Fire Safety Provision2016) Clause: 9.6.3 Installation of Portable Fire Extinguishers NFPA 10 – Standard for Portable Fire Extinguishers,High,HSE,Naveed Taqvi,To be Decided,Done,
390,15/01/2024,January,SGS,Third Party Inspection/ Audit,Fire Gap Assessment Report   ,Fire Risk Assessment,"Sprinkler manufacturer specifications required. (Concern) Every three months, have the water flow alarm devices, valve supervisory alarm devices, supervisory signal devices, control valves, and hydraulic nameplates inspected. Annually: Once a year, inspect the hanger/seismic bracing, pipes and fittings, information signage, and spare sprinklers NFPA 25 – Standard for Inspection, Testing & Maintenance of Water Based Fire Protection Systems",High,HSE,Naveed Taqvi,To be Decided,Pending,
391,15/01/2024,January,SGS,Third Party Inspection/ Audit,Fire Gap Assessment Report   ,Fire Risk Assessment,"Fire Extinguishers should be installed in following manner (BCP 9.6.3.1.3.8, NFPA 10 ): Gross weight up to 18.14 kg: Top at a max height of 5 feet and bottom not below 4 inches Gross weight more than 18.14 kg: Top at a max height of 3.5 feet and bottom not below 4 inches",Medium,HSE,Naveed Taqvi,To be Decided,Done,
392,15/01/2024,January,SGS,Third Party Inspection/ Audit,Fire Gap Assessment Report   ,Fire Risk Assessment,"NFPA 25 – Standard for Inspection, Testing & Maintenance of Water Based Fire Protection Systems",Medium,HSE,Naveed Taqvi,To be Decided,Done,
393,15/01/2024,January,SGS,Third Party Inspection/ Audit,Fire Gap Assessment Report   ,Fire Risk Assessment,"Building Code of Pakistan (Fire Safety Provision2016) Clause: Ref: 9.4.2 Equipment Protection NFPA 25 – Standard for Inspection, Testing & Maintenance of Water Based Fire Protection Systems",Low,HSE,Naveed Taqvi,To be Decided,Done,
394,15/01/2024,January,SGS,Third Party Inspection/ Audit,Fire Gap Assessment Report   ,Fire Risk Assessment,"It should be ensured that all fire extinguishers are kept clearly accessible and free of any obstacles (BCP 9.6.3.1.3.3, NFPA 10)",Medium,HSE,Naveed Taqvi,To be Decided,Done,
395,15/01/2024,January,SGS,Third Party Inspection/ Audit,Fire Gap Assessment Report   ,Fire Risk Assessment,"In view of the quantum of hazard and to meet the BCP Requirements Sprinkler System is recommended at the premises specially at new premises. Water mist sprinkler system is recommend (BCP 9.3.2.2.6, NFPA 13).FM200 gas suppression system recommended for IT data base center.",Medium,HSE,Naveed Taqvi,To be Decided,Pending,Subject to budget approval
396,15/01/2024,January,SGS,Third Party Inspection/ Audit,Fire Gap Assessment Report   ,Fire Risk Assessment,There should be addition of hose reel at Packing rejection conveyor (L-6)- recommended by consultant as per ground conditions. Colony and admin block need hydrant system. The maximum distance between fire hydrants shall not exceed 500 ft. NFPA 1 at low hazard area.,Medium,HSE,Naveed Taqvi,To be Decided,WIP,
397,15/01/2024,January,SGS,Third Party Inspection/ Audit,Fire Gap Assessment Report   ,Fire Risk Assessment,"Clear access to all hose cabinets should be ensured. NFPA 18.5 7, A 36 in. (914 mm) clear space shall be maintained around the circumference of fire hydrants",High,HSE,Naveed Taqvi,To be Decided,Done,
398,15/01/2024,January,SGS,Third Party Inspection/ Audit,Fire Gap Assessment Report   ,Fire Risk Assessment,"Mechanism should be developed to ensure Hydrostatic Test (HST) all fire extinguishers on their due dates (BCP 9.6.5, NFPA 10).",High,HSE,Naveed Taqvi,Q3 2026,Done,
399,15/01/2024,January,SGS,Third Party Inspection/ Audit,Fire Gap Assessment Report   ,Fire Risk Assessment,A 3ft distance to be maintained across hydrant reel. Building Code of Pakistan (Fire Safety Provision2016) Clause: 9.4.2 Equipment Protection,High,HSE,Naveed Taqvi,To be Decided,WIP,
400,15/01/2024,January,SGS,Third Party Inspection/ Audit,Fire Gap Assessment Report   ,Fire Risk Assessment,"Building Code of Pakistan (Fire Safety Provision2016) Clause: Ref: 9.4.2 Equipment Protection NFPA 25 – Standard for Inspection, Testing & Maintenance of Water Based Fire Protection Systems",Medium,HSE,Naveed Taqvi,To be Decided,Done,
401,15/01/2024,January,SGS,Third Party Inspection/ Audit,Fire Gap Assessment Report   ,Fire Risk Assessment,"To ensure effectiveness of the system, smoke management mechanism / dampers and HVAC Auto Shutoff System should be planned and implemented (BCP 7.2, NFPA 90 A & B).",Medium,ESD,Adeel Siddiqui  ,Q3 2026,Pending,
402,15/01/2024,January,SGS,Third Party Inspection/ Audit,Fire Gap Assessment Report   ,Fire Risk Assessment,All opening from one part of the building to other parts should be closed with appropriate fire rated material to ensure passive fire protection. NFPA 290 Passive fire protection,Medium,ADM IR & HR,Shahid Bashir,To be Decided,Pending,
403,15/01/2024,January,SGS,Third Party Inspection/ Audit,Fire Gap Assessment Report   ,Fire Risk Assessment,Flammable materials must be kept in enclosed fire rated chamber. Building Code of Pakistan (Fire Safety Provision-2016) Clause 11.2.3.2 Handling of Flammable and Combustible Liquids at Point of Use NFPA 30 – Flammable & Combustible Liquids Code,High,ESD,Adeel Siddiqui  ,To be Decided,WIP,
404,15/01/2024,January,SGS,Third Party Inspection/ Audit,Fire Gap Assessment Report   ,Fire Risk Assessment,"All electrical wirings shall be maintained safely. Building Code of Pakistan (Fire Safety Provision2016) Clause: 7.1.2 Permanent Wiring, Fixtures, and Equipment NFPA 70, National Electrical Code",High,ESD,Adeel Siddiqui  ,To be Decided,WIP,
405,15/01/2024,January,SGS,Third Party Inspection/ Audit,Fire Gap Assessment Report   ,Fire Risk Assessment,A 3-foot (914 mm) clear space shall be maintained around the circumference of fire hydrants NFPA 18.5 7,High,HSE,Naveed Taqvi,To be Decided,WIP,
406,15/01/2024,January,SGS,Third Party Inspection/ Audit,Fire Gap Assessment Report   ,Fire Risk Assessment,Rubber matts are recommended in front of all electrical equipment operating at over 50 volts. (as per IEE),High,ESD,Adeel Siddiqui  ,To be Decided,Pending,
407,15/01/2024,January,SGS,Third Party Inspection/ Audit,Fire Gap Assessment Report   ,Fire Risk Assessment,Auto gas leakage detection and shut off valve is recommended at entrance of building by consultant.,High,ESD,Adeel Siddiqui  ,To be Decided,Pending,
408,15/01/2024,January,SGS,Third Party Inspection/ Audit,Fire Gap Assessment Report   ,Fire Risk Assessment,Proper housekeeping must be ensured.,Low,ADM IR & HR,Shahid Bashir,To be Decided,Done,
409,15/01/2024,January,SGS,Third Party Inspection/ Audit,Fire Gap Assessment Report   ,Fire Risk Assessment,Proper PTW and LOTO Protocols shall be followed. (BCP 9.4.8).,High,ESD,Adeel Siddiqui  ,To be Decided,WIP,
410,15/01/2024,January,SGS,Third Party Inspection/ Audit,Fire Gap Assessment Report   ,Fire Risk Assessment,"If maintenance is ongoing, then Proper PTW and LOTO Protocols shall be followed. (BCP 9.4.8).",High,ESD,Adeel Siddiqui  ,To be Decided,WIP,
411,15/01/2024,January,SGS,Third Party Inspection/ Audit,Fire Gap Assessment Report   ,Fire Risk Assessment,"8.4.3.1 Interior Wall and Ceiling Finish, and Floor Finish industrial requirement Building Code of Pakistan (Fire Safety Provision2016)",Low,ADM IR & HR,Shahid Bashir,To be Decided,Pending,
412,15/01/2024,January,SGS,Third Party Inspection/ Audit,Fire Gap Assessment Report   ,Fire Risk Assessment,Hot water in closed loop shall be used NFPA 122 chapter 3. All solid fuel cooking appliances with fire boxes of 5 ft3 (0.14 m3 ) volume or less shall have at least a 1.6 gal (6 L) wet chemical fire extinguisher that is listed/approved for Class K. 9.6.3.6.3 Building code of Pakistan.,Medium,HSE,Naveed Taqvi,To be Decided,Pending,
413,15/01/2024,January,SGS,Third Party Inspection/ Audit,Fire Gap Assessment Report   ,Fire Risk Assessment,48 Ton of cooking oil is stored with open flames. At least 4 hours of building fire resistance is required as per Fire load Transformer replacement required as it could act as ignition point.,High,ESD,Adeel Siddiqui  ,To be Decided,Pending,
414,15/01/2024,January,SGS,Third Party Inspection/ Audit,Fire Gap Assessment Report   ,Fire Risk Assessment,NFPA 715 requires Installation of Flue Gases Detection and Warning Equipment,Medium,ESD,Adeel Siddiqui  ,To be Decided,Pending,
415,15/01/2024,January,SGS,Third Party Inspection/ Audit,Fire Gap Assessment Report   ,Fire Risk Assessment,"To protect the blockage of smoke detectors due to dust, organization shall maintain a good Local Exhaust Ventilation System Building Code of Pakistan (Fire Safety Provision2016) Clause: 9.7.4.3.3 SpotType Smoke Detectors Building Code of Pakistan (Fire Safety Provision-2016) Clause 11.2.3.2 Handling of Flammable and Combustible Liquids at Point of Use NFPA 30 – Flammable & Combustible Liquids Code.",Medium,ESD,Adeel Siddiqui  ,To be Decided,Pending,
416,15/01/2024,January,SGS,Third Party Inspection/ Audit,Fire Gap Assessment Report   ,Fire Risk Assessment,"3ft distance of heater from consumables must be ensured. All electrical board outside shall be covered. Building Code of Pakistan (Fire Safety Provision2016) Clause: 7.1.2 Permanent Wiring, Fixtures, and Equipment NFPA 70, National Electrical Code",Medium,ESD,Adeel Siddiqui  ,To be Decided,WIP,
417,15/01/2024,January,SGS,Third Party Inspection/ Audit,Fire Gap Assessment Report   ,Fire Risk Assessment,"Storage under lights need to be replanned with 3ft distance. Building Code of Pakistan (Fire Safety Provision2016) Clause: 7.1.2 Permanent Wiring, Fixtures, and Equipment NFPA 70, National Electrical Code Building Code of Pakistan (Fire Safety Provision2016) Clause: 9.4.2 Equipment should be Protected.",Medium,Stores,Muhammad Sheeraz Khan,To be Decided,Pending,
418,15/01/2024,January,SGS,Third Party Inspection/ Audit,Fire Gap Assessment Report   ,Fire Risk Assessment,"Tube lights need to be replaced with fire proof low watts lights NFPA 70, National Electrical Code",Medium,ESD,Adeel Siddiqui  ,To be Decided,Pending,
419,15/01/2024,January,SGS,Third Party Inspection/ Audit,Fire Gap Assessment Report   ,Fire Risk Assessment,"Replace metal slope with low friction material BCP 2016, 3.3.203.2 Flammable Solid",Medium,ESD,Adeel Siddiqui  ,To be Decided,Pending,
420,15/01/2024,January,SGS,Third Party Inspection/ Audit,Fire Gap Assessment Report   ,Fire Risk Assessment,"When placed on earth the area must be cleared of dry grass, weeds, and other combustible materials within 10 feet NFPA 58 Lighting arrestors, drainage system with proper LPG collection systems, hydro testing of tanks, calibration of PRV. Pumps must be Atex approved.",Low,ESD,Adeel Siddiqui  ,Q3 2026,Pending,
421,15/01/2024,January,SGS,Third Party Inspection/ Audit,Fire Gap Assessment Report   ,Fire Risk Assessment,Walls constructed for Liquid petroleum gas must be fire rated NFPA 58,High,ESD,Adeel Siddiqui  ,To be Decided,Pending,
422,15/01/2024,January,SGS,Third Party Inspection/ Audit,Fire Gap Assessment Report   ,Fire Risk Assessment,Factory earth testing must be carried out to prevent from short circuits,High,ESD,Adeel Siddiqui  ,To be Decided,Pending,
423,15/01/2024,January,SGS,Third Party Inspection/ Audit,Fire Gap Assessment Report   ,Fire Risk Assessment,"Diesel pump must be fire proof to prevent fire ignition during diesel transfer. Building Code of Pakistan (Fire Safety Provision2016) Clause 6.15 Storage of Combustible Materials NFPA 70, National Electrical Code",High,ESD,Adeel Siddiqui  ,To be Decided,Pending,
424,15/01/2024,January,SGS,Third Party Inspection/ Audit,Fire Gap Assessment Report   ,Fire Risk Assessment,Fire rated wirings are recommended in high fire risk area,High,ESD,Adeel Siddiqui  ,To be Decided,Pending,
425,15/01/2024,January,SGS,Third Party Inspection/ Audit,Fire Gap Assessment Report   ,Fire Risk Assessment,Explosion proof electrical lights and DPs required at High dust area.,High,ESD,Adeel Siddiqui  ,To be Decided,Pending,
426,15/01/2024,January,SGS,Third Party Inspection/ Audit,Fire Gap Assessment Report   ,Fire Risk Assessment,Removal of petrol cans required at safe area.,High,ESD,Adeel Siddiqui  ,To be Decided,Done,
427,15/01/2024,January,SGS,Third Party Inspection/ Audit,Fire Gap Assessment Report   ,Fire Risk Assessment,Wiring maintenance and its inspection shall be performed. Temperature raise shall not be more than 27 Degree centigrade. 7.1.2.2 BCP 2016 Electrical fire safety general 7.1.1 BCP 2016,High,ESD,Adeel Siddiqui  ,To be Decided,Pending,
428,15/01/2024,January,SGS,Third Party Inspection/ Audit,Fire Gap Assessment Report   ,Fire Risk Assessment,Safe storage must be made for cylinders. Suggested to make cage with provision of chains to store the cylinder in standing position. BCP 2016 (3.3.126 )Hazardous Materials Storage,High,ESD,Adeel Siddiqui  ,To be Decided,Pending,
429,07/05/2025,July,Yaseen,Critical / Specialist Audit Plan,Audit 3-Bed Site,3-Bed Site,"Impose madatory PPEs (helmets with chin strap, gloves, goggles)",Medium,PRJ,Khurram Raza,Immediate,Done,
430,07/05/2025,July,Yaseen,Critical / Specialist Audit Plan,Audit 3-Bed Site,3-Bed Site,update inventory and it should be with 25% above.,Medium,PRJ,Khurram Raza,Immediate,Done,
431,07/05/2025,July,Yaseen,Critical / Specialist Audit Plan,Audit 3-Bed Site,3-Bed Site,replace damaged wires with proper insulated ones,High,PRJ,Khurram Raza,Immediate,Done,
432,07/05/2025,July,Yaseen,Critical / Specialist Audit Plan,Audit 3-Bed Site,3-Bed Site,"apply  mid rails, guardrails, toe boards.",High,PRJ,Khurram Raza,Immediate,Done,
433,07/05/2025,July,Yaseen,Critical / Specialist Audit Plan,Audit 3-Bed Site,3-Bed Site,apply ladder and inspect them on regular babsis,Medium,PRJ,Khurram Raza,Immediate,Done,
434,07/05/2025,July,Yaseen,Critical / Specialist Audit Plan,Audit 3-Bed Site,3-Bed Site,"regular housekeeping required, dedictaed team for clearing site.",Medium,PRJ,Khurram Raza,Immediate,Done,
435,07/05/2025,July,Yaseen,Critical / Specialist Audit Plan,Audit 3-Bed Site,3-Bed Site,"fire extinghuisher should be present, especially for hot works.",High,PRJ,Khurram Raza,Immediate,Done,
436,07/05/2025,July,Yaseen,Critical / Specialist Audit Plan,Audit 3-Bed Site,3-Bed Site,fire watch should be present while hot work job is being carried out,Medium,PRJ,Khurram Raza,Immediate,Done,
437,07/05/2025,July,Yaseen,Critical / Specialist Audit Plan,Audit 3-Bed Site,3-Bed Site,monthly inspection is mandatory for tools,Medium,PRJ,Khurram Raza,Immediate,Done,
438,07/05/2025,July,Yaseen,Critical / Specialist Audit Plan,Audit 3-Bed Site,3-Bed Site,signages are required across the site,Low,PRJ,Khurram Raza,Immediate,Done,
439,07/05/2025,July,Yaseen,Critical / Specialist Audit Plan,Audit 3-Bed Site,3-Bed Site,lighting source is required in areas with low illumination,Medium,PRJ,Khurram Raza,Immediate,Done,
440,07/05/2025,July,Yaseen,Critical / Specialist Audit Plan,Audit 3-Bed Site,3-Bed Site,identify and put signages at exit routes,Medium,PRJ,Khurram Raza,Immediate,Done,
441,07/05/2025,July,Yaseen,Critical / Specialist Audit Plan,Audit 3-Bed Site,3-Bed Site,"apply  mid rails, guardrails, toe boards. And access ladder.",High,PRJ,Khurram Raza,Immediate,Done,
442,07/05/2025,July,Yaseen,Critical / Specialist Audit Plan,Audit 3-Bed Site,3-Bed Site,Arrange approved fire-rated  cabinets for site.,Medium,PRJ,Khurram Raza,Immediate,Done,
443,07/05/2025,July,Yaseen,Critical / Specialist Audit Plan,Audit 3-Bed Site,3-Bed Site,ladders are required for scaffolding.,High,PRJ,Khurram Raza,Immediate,Done,
444,07/05/2025,July,Yaseen,Critical / Specialist Audit Plan,Audit 3-Bed Site,3-Bed Site,training should be conducted on ERP.,Medium,PRJ,Khurram Raza,Immediate,Done,
445,07/05/2025,July,Yaseen,Critical / Specialist Audit Plan,Audit 3-Bed Site,3-Bed Site,Fire blankets are required fot hot hot work.,High,PRJ,Khurram Raza,Immediate,Done,
446,07/05/2025,July,Yaseen,Critical / Specialist Audit Plan,Audit 3-Bed Site,3-Bed Site,"labeling should be done on tools, scaffolding",Medium,PRJ,Khurram Raza,Immediate,Done,
447,07/05/2025,July,Yaseen,Critical / Specialist Audit Plan,Audit 3-Bed Site,3-Bed Site,"regular housekeeping required, dedictaed team for clearing site.",Medium,PRJ,Khurram Raza,Immediate,Done,
448,07/05/2025,July,Yaseen,Critical / Specialist Audit Plan,Audit 3-Bed Site,3-Bed Site,training should be conducted on hand tool safety.,Medium,HSE,Naveed Taqvi,Immediate,Done,
449,07/05/2025,July,Yaseen,Critical / Specialist Audit Plan,Audit 3-Bed Site,3-Bed Site,grounding and bonding are required for electrical panels.,Medium,PRJ,Khurram Raza,Immediate,Done,
450,07/05/2025,July,Yaseen,Critical / Specialist Audit Plan,Audit 3-Bed Site,3-Bed Site,ememrgency contact should be displayed across site.,Medium,PRJ,Khurram Raza,Immediate,Done,
451,07/05/2025,July,Yaseen,Critical / Specialist Audit Plan,Audit 3-Bed Site,3-Bed Site,Fire watch is mandatory for hot work. ,Medium,PRJ,Khurram Raza,Immediate,Done,
452,07/05/2025,July,Yaseen,Critical / Specialist Audit Plan,Audit 3-Bed Site,3-Bed Site,impose use of double point full  body harness,High,PRJ,Khurram Raza,Immediate,Done,
453,07/05/2025,July,Yaseen,Critical / Specialist Audit Plan,Audit 3-Bed Site,3-Bed Site,Barrication required for areas.,High,PRJ,Khurram Raza,Immediate,Done,
454,07/05/2025,July,Yaseen,Critical / Specialist Audit Plan,Audit 3-Bed Site,3-Bed Site,Toe boards should be installed at open edges.,High,PRJ,Khurram Raza,Immediate,Done,
455,07/05/2025,July,Yaseen,Critical / Specialist Audit Plan,Audit 3-Bed Site,3-Bed Site,Conduct a training regarding use of ladder.,Medium,PRJ,Khurram Raza,Immediate,Done,
456,07/05/2025,July,Yaseen,Critical / Specialist Audit Plan,Audit 3-Bed Site,3-Bed Site,Regularly removal of debris is required.,Medium,PRJ,Khurram Raza,Immediate,Done,
457,07/05/2025,July,Yaseen,Critical / Specialist Audit Plan,Audit 3-Bed Site,3-Bed Site,"Labelling required for storage area, and material should be seggregated.",High,PRJ,Khurram Raza,Immediate,Done,
458,07/05/2025,July,Yaseen,Critical / Specialist Audit Plan,Audit 3-Bed Site,3-Bed Site,"Clear walkways, stairs of material.",Medium,PRJ,Khurram Raza,Immediate,Done,
459,07/05/2025,July,Yaseen,Critical / Specialist Audit Plan,Audit 3-Bed Site,3-Bed Site,signages are required across the site,Medium,PRJ,Khurram Raza,Immediate,Done,
460,07/05/2025,July,Yaseen,Critical / Specialist Audit Plan,Audit 3-Bed Site,3-Bed Site,Make pathways for electrical cords and hoses.,Medium,PRJ,Khurram Raza,Immediate,Done,
461,07/05/2025,July,Yaseen,Critical / Specialist Audit Plan,Audit 3-Bed Site,3-Bed Site,Ensure cleaning of toilets for labour.,Medium,PRJ,Khurram Raza,Immediate,Done,
462,07/05/2025,July,Yaseen,Critical / Specialist Audit Plan,Audit 3-Bed Site,3-Bed Site,waste bins should be present for waste.,Medium,PRJ,Khurram Raza,Immediate,Done,
463,07/05/2025,July,Yaseen,Critical / Specialist Audit Plan,Audit 3-Bed Site,3-Bed Site,Arrange trained scaffolders.,Medium,PRJ,Khurram Raza,Immediate,Done,
464,07/05/2025,July,Yaseen,Critical / Specialist Audit Plan,Audit 3-Bed Site,3-Bed Site,Minimise the gap between wall and scaffolding.,Medium,PRJ,Khurram Raza,Immediate,Done,
465,07/04/2025,July,Yaseen,Critical / Specialist Audit Plan,Audit Fire Fighting Pump Room,Fire Fighting Pump Room,sand should be removed from main door entrance ,Low,PRJ,Khurram Raza,To be Decided,Done,
466,07/04/2025,July,Yaseen,Critical / Specialist Audit Plan,Audit Fire Fighting Pump Room,Fire Fighting Pump Room,emergency lights should be installed,Medium,HSE,Naveed Taqvi,To be Decided,WIP,
467,07/04/2025,July,Yaseen,Critical / Specialist Audit Plan,Audit Fire Fighting Pump Room,Fire Fighting Pump Room,"signages required such as, authorized personnel only. danger, do not operate ",Medium,HSE,Naveed Taqvi,To be Decided,WIP,
468,07/04/2025,July,Yaseen,Critical / Specialist Audit Plan,Audit Fire Fighting Pump Room,Fire Fighting Pump Room,ducts or exhaust fans are required.,Medium,ESD,Adeel Siddiqui  ,To be Decided,Done,
469,07/04/2025,July,Yaseen,Critical / Specialist Audit Plan,Audit Fire Fighting Pump Room,Fire Fighting Pump Room,cleaning is required on floor ,Low,ADM IR & HR,Shahid Bashir,To be Decided,Done,
470,07/04/2025,July,Yaseen,Critical / Specialist Audit Plan,Audit Fire Fighting Pump Room,Fire Fighting Pump Room,LOTO not available ,High,ESD,Adeel Siddiqui  ,To be Decided,Pending,
471,07/04/2025,July,Yaseen,Critical / Specialist Audit Plan,Audit Fire Fighting Pump Room,Fire Fighting Pump Room,Alarm system is required for start/failure ,High,ESD,Adeel Siddiqui  ,To be Decided,Pending,
472,07/04/2025,July,Yaseen,Critical / Specialist Audit Plan,Audit Fire Fighting Pump Room,Fire Fighting Pump Room,cleaning is required of Diesel storage tank,Medium,ESD,Adeel Siddiqui  ,To be Decided,Done,
473,07/04/2025,July,Yaseen,Critical / Specialist Audit Plan,Audit Fire Fighting Pump Room,Fire Fighting Pump Room,Removal of cosrrosion is required at one pipe on jockey pump line,Low,ESD,Adeel Siddiqui  ,To be Decided,Done,
474,07/04/2025,July,Yaseen,Critical / Specialist Audit Plan,Audit Fire Fighting Pump Room,Fire Fighting Pump Room,"water was accumulated on floor, floor should be levelled properly for draining water.",Medium,ESD,Adeel Siddiqui  ,To be Decided,Done,
475,07/04/2025,July,Yaseen,Critical / Specialist Audit Plan,Audit Fire Fighting Pump Room,Fire Fighting Pump Room,"ventilation required, no means of cooling available",Low,ESD,Adeel Siddiqui  ,To be Decided,Done,
476,07/04/2025,July,Yaseen,Critical / Specialist Audit Plan,Audit Fire Fighting Pump Room,Fire Fighting Pump Room,"Ear protection must be present and worn when diesel pump is running,  PPE box containing relevant/required PPE.",Medium,HSE,Naveed Taqvi,To be Decided,WIP,
477,07/04/2025,July,Yaseen,Critical / Specialist Audit Plan,Audit Fire Fighting Pump Room,Fire Fighting Pump Room,Diesel Pumps should be tested and recorded on weekly basis,High,HSE,Adeel Siddiqui  ,To be Decided,Done,
478,07/04/2025,July,Yaseen,Critical / Specialist Audit Plan,Audit Fire Fighting Pump Room,Fire Fighting Pump Room,insulation required at some cables.,High,ESD,Adeel Siddiqui  ,To be Decided,Pending,
479,07/04/2025,July,Yaseen,Critical / Specialist Audit Plan,Audit Fire Fighting Pump Room,Fire Fighting Pump Room,"no record of maintanance available, maintanace record should be available and maintained ",High,ESD,Adeel Siddiqui  ,To be Decided,Pending,
480,07/04/2025,July,Yaseen,Critical / Specialist Audit Plan,Audit Fire Fighting Pump Room,Fire Fighting Pump Room,"SOP board is Faded in colour, require to change.",Low,HSE,Naveed Taqvi,To be Decided,Done,
481,07/04/2025,July,Yaseen,Critical / Specialist Audit Plan,Audit Fire Fighting Pump Room,Fire Fighting Pump Room,"cleaning required, remove combustible/flammeable material.",High,ESD,Adeel Siddiqui  ,To be Decided,Done,
482,24/06/2025,June,TUV Austria,Third Party Inspection/ Audit,Inspection of Ishida Hall - PMS Lift,Ishida Hall- PMS Lift,Service lift operational function should be maintained on regular basis.,High,ESD,Adeel Siddiqui  ,To be Decided,Pending,
483,24/06/2025,June,TUV Austria,Third Party Inspection/ Audit,Inspection of Ishida Hall - PMS Lift,Ishida Hall- PMS Lift,Lifting/Hanging Capacity should be cleared marked on Servicer lift,High,ESD,Adeel Siddiqui  ,To be Decided,Done,
484,11/08/2024,Novmber,VELOSI,Third Party Inspection/ Audit,Third Party Inspection Lifting Equipment,"Third Party Inspection Lifting Equipment,RMS-FLT-1",Load drop of 1 inch was observed over a time interval of 1 minute. Hence it recommended to maintain the hydraulic  system,Medium,Stores,Muhammad Sheeraz Khan,Q2 2025,Pending,
485,11/08/2024,Novmber,VELOSI,Third Party Inspection/ Audit,Third Party Inspection Lifting Equipment,"Third Party Inspection Lifting Equipment,RMS-FLT-1",Cut marks were observed on the reae tires. It is recommended to replace the rear tires ,High,Stores,Muhammad Sheeraz Khan,Q2 2025,Pending,
486,11/08/2024,Novmber,VELOSI,Third Party Inspection/ Audit,Third Party Inspection Lifting Equipment,"Third Party Inspection Lifting Equipment,RMS-FLT-1",Battery terminals covers were missing. This should be rectified.,Medium,Stores,Muhammad Sheeraz Khan,Q2 2025,Pending,
487,11/08/2024,Novmber,VELOSI,Third Party Inspection/ Audit,Third Party Inspection Lifting Equipment,"Third Party Inspection Lifting Equipment,RMS-FLT-1",Rear lights were not working. This should be rectified.,Medium,Stores,Muhammad Sheeraz Khan,Q2 2025,Pending,
488,11/08/2024,Novmber,VELOSI,Third Party Inspection/ Audit,Third Party Inspection Lifting Equipment,"Third Party Inspection Lifting Equipment, FGS-FLT-01",Load drop of 1 inch was observed over a time interval of 1 minute. Hence it recommended to maintain the hydraulic  system,Medium,Stores,Muhammad Sheeraz Khan,Q2 2025,Pending,
489,11/08/2024,Novmber,VELOSI,Third Party Inspection/ Audit,Third Party Inspection Lifting Equipment,"Lifting Equipment, FGS-FLT-01",L.H.S reverse light was not working. This should be rectified.,High,Stores,Muhammad Sheeraz Khan,Q2 2025,Pending,
490,11/08/2024,Novmber,VELOSI,Third Party Inspection/ Audit,Third Party Inspection Lifting Equipment,"Lifting Equipment, FGS-FLT-01",R.H.S side mirror was missing. This should be rectified.,High,Stores,Muhammad Sheeraz Khan,Q2 2025,Pending,
491,11/08/2024,Novmber,VELOSI,Third Party Inspection/ Audit,Third Party Inspection Lifting Equipment,"Lifting Equipment, FGS-FLT-01",Battery display was noot functioning. This should be rectified.,Medium,Stores,Muhammad Sheeraz Khan,Q2 2025,Pending,
492,11/08/2024,Novmber,VELOSI,Third Party Inspection/ Audit,Third Party Inspection Lifting Equipment,"Lifting Equipment, FGS-FLT-01",Horn was not fuctioning. This should be rectified.,High,Stores,Muhammad Sheeraz Khan,Q2 2025,Pending,
493,11/08/2024,Novmber,VELOSI,Third Party Inspection/ Audit,Third Party Inspection Lifting Equipment,"Lifting Equipment, FGS-FLT-01",Fork safety lock was found damaged. This should be rectified immediately.,High,Stores,Muhammad Sheeraz Khan,Q2 2025,Pending,
494,11/08/2024,Novmber,VELOSI,Third Party Inspection/ Audit,Third Party Inspection Lifting Equipment,"Lifting Equipment,FGS-FLT-02",Lubrication is required on load chain,Medium,Stores,Muhammad Sheeraz Khan,Q2 2025,Pending,
495,11/08/2024,Novmber,VELOSI,Third Party Inspection/ Audit,Third Party Inspection Lifting Equipment,"Lifting Equipment,FGS-FLT-02",Front indicators and light were not working.This should be rectified. ,Medium,Stores,Muhammad Sheeraz Khan,Q2 2025,Pending,
496,11/08/2024,Novmber,VELOSI,Third Party Inspection/ Audit,Third Party Inspection Lifting Equipment,"Lifting Equipment,FGS-FLT-02",Lights  were not working.This should be rectified. ,High,Stores,Muhammad Sheeraz Khan,Q2 2025,Pending,
497,11/08/2024,Novmber,VELOSI,Third Party Inspection/ Audit,Third Party Inspection Lifting Equipment,"Lifting Equipment,FGS-FLT-02",R.H.S side mirror was missing. This should be rectified.,High,Stores,Muhammad Sheeraz Khan,Q2 2025,Pending,
498,11/08/2024,Novmber,VELOSI,Third Party Inspection/ Audit,Third Party Inspection Lifting Equipment,"Lifting Equipment,FGS-FLT-02",Cut marks were observed on the reae tires. It is recommended to replace the rear tires ,High,Stores,Muhammad Sheeraz Khan,Q2 2025,Pending,
499,11/08/2024,Novmber,VELOSI,Third Party Inspection/ Audit,Third Party Inspection Lifting Equipment,"Lifting Equipment, FGS-STK-O1",Protection front glass was missing. This should be rectified.,Medium,Stores,Muhammad Sheeraz Khan,Q2 2025,Pending,
500,11/08/2024,Novmber,VELOSI,Third Party Inspection/ Audit,Third Party Inspection Lifting Equipment,"Lifting Equipment, FGS-STK-O1",Battery cover Was damaged. This should be rectified.,Low,Stores,Muhammad Sheeraz Khan,Q2 2025,Pending,
501,11/08/2024,Novmber,VELOSI,Third Party Inspection/ Audit,Third Party Inspection Lifting Equipment,"Lifting Equipment, FGS-STK-O1",Lubrication is required on load chain,Medium,Stores,Muhammad Sheeraz Khan,Q2 2025,Pending,
502,11/08/2024,Novmber,VELOSI,Third Party Inspection/ Audit,Third Party Inspection Lifting Equipment,"Lifting Equipment, FGS-STK-O1",Emergency stop switch was missing. This should be rectified.,High,Stores,Muhammad Sheeraz Khan,Q2 2025,Pending,
503,11/08/2024,Novmber,VELOSI,Third Party Inspection/ Audit,Third Party Inspection Lifting Equipment,"Lifting Equipment, FGS-STK-O1",Electrical panel cover was missing. This should be rectified.,Medium,Stores,Muhammad Sheeraz Khan,Q2 2025,Pending,
504,11/08/2024,Novmber,VELOSI,Third Party Inspection/ Audit,Third Party Inspection Lifting Equipment,"Lifting Equipment, FGS-STK-O1",Housekeeping is required in the battery compartment.,Low,Stores,Muhammad Sheeraz Khan,Q2 2025,Pending,
505,11/08/2024,Novmber,VELOSI,Third Party Inspection/ Audit,Third Party Inspection Lifting Equipment,"Lifting Equipment, FGS-STK-O1",Horn was not fuctioning. This should be rectified.,High,Stores,Muhammad Sheeraz Khan,Q2 2025,Pending,
506,11/08/2024,Novmber,VELOSI,Third Party Inspection/ Audit,Third Party Inspection Lifting Equipment,"Lifting Equipment, FGS-STK-O2",Protection front glass need to be replaced. This should be rectified.,Medium,Stores,Muhammad Sheeraz Khan,Q2 2025,Pending,
507,11/08/2024,Novmber,VELOSI,Third Party Inspection/ Audit,Third Party Inspection Lifting Equipment,"Lifting Equipment, FGS-STK-O2",Drive handle screw is missing or not properly fixed.,Medium,Stores,Muhammad Sheeraz Khan,Q2 2025,Pending,
508,11/08/2024,Novmber,VELOSI,Third Party Inspection/ Audit,Third Party Inspection Lifting Equipment,"Lifting Equipment, FGS-STK-O2",Lubrication is required on load chain.,Medium,Stores,Muhammad Sheeraz Khan,Q2 2025,Pending,
509,11/08/2024,Novmber,VELOSI,Third Party Inspection/ Audit,Third Party Inspection Lifting Equipment,"Lifting Equipment, FGS-STK-O2",Housekeeping is required in the battery compartment.,Low,Stores,Muhammad Sheeraz Khan,Q2 2025,Pending,
510,11/08/2024,Novmber,VELOSI,Third Party Inspection/ Audit,Third Party Inspection Lifting Equipment,"Lifting Equipment, FGS-STK-O3",Drive wheel support is broken and needs to be replaced.,High,Stores,Muhammad Sheeraz Khan,Q2 2025,Pending,
511,11/08/2024,Novmber,VELOSI,Third Party Inspection/ Audit,Third Party Inspection Lifting Equipment,"Lifting Equipment, FGS-STK-O3",Lubrication is required on load chain.,Medium,Stores,Muhammad Sheeraz Khan,Q2 2025,Pending,
512,11/08/2024,Novmber,VELOSI,Third Party Inspection/ Audit,Third Party Inspection Lifting Equipment,"Lifting Equipment, FGS-STK-O3",Housekeeping is required in the battery compartment.,Low,Stores,Muhammad Sheeraz Khan,Q2 2025,Pending,
513,11/08/2024,Novmber,VELOSI,Third Party Inspection/ Audit,Third Party Inspection Lifting Equipment,"Lifting Equipment, Scissor Lift ",Equipment was not working.,High,ESD,Adeel Siddiqui  ,Q2 2025,Done,
514,4/11/2024 to 8/11/2024,Novmber,VELOSI,Third Party Inspection/ Audit,Third Party Inspection of Pallet/Racks,Fat Room Pallet Racks,Base plates are not secured with bolts.,High,Stores,Muhammad Sheeraz Khan,To be Decided,Pending,
515,4/11/2024 to 8/11/2024,Novmber,VELOSI,Third Party Inspection/ Audit,Third Party Inspection of Pallet/Racks,Fat Room Pallet Racks,Safety pins on beams were missing in many locations.,High,Stores,Muhammad Sheeraz Khan,To be Decided,Pending,
516,4/11/2024 to 8/11/2024,Novmber,VELOSI,Third Party Inspection/ Audit,Third Party Inspection of Pallet/Racks,Fat Room Pallet Racks,Bracing was found damaged on Rack-B(3rd upright),Medium,Stores,Muhammad Sheeraz Khan,To be Decided,Pending,
517,4/11/2024 to 8/11/2024,Novmber,VELOSI,Third Party Inspection/ Audit,Third Party Inspection of Pallet/Racks,Fat Room Pallet Racks,Rack alignment was not proper.,Medium,Stores,Muhammad Sheeraz Khan,To be Decided,Pending,
518,4/11/2024 to 8/11/2024,Novmber,VELOSI,Third Party Inspection/ Audit,Third Party Inspection of Pallet/Racks,Fat Room Pallet Racks,Load notices were not displayed on the racks.,High,Stores,Muhammad Sheeraz Khan,To be Decided,Pending,
519,4/11/2024 to 8/11/2024,Novmber,VELOSI,Third Party Inspection/ Audit,Third Party Inspection of Pallet/Racks,Flavour Room Pallet Racks,Bracing was found bent on Rack-G(1st upright),Medium,Stores,Muhammad Sheeraz Khan,To be Decided,Pending,
520,4/11/2024 to 8/11/2024,Novmber,VELOSI,Third Party Inspection/ Audit,Third Party Inspection of Pallet/Racks,Flavour Room Pallet Racks,Load notices were not displayed on the racks.,High,Stores,Muhammad Sheeraz Khan,To be Decided,Pending,
521,4/11/2024 to 8/11/2024,Novmber,VELOSI,Third Party Inspection/ Audit,Third Party Inspection of Pallet/Racks,PMS Pallet Racks,Safety pins on beams were missing.,High,Stores,Muhammad Sheeraz Khan,To be Decided,Pending,
522,4/11/2024 to 8/11/2024,Novmber,VELOSI,Third Party Inspection/ Audit,Third Party Inspection of Pallet/Racks,PMS Pallet Racks,Load notices were not displayed on the racks.,High,Stores,Muhammad Sheeraz Khan,To be Decided,Pending,
523,4/11/2024 to 8/11/2024,Novmber,VELOSI,Third Party Inspection/ Audit,Third Party Inspection of Pallet/Racks, FGS Pallet Racks,Uprights were found damaged ar Rack-6(1st and 3rd upright).,Medium,Stores,Muhammad Sheeraz Khan,To be Decided,Pending,
524,4/11/2024 to 8/11/2024,Novmber,VELOSI,Third Party Inspection/ Audit,Third Party Inspection of Pallet/Racks, FGS Pallet Racks,"Uprights were found damaged ar Rack-8(1st, 2nd and 3rd upright).",Medium,Stores,Muhammad Sheeraz Khan,To be Decided,Pending,
525,4/11/2024 to 8/11/2024,Novmber,VELOSI,Third Party Inspection/ Audit,Third Party Inspection of Pallet/Racks, FGS Pallet Racks,Uprights was found damaged ar Rack-11(10th upright).,Medium,Stores,Muhammad Sheeraz Khan,To be Decided,Pending,
526,4/11/2024 to 8/11/2024,Novmber,VELOSI,Third Party Inspection/ Audit,Third Party Inspection of Pallet/Racks, FGS Pallet Racks,Uprights was found damaged ar Rack-24(1st upright),Medium,Stores,Muhammad Sheeraz Khan,To be Decided,Pending,
527,4/11/2024 to 8/11/2024,Novmber,VELOSI,Third Party Inspection/ Audit,Third Party Inspection of Pallet/Racks, FGS Pallet Racks,"Base plate nut was missing at 1st, 2nd, & 3rd upright.",High,Stores,Muhammad Sheeraz Khan,To be Decided,Pending,
528,4/11/2024 to 8/11/2024,Novmber,VELOSI,Third Party Inspection/ Audit,Third Party Inspection of Pallet/Racks, FGS Pallet Racks,Base plate was found damaged at 1st upright.,High,Stores,Muhammad Sheeraz Khan,To be Decided,Pending,
529,4/11/2024 to 8/11/2024,Novmber,VELOSI,Third Party Inspection/ Audit,Third Party Inspection of Pallet/Racks, FGS Pallet Racks,Beams and bracings were observed damaged at various locations.,Medium,Stores,Muhammad Sheeraz Khan,To be Decided,Pending,
530,4/11/2024 to 8/11/2024,Novmber,VELOSI,Third Party Inspection/ Audit,Third Party Inspection of Pallet/Racks, FGS Pallet Racks,Load notices were not displayed on the racks.,High,Stores,Muhammad Sheeraz Khan,To be Decided,Pending,
531,4/11/2024 to 8/11/2024,Novmber,VELOSI,Third Party Inspection/ Audit,Third Party Inspection of Pallet/Racks,RMS Pallet Racks,Safety pin on Rack-B & C (2nd beam at 3rd upright) was not available.,High,Stores,Muhammad Sheeraz Khan,To be Decided,Pending,
532,4/11/2024 to 8/11/2024,Novmber,VELOSI,Third Party Inspection/ Audit,Third Party Inspection of Pallet/Racks,RMS Pallet Racks,Safety pin on Rack-D (2nd beam of backside at 3rd upright) was not available.,High,Stores,Muhammad Sheeraz Khan,To be Decided,Pending,
533,4/11/2024 to 8/11/2024,Novmber,VELOSI,Third Party Inspection/ Audit,Third Party Inspection of Pallet/Racks,RMS Pallet Racks,Safety pin on Rack-H (2nd beam between 2nd & 3rd upright) were not available.,High,Stores,Muhammad Sheeraz Khan,To be Decided,Pending,
534,4/11/2024 to 8/11/2024,Novmber,VELOSI,Third Party Inspection/ Audit,Third Party Inspection of Pallet/Racks,RMS Pallet Racks,"Bracing was observed bent on Rack-F (2nd upright), Rack-G (1st upright) & Rack-H (1st upright).",Medium,Stores,Muhammad Sheeraz Khan,To be Decided,Pending,
535,29/01/2025,January,SGS,Third Party Inspection/ Audit,Legal Gap Assesment,"The Sindh Environmental Protection Act, 2014, Section 11, Prohibition of certain discharges or emissions and compliance with standards.",CBL needs to check ETP capability & comply the discharged wastewater with SEQS.,High,HSE,Naveed Taqvi,To be Decided,WIP,CAPEX 2026
536,29/01/2025,January,SGS,Third Party Inspection/ Audit,Legal Gap Assesment,"The Sindh Environmental Protection Act, 2014, Section 13, Handling of hazardous substances",CBL needs to obtain hazardous substances NOC from SEPA.,High,HSE,Naveed Taqvi,To be Decided,Done,
537,29/01/2025,January,SGS,Third Party Inspection/ Audit,Legal Gap Assesment,"The Sindh Environmental Protection Act, 2014, Section 15, Regulations of motor vehicles",CBL needs to conduct vehicular exhaust emissions monitoring regularly.,High,HSE,Naveed Taqvi,To be Decided,Done,Planned in Q4 2025
538,29/01/2025,January,SGS,Third Party Inspection/ Audit,Legal Gap Assesment,"The Sindh Environmental Quality Standards (Self-Monitoring and Reporting by Industry) Rule, 
2014, Rule 9, Environmental Monitoring Report",CBL needs to conduct heavy metals analysis of gaseous emissions sources in every two years.,High,HSE,Naveed Taqvi,To be Decided,Pending,Planned in Q4 2026
539,29/01/2025,January,SGS,Third Party Inspection/ Audit,Legal Gap Assesment,"The Sindh 
Factories Act ,2015, Section 21 - 
Chapter III, Lighting ",CBL needs to ensure sufficient lighting in all areas of plant.,High,ESD,Adeel Siddiqui  ,To be Decided,WIP,
540,29/01/2025,January,SGS,Third Party Inspection/ Audit,Legal Gap Assesment,"The Sindh Factories Act ,2015 Section 30 - Chapter III, Fencing of machinery",CBL needs to install complete fencing around moving parts of machinery.,High,ESD,Adeel Siddiqui  ,To be Decided,Pending,Machine guarding project budget OPEX in 2026
541,29/01/2025,January,SGS,Third Party Inspection/ Audit,Legal Gap Assesment,"The Sindh Factories Act ,2015 Section 37 - Chapter III, Cranes and other lifting machinery",CBL needs to carry out lifting gears 3rd party inspection regularly.,High,HSE,Naveed Taqvi,To be Decided,Done,OPEx 2026
542,29/01/2025,January,SGS,Third Party Inspection/ Audit,Legal Gap Assesment,"The Sindh Factories Act ,2015 Section 38 - Chapter III, Hoists and lifts",CBL needs to carry out lifting gears 3rd party inspection regularly.,High,HSE,Naveed Taqvi,To be Decided,Done,Being done
543,29/01/2025,January,SGS,Third Party Inspection/ Audit,Legal Gap Assesment,"The Sindh Factories Act ,2015 Section 47 - Chapter III, Power to make rules to supplement this Chapter",CBL must ensure the building stability test to be carried out after five year or any major changes/damages in the building structure.,High,PRJ,Khurram Raza,To be Decided,Pending,Budget plan in OPEX 2026
544,29/01/2025,January,SGS,Third Party Inspection/ Audit,Legal Gap Assesment,"The Sindh Factories Act ,2015 Section 51 - Chapter III, Notice of certain accidents",CBL needs to inform certain accidents to relevant authorities.,High,ADM IR & HR,Shahid Bashir,To be Decided,Pending,To be discussed with Ajmal sb.
545,29/01/2025,January,SGS,Third Party Inspection/ Audit,Legal Gap Assesment,"Building Code of Pakistan - Fire Safety Provisions 2016 CHAPTER 6 - General Safety Requirement , Sec 6.4 Building Evacuation","CBL needs to carried out fire doors, fire windows as well as other fire safety equipment’s maintanance regularly",High,HSE,Naveed Taqvi,15.10.2025,Done,Junaid Sb to comment
546,29/01/2025,January,SGS,Third Party Inspection/ Audit,Legal Gap Assesment,"Building Code of Pakistan - Seismic Provisions 2007, Scope and Domain, Geotechnical Assessment",CBL needs to carry out geotechnical assessment.,High,ESD,Adeel Siddiqui  ,To be Decided,Done,Geotechnical assessment done in 2015 for Line-11 and Cake plant. Report is available.
547,29/01/2025,January,SGS,Third Party Inspection/ Audit,Legal Gap Assesment,"Building Code of Pakistan - Seismic Provisions 2007, Clause 2.4, Site Specific Hazard Analysis",CBL needs to carry out site-specific hazard analysis.,High,HSE,Naveed Taqvi,To be Decided,Done,To be verified via SGS report.
548,29/01/2025,January,SGS,Third Party Inspection/ Audit,Legal Gap Assesment,"Building Code of Pakistan - Seismic Provisions 2007, Clause 3.2, Site Considerations",CBL needs to carry out fault rupture hazard assessment.,High,HSE,Naveed Taqvi,To be Decided,Done,Junaid Sb to comment
549,29/01/2025,January,SGS,Third Party Inspection/ Audit,Legal Gap Assesment,"The Provincial Motor Vehicles Ordinance 1965, Chapter III, Registration of motor vehicles section 39, Certificates of fitness of transport vehicle","CBL needs to obtain certificate of fitness of Toyota Hiace (School Van) from relevant 
department. 
",High,ADM IR & HR,Shahid Bashir,To be Decided,Pending,Col Sb. to comment
550,29/01/2025,January,SGS,Third Party Inspection/ Audit,Legal Gap Assesment,"Companies’ Profits (Workers' Participation) Act, 1968, Section-3 ,Establishment of Fund",CBL needs to establish companies profit fund.,High,ADM IR & HR,Shahid Bashir,To be Decided,Pending,To check with Zulqarnain
551,29/01/2025,January,SGS,Third Party Inspection/ Audit,Legal Gap Assesment,"The Sindh Differently Able Persons (Employment, Rehabilitation and Welfare) Act, 2014 Section-8, Establishment to employ differently able persons",CBL needs to hire differently able persons as per quoted ration in the act.,High,ADM IR & HR,Shahid Bashir,To be Decided,Done,Col Sb. & Zahid sb to comment
552,29/01/2025,January,SGS,Third Party Inspection/ Audit,Legal Gap Assesment,"The Sindh Workers Welfare Fund Act, 2014 - Section 4, Constitution of Workers’ Welfare Fund",Workers Welfare fund policy is not found. CBL ensure to follow this act.,High,ADM IR & HR,Shahid Bashir,To be Decided,Pending,To check with Zulqarnain
553,29/01/2025,January,SGS,Third Party Inspection/ Audit,Legal Gap Assesment,"The Sindh Workers Welfare Fund Act, 2014 - Section 5, Mode of payment by and recovery from industrial establishment",CBL needs to establish worker welfare fund & policy.,High,ADM IR & HR,Shahid Bashir,To be Decided,Pending,To check with Zulqarnain
554,29/01/2025,January,SGS,Third Party Inspection/ Audit,Legal Gap Assesment,"The Hazardous Substances Rules, 2014 Rule 4, Application for licence",CBL needs to develop HSMP and submitted to EPA Sindh for NOC.,High,HSE,Naveed Taqvi,To be Decided,Done,NoC for HSMP received.
555,29/01/2025,January,SGS,Third Party Inspection/ Audit,Legal Gap Assesment,"The Hazardous Substances Rules, 2014 Rule 17, Safety plan",CBL needs to develop HSMP shall be prepared and submitted to EPA Sindh for NOC.,High,HSE,Naveed Taqvi,To be Decided,Done,NoC for HSMP received.
556,29/01/2025,January,SGS,Third Party Inspection/ Audit,Legal Gap Assesment,"The Hazardous Substances Rules, 2014, Rule 19, Waste Management Plan",CBL needs to develop HSEMP shall be prepared and submitted to EPA sindh for NOC.,High,HSE,Naveed Taqvi,To be Decided,Done,NoC for EMP received.
557,29/01/2025,January,SGS,Third Party Inspection/ Audit,Legal Gap Assesment,"The Sindh Prohibition of Non-degradable Plastic Products (Manufacturing, Sale and Usage) Rules 2014, Section 5, Identification",CBL needs to use Oxo-degradable bags for packaging purpose.,High,PRD,Hammad Ali Khan,To be Decided,Pending,Not applicable on Family pack skin plastic
558,29/01/2025,January,SGS,Third Party Inspection/ Audit,Legal Gap Assesment,"The Petroleum Act, 1934, Form L Article 5, of Schedule 1",CBL needs to obtain Diesel storage NOC from Explosive department.,High,ESD,Adeel Siddiqui  ,To be Decided,Pending,To be discussed with Col. Sb
559,29/01/2025,January,SGS,Third Party Inspection/ Audit,Legal Gap Assesment,"Sindh Occupational Safety and Health Rules 2019, Section 8 Safety & Health (Section 10) (B) ,Illumination, Ventilation, Temperature, Noise, Dust, Fume and Artificial Humidification",CBL needs to ensure sufficient lighting in all areas of plant.,High,HSE,Naveed Taqvi,To be Decided,WIP,Junaid Sb to comment
560,29/01/2025,January,SGS,Third Party Inspection/ Audit,Legal Gap Assesment,"Sindh Occupational Safety and Health Rules 2019, Section 8 Safety & Health (Section 10) (F) Guarding And Fencing of The Machinery And Work At Or Near Machinery In Motion",CBL needs to install complete fencing around moving parts of machinery.,High,HSE,Naveed Taqvi,To be Decided,WIP,Machine guarding project budget OPEX in 2026
561,29/01/2025,January,SGS,Third Party Inspection/ Audit,Legal Gap Assesment,Sindh Occupational Safety and Health Rules 2019 Section 8 Safety & Health (Section 10) (J) Precaution In Case of Fire,"CBL needs to carry out fire doors, fire windows as well as other fire safety equipment’s maintenance regularly.",High,HSE,Naveed Taqvi,To be Decided,Done,Junaid Sb to comment
562,29/01/2025,January,SGS,Third Party Inspection/ Audit,Legal Gap Assesment,"Sindh Occupational Safety and Health Rules 2019 Section 8 Safety & Health (Section 10) (N) Cranes, Hoist, Lifts and Other Lifting Operation",CBL needs to carry out lifting gears 3rd party inspection regularly.,High,HSE,Naveed Taqvi,To be Decided,Done,Overhead cranes inspections budgeted for OPEx 2026
563,29/01/2025,January,SGS,Third Party Inspection/ Audit,Legal Gap Assesment,"The Sind Fisheries Ordinance, 1980, Section 8, Prohibition of waste and wastewater discharge",CBL needs to check ETP capability & made treated water harmless for aquatic life.,High,HSE,Naveed Taqvi,To be Decided,WIP,Rehabilitation project to be added in CAPEX 2026
564,29/01/2025,January,SGS,Third Party Inspection/ Audit,Legal Gap Assesment,"Pakistan Standard Specification for Biscuit PS:383 2023, Section 3.3, Water as per WHO",CBL needs to conduct potable water analysis as per WHO guidelines for drinking water quality.,High,QC/NPD/FS,Asad Muhammad Abbasi,To be Decided,Done,
565,29/01/2025,January,SGS,Third Party Inspection/ Audit,Legal Gap Assesment,"Sindh Minimum Wages Act 2015 Section - 9(1), Prohibition to pay wages at a rate below the minimum rate of wages",CBL needs to follow minimum wages rates notified by Government of Sindh.,High,ADM IR & HR,Shahid Bashir,To be Decided,Done,Check with zulqarnain
566,29/01/2025,January,SGS,Third Party Inspection/ Audit,Legal Gap Assesment,"Mineral & Industrial Gases Safety Rules, 2010 Section 43 ,Periodic testing of pressure vessels in service",CBL needs to conduct periodic testing of pressure vessels and obtain NOC.,High,ESD,Adeel Siddiqui  ,30.11.2025,Pending,Junaid Sb to comment
567,21-Feb-26,Feb,Mubashir Mustafa,Fire Analysis,Fire Analysis Action Plan,Repair & Maintenance,ESD team implemented SAP-based repair & maintenance plan (completed). Regular Sunday maintenance ongoing. Corrective and preventive actions embedded in SAP.,High,ESD,Adeel Siddiqui  ,10-Mar,Done,
568,21-Feb-26,Feb,Mubashir Mustafa,Fire Analysis,Fire Analysis Action Plan,Short Circuiting,"To overcome short circuiting, HSE team initiated a mini electrical safety project. Plant-wide survey completed, report finalized and reviewed, with an action plan developed. Execution is planned from Q1 to Q4 2026, budget allocated.",High,ESD,Adeel Siddiqui  ,Execution Q1–Q4,WIP,
569,21-Feb-26,Feb,Mubashir Mustafa,Fire Analysis,Fire Analysis Action Plan,Missing Manual Windout,"There are 11 ovens in total, with Line-1 to Line-5 not having a manual windout system. As a first backup and first safety, UPS systems are installed across all lines. HSE team evaluated Line-1 oven for a manual windout, engaging FEECOM team to design and install it. The system worked but did not generate the required torque, making it ineffective. The installation has now been returned to FEECOM for redesign and reinstallation.",High,ESD,Adeel Siddiqui  ,Q1 2027,WIP,
570,21-Feb-26,Feb,Mubashir Mustafa,Fire Analysis,Fire Analysis Action Plan,Gas Leak Fire,"HSE team conducts frequent SOAP test audits with ESD team to monitor gas leaks. In the recent audit, 23 leakage points were identified; 20 rectified, remaining points to be addressed through ongoing maintenance. Gas leak issues are monitored and rectified time to time to ensure safety.",High,ESD,Adeel Siddiqui  ,Bi-Monthly,WIP,
571,21-Feb-26,Feb,Mubashir Mustafa,Fire Analysis,Fire Analysis Action Plan,SOP Violation,"SOP compliance has been reinforced across all departments. Permit to Work (PTW) compliance is ensured, with PTWs obtained before every activity. Consequence management has been finalized, and violators are addressed according to the defined consequence management metrics.",High,ADM IR & HR,Shahid Bashir,03/01/2026,Done,
572,21-Feb-26,Feb,Mubashir Mustafa,Fire Analysis,Fire Analysis Action Plan,Safety Bypassed,"In Line-1 oven, manual ignition is required to create the fire triangle, which previously led to an explosion incident. Safety systems of Line-1 and Line-2 ovens are compromised, with weak integrity and high gas consumption. HSE conducted detailed inspection and proposed replacement of both ovens. Budget approved, replacement planned by end 2026 or early 2027.",High,ESD,Adeel Siddiqui  ,Replacement 2026–2027,Pending,
573,15-Feb-26,Feb,Mubashir Mustafa,Injury Analysis,Injury Analysis Action Plan,Wet Floor,"A plant-wide survey will be conducted to identify all wet and slippery floor areas, especially in high-risk locations such as washing and chemical handling areas. Based on findings, anti-slip mats and anti-slip flooring solutions will be installed in coordination with the Project & Admin Department.",High,HSE,Naveed Taqvi,15-Apr-26,Done,
574,15-Feb-26,Feb,Mubashir Mustafa,Injury Analysis,Injury Analysis Action Plan,Unfixed MS Sheet,A short inspection will be conducted to identify all unfixed or loose MS sheets on floors and walkways. All identified sheets will be properly secured using appropriate fasteners to prevent tripping hazards.,High,ADM IR & HR,Shahid Bashir,15-Apr-26,Done,
575,15-Feb-26,Feb,Mubashir Mustafa,Injury Analysis,Injury Analysis Action Plan,Insecured Placement,"Housekeeping practices will be strengthened across the plant to ensure proper placement of tools, materials, and equipment in designated areas, keeping walkways clear and safe.",High,Area Owners,Area Managers,15-Apr-26,Done,
576,15-Feb-26,Feb,Mubashir Mustafa,Injury Analysis,Injury Analysis Action Plan,Chemical Spillage,"Spill response procedures will be reinforced, with strategically placed spill kits and trained chemical handlers ensuring immediate cleanup to prevent slip hazards.",High,Area Owners,Area Managers,15-Apr-26,WIP,
577,15-Feb-26,Feb,Mubashir Mustafa,Injury Analysis,Injury Analysis Action Plan,Tapes on Floor,Temporary floor tapes will be replaced with durable industrial floor markings to prevent peeling and tripping hazards.,High,HSE ,Naveed Taqvi,15-Apr-26,WIP,
578,15-Feb-26,Feb,Mubashir Mustafa,Injury Analysis,Injury Analysis Action Plan,Inadequate Stairs & Steps,1346 steps of stairs inspected across all plant; ~300 identified as slippery. Staircase nosing pads demand raised; installation after receipt.,High,ADM IR & HR,Shahid Bashir,20-Apr-26,WIP,
579,15-Feb-26,Feb,Mubashir Mustafa,Injury Analysis,Injury Analysis Action Plan,Hand Intervention in Moving Parts,"A formal Machine Safety Bypass Protocol will be developed. Any bypassing of machine safety systems will only be allowed through approved procedures, risk assessment, and authorization. Unauthorized bypassing will strictly be prohibited and shall be addressed in accordance with the Consequence Management SOP.",High,PRD,Hammad Ali Khan,02-May-26,WIP,
580,15-Feb-26,Feb,Mubashir Mustafa,Injury Analysis,Injury Analysis Action Plan,Act in Hurry,Behavioral safety awareness are being reinforced through BBS program sessions and toolbox talks focusing on safe work pace and hazard awareness.,High,HSE,Naveed Taqvi,Regularly,Done,
581,15-Feb-26,Feb,Mubashir Mustafa,Injury Analysis,Injury Analysis Action Plan,Finger on Moving Parts,Machine safety sessions will emphasize keeping hands clear of moving parts and proper use of guarding.,High,HSE,Naveed Taqvi,25/02/2026,Done,
582,15-Feb-26,Feb,Mubashir Mustafa,Injury Analysis,Injury Analysis Action Plan,Instruction Not Followed,"Supervisory monitoring will be strengthened and employees will be reminded to strictly follow SOPs and safety instructions, with non-compliance addressed through the consequence management system.",High,Area Owners,Area Managers,03-May-26,Done,
583,15-Feb-26,Feb,Mubashir Mustafa,Injury Analysis,Injury Analysis Action Plan,Unsafe Crossing,Unsafe crossing behaviors will be corrected through installation of crossovers and safety awareness sessions.,High,PRJ,Khurram Raza,10-Jul-26,Pending,
584,15-Feb-26,Feb,Mubashir Mustafa,Injury Analysis,Injury Analysis Action Plan,Lack of SS Crossovers,"A detailed survey of the packing sections has been conducted to identify locations where crossovers are required. Based on this assessment, a budget of 9 million has been allocated in CAPEX 2026 for the procurement of stainless steel crossovers. The next steps involve engaging a third-party vendor to take precise on-site measurements, followed by fabrication of the crossovers. Once fabricated, the crossovers will be installed to ensure safe movement within the packing sections.",High,PRJ,Khurram Raza,25-Feb-26,Done,
585,15-Feb-26,Feb,Mubashir Mustafa,Injury Analysis,Injury Analysis Action Plan,Lack of SS Made Benches,Workstations will be assessed to identify areas requiring stainless steel benches. Procurement and installation will follow the assessment for ergonomic and safe working conditions.,High,PRD,Hammad Ali Khan,20-Apr-26,Done,
586,15-Feb-26,Feb,Mubashir Mustafa,Injury Analysis,Injury Analysis Action Plan,Wrong Placement,Materials and tools will be stored in designated locations to maintain clear walking paths.,High,Area Owners,Area Managers,20-Feb-26,Done,
587,15-Feb-26,Feb,Mubashir Mustafa,Injury Analysis,Injury Analysis Action Plan,Crossing Under the Conveyor,Installation of crossovers will eliminate unsafe crossing. Any future violations post-installation will be treated as unsafe behavior and addressed via the consequence management system.,High,PRJ,Khurram Raza,After Installation,Pending,
588,15-Feb-26,Feb,Mubashir Mustafa,Injury Analysis,Injury Analysis Action Plan,Crossing Under the Stacker,"Similar corrective actions as conveyor crossings will apply. Unsafe crossings will be prohibited after crossovers are installed, with violations handled through consequence management.",High,PRJ,Khurram Raza,After Installation,Pending,
589,15-Feb-26,Feb,Mubashir Mustafa,Injury Analysis,Injury Analysis Action Plan,Gloves,"A plant-wide, department-wise, and activity-wise assessment of mandatory PPE requirements has been conducted and the final report need to be issued. Overall PPE compliance currently stands at 21%. All stakeholders are required to procure all mandatory PPEs and ensure full compliance across their respective areas.",High,Area Owners,Area Managers,Audit Done,WIP,
590,15-Feb-26,Feb,Mubashir Mustafa,Injury Analysis,Injury Analysis Action Plan,Covered Shoes,Compliance with safety footwear will be enforced across departments.,High,Area Owners,Area Managers,Q2 2026,Pending,subject to budget approval
591,15-Feb-26,Feb,Mubashir Mustafa,Injury Analysis,Injury Analysis Action Plan,Non-Slip Shoes,Non-slip shoes will be ensured for employees in wet or slippery areas.,High,Area Owners,Area Managers,Q2 2026,Pending,subject to budget approval
592,15-Feb-26,Feb,Mubashir Mustafa,Injury Analysis,Injury Analysis Action Plan,Safety Goggles,"Mandatory use of safety goggles for dust, chemical, or particle exposure will be reinforced.",High,Area Owners,Area Managers,Q2 2026,Done,
593,15-Feb-26,Feb,Mubashir Mustafa,Injury Analysis,Injury Analysis Action Plan,Machine Safety,"Included in HSE Mini Safety Projects. 437 machines surveyed; 1053 safeties identified (697 intact, 356 faulty). Report finalized with action plan. Execution started from Q1 2026 to Q-3 2026",High,ESD,Adeel Siddiqui  ,Q2 2026,WIP,
594,15-Feb-26,Feb,Mubashir Mustafa,Injury Analysis,Injury Analysis Action Plan,Lack of Training,"Regular safety trainings are ongoing. One Point Lessons (OPLs) have been developed and shared for recordable incidents. About 1300 workers have been covered through on-site safety sessions so far, remaining workers will be covered on regular safety sessions on site.",High,HSE,Naveed Taqvi,15-May-26,WIP,
595,15-Feb-26,Feb,Mubashir Mustafa,Injury Analysis,Injury Analysis Action Plan,Machine Guarding,"Part of HSE Mini Projects. 1329 guards identified (1001 intact, 328 missing, 160 proposed). Action plan finalized; execution from Q1 2026 to Q-3 2026",High,ESD,Adeel Siddiqui  ,Q2 2026,WIP,
596,15-Feb-26,Feb,Mubashir Mustafa,Injury Analysis,Injury Analysis Action Plan,Work at Height,"Part Of HSE Mini Projects. Plant-wide survey completed covering activities, access and platforms. Execution planned from Q1–Q4 2026.",High,PRJ,Khurram Raza,15-Aug-26,WIP,
597,15-Feb-26,Feb,Mubashir Mustafa,Injury Analysis,Injury Analysis Action Plan,Manual Handling,"Manual handling trainings will continue across departments. All manual handling equipment, including pallet jacks and trolleys, will be inspected and repaired to ensure safe handling operations.",High,HSE,Naveed Taqvi,25-Apr-26,Done,
598,15-Feb-26,Feb,Mubashir Mustafa,Injury Analysis,Injury Analysis Action Plan,Unsafe Work Method / Inadequate SOP,All task-specific and machine-specific SOPs need to be reviewed and updated based on injury analysis. Emphasis should be placed on real-time reinforcement of SOPs and continuous compliance monitoring on the shop floor to ensure safe operations.,High,HSE,Naveed Taqvi,20-Jun-26,Done,
599,15-Feb-26,Feb,Mubashir Mustafa,Injury Analysis,Injury Analysis Action Plan,LOTO,"LOTO implementation scope has been defined, BOQ prepared, and budget allocated. CAR Needs to be raised, after CAR Approval, Precourement will start,  followed by installation and formal implementation of the LOTO system.",High,HSE,Naveed Taqvi,25-Jul-26,WIP,
600,15-Feb-26,Feb,Mubashir Mustafa,Injury Analysis,Injury Analysis Action Plan,Chemical Safety,All workers whose jobs involve chemical handling will be trained on safe chemical handling procedures. Job-specific chemical gloves and other mandatory PPE must be procured and provided by the respective department or stakeholders responsible for these workers. Departments must ensure continuous compliance with PPE usage at all times during chemical handling tasks.,High,HSE,Naveed Taqvi,25-Jul-26,WIP,
601,15-Feb-26,Feb,Mubashir Mustafa,Injury Analysis,Injury Analysis Action Plan,Heat Stress,"Heat stress awareness sessions conducted. Hydration, rest breaks and monitoring of high-temperature areas ensured.",High,HSE,Naveed Taqvi,20-May-26,Done,
602,15-Feb-26,Feb,Mubashir Mustafa,Injury Analysis,Injury Analysis Action Plan,Sharp Edges,"All equipment with potential sharp edges that may come into contact with workers must be regularly inspected through daily safety observations. A consolidated report of all identified sharp edges should be prepared. Based on this report, corrective actions must be planned and executed during maintenance or shutdowns to ensure all equipment is made safe for worker interaction",High,HSE,Naveed Taqvi,12-May-26,Done,
603,15-Feb-26,Feb,Mubashir Mustafa,Injury Analysis,Injury Analysis Action Plan,Equipment Failure,Equipment failures rectified. Preventive and breakdown maintenance strengthened by ESD team.,High,ESD,Adeel Siddiqui  ,Every Sunday,Done,
604,15-Feb-26,Feb,Mubashir Mustafa,Injury Analysis,Injury Analysis Action Plan,Improper Tools,All tools across the plant will be inspected to identify improper or unsafe tools. Necessary corrections or replacements will be implemented to ensure safe tool usage at all workstations.,High,HSE,Naveed Taqvi,Regularly,Done,
605,15-Feb-26,Feb,Mubashir Mustafa,Injury Analysis,Injury Analysis Action Plan,Lifting Safety,"Currently, lifting activities at CBL are handled by an uncertified rigging team. HSE has finalized a maintenance contract with a certified rigging contractor; the agreement is under legal submission. Work will commence upon legal approval.",High,Legal Department,Legal Manager,Q2 2026,WIP,
606,15-Feb-26,Feb,Mubashir Mustafa,Injury Analysis,Injury Analysis Action Plan,Low Illumination,The CBL lux level audit report shall be compared against the EBM lux level standards. Any gaps identified through this comparison must be addressed through appropriate corrective actions to ensure compliance with the required illumination levels,High,ESD,Adeel Siddiqui  ,20-Apr-26,WIP,
607,15-Feb-26,Feb,Mubashir Mustafa,Injury Analysis,Injury Analysis Action Plan,Stacking Safety,"All storage areas will require mandatory helmet use, and safety awareness will be reinforced for personnel working in stacking and storage zones. Inspections will monitor compliance.",High,Stores,Muhammad Sheeraz Khan,22-Apr-26,WIP,
608,15-Feb-26,Feb,Mubashir Mustafa,Injury Analysis,Injury Analysis Action Plan,Unsafe Driving,"A safe driving training session will be conducted in collaboration with NHA for management, lower management, and plant vehicle operators. Follow-up inspections will ensure adoption of safe driving practices across the plant.",High,HSE,Naveed Taqvi,Regularly,Done,
609,25/12/2025,Dec,Inspectest,Third Party Inspection/ Audit,Inspection of Lifting Equipments,Passenger Elevator - COLONY,-,High,ADM IR & HR,Shahid Bashir,01-Mar-26,Done,
610,25/12/2025,Dec,Inspectest,Third Party Inspection/ Audit,Inspection of Lifting Equipments,Passenger Elevator - ADMIN BLOCK,-,High,ADM IR & HR,Shahid Bashir,01-Mar-26,Done,
611,25/12/2025,Dec,Inspectest,Third Party Inspection/ Audit,Inspection of Lifting Equipments,Ishida hall-Cargo Hoist,"1: Safe working Limit should be marked properly.
2: Fire extinguisher should be provided.
3: Safe access should be availaible to machine room.",High,Stores,Muhammad Sheeraz Khan,01-Mar-26,Pending,
612,25/12/2025,Dec,Inspectest,Third Party Inspection/ Audit,Inspection of Lifting Equipments,ESD-Cargo Hoist,"1: Safe working limit not marked should be marked properly.
2: Leveling accuracy path of lift should be maintained.
3: Fire extinguisher & proper vantilation not availaible in machine room.
4: Safety latch should be provided, cargo cabin platform should be proper welded.
5: Safe access should be availaible to machine room.",High,Stores,Muhammad Sheeraz Khan,01-Mar-26,Pending,
613,25/12/2025,Dec,Inspectest,Third Party Inspection/ Audit,Inspection of Lifting Equipments,Packing Line-11-2 cargo lift,"1: Safe working limit not marked should be marked properly.
2: Fire extinguisher & proper vantilation not availaible in machine room.
3: Safe guarding on rotary parts of machines, overaspeed governor not available should be install.
4: Car top ligjht should be provided. Proper lightning should be available in machine room.
5: Safe access should be availaible to machine room.",High,Stores,Muhammad Sheeraz Khan,01-Mar-26,Pending,
614,25/12/2025,Dec,Inspectest,Third Party Inspection/ Audit,Inspection of Lifting Equipments,L-11 RMS- Cargo Lift,"1: Safe working limit not marked should be marked properly.
2: Fire extinguisher & proper vantilation not availaible in machine room.
3: Safe guarding on rotary parts of machines, overaspeed governor not available should be install.
4: Car top light should be provided. Proper lightning should be available in machine room.
5: Car Allignment on ground level, Track rollers should be maintained.",High,Stores,Muhammad Sheeraz Khan,01-Mar-26,Pending,
615,25/12/2025,Dec,Inspectest,Third Party Inspection/ Audit,Inspection of Lifting Equipments,Cargo Lift - Packing lift-1,"1: Safe working limit not marked should be marked properly.
2: Fire extinguisher & proper vantilation not availaible in machine room.
3: Safe guarding on rotary parts of machines, overaspeed governor not available should be install.
4: Car top light should be provided. Proper lightning should be available in machine room.
5: Car Allignment on ground level, Track rollers should be maintained.
6: Buffer (Shock Absorber) Not availaible in PIT. it should be provided.",High,Stores,Muhammad Sheeraz Khan,01-Mar-26,Pending,
616,25/12/2025,Dec,Inspectest,Third Party Inspection/ Audit,Inspection of Lifting Equipments,Cargo Lift -Packing lift-1,"1: Safe working limit not marked should be marked properly.
2: Fire extinguisher & proper vantilation not availaible in machine room.
3: Safe guarding on rotary parts of machines, overaspeed governor not available should be install.
4: Buffer (Shock Absorber) Not availaible in PIT. it should be provided.
5: Control pannel, Door Handle & Traction lubrication tank should be maintained.",High,Stores,Muhammad Sheeraz Khan,01-Mar-26,Pending,
617,25/12/2025,Dec,Inspectest,Third Party Inspection/ Audit,Inspection of Lifting Equipments,Cargo Lift - RMS-Biscuit Grinding,"1: Safe working limit not marked should be marked properly.
2: Fire extinguisher & proper vantilation not availaible in machine room.
3: Safe guarding on rotary parts of machines, overaspeed governor not available should be install.
4: Car top light should be provided. Proper lightning should be available in machine room.
5: Car Allignment on ground level, Track rollers should be maintained.
6: Buffer (Shock Absorber) Not availaible in PIT. it should be provided.
7: Overall Electrical Wiring conduit required.",High,Stores,Muhammad Sheeraz Khan,01-Mar-26,Pending,
618,25/12/2025,Dec,Inspectest,Third Party Inspection/ Audit,Inspection of Lifting Equipments,Cargo Lift - RMS-3,"1: Safe working limit not marked should be marked properly.
2: Fire extinguisher & proper vantilation not availaible in machine room.
3: Safe guarding on rotary parts of machines, overaspeed governor not available should be install.
4: Car top light should be provided. Proper lightning should be available in machine room.
5: Car Allignment on ground level, Track rollers should be maintained.
6: Buffer (Shock Absorber) Not availaible in PIT. it should be provided.
7: Overall Electrical Wiring conduit required.",High,Stores,Muhammad Sheeraz Khan,01-Mar-26,Pending,
619,25/12/2025,Dec,Inspectest,Third Party Inspection/ Audit,Inspection of Lifting Equipments,Cargo Lift - RMS-2,"1: Safe working limit not marked should be marked properly.
2: Fire extinguisher & proper vantilation not availaible in machine room.
3: Safe guarding on rotary parts of machines, overaspeed governor not available should be install.
4: Car top light should be provided. Proper lightning should be available in machine room.
5: Buffer (Shock Absorber) Not availaible in PIT. it should be provided.
6: Pully Not aligned with wire rope. should be rectified.",High,Stores,Muhammad Sheeraz Khan,01-Mar-26,Pending,
620,25/12/2025,Dec,Inspectest,Third Party Inspection/ Audit,Inspection of Lifting Equipments,Cargo Lift - RMS-1,"1: Safe working limit not marked should be marked properly.
2: Car top light should be provided. Proper lightning should be available in machine room.
3: Buffer (Shock Absorber) Not availaible in PIT. it should be provided.
4: Over Speed Governot should be install.",High,Stores,Muhammad Sheeraz Khan,01-Mar-26,Pending,
621,25/12/2025,Dec,Inspectest,Third Party Inspection/ Audit,Inspection of Lifting Equipments,Diesel Operated Forklift Truck - RMS,"1. Seat shoud be maintained. Reverse alrm, warning light should be provided.
2. Steering wheel cover should be maintained. Fan should be provided.
3. Tyres should be replace wear and tear observe.
4. Fork carriage should be maintained bend observe.
5. wheels alignment & overall paint required. due to corrosion observed.",High,Stores,Muhammad Sheeraz Khan,01-Mar-26,Pending,
622,25/12/2025,Dec,Inspectest,Third Party Inspection/ Audit,Inspection of Lifting Equipments,Bettery Operated Forklift Truck - FGS,"1. Right side head light damage should be maintianed. Emergency lights should be provided.
2. Mast Paint required.
3. Fan should be Provided.",High,Stores,Muhammad Sheeraz Khan,01-Mar-26,Pending,
623,25/12/2025,Dec,Inspectest,Third Party Inspection/ Audit,Inspection of Lifting Equipments,Bettery Operated Forklift Truck - FGS,"1: Emergency button should be maintained,Reverse alarm emergency light should be provided.
2: Lifting chain lubrication required. Starting switch should be maintained. Brake light should be maintained.
3: Battery compartment loose wiring observed, Brake not working properly should be maintained.
4: Head lights found damaged should be replace.
5: Load drop observe in oad testing, hydrullic system should be maintained.",High,Stores,Muhammad Sheeraz Khan,01-Mar-26,Pending,
624,25/12/2025,Dec,Inspectest,Third Party Inspection/ Audit,Inspection of Lifting Equipments,Bettery Operated Forklift Truck - FGS,"1: Front head lights indicators should be mawintained. Reverse alarm, emergency light should be provided.
2: Emergency stop button, seat should be maintained. Overhead guard should be maintained.
3: Battery compartment, loose wiring, mirror should be provided. Overall paint Required.
4: Cut Observed in rear back tyres, should be replaced.",High,Stores,Muhammad Sheeraz Khan,01-Mar-26,Pending,
625,25/12/2025,Dec,Inspectest,Third Party Inspection/ Audit,Inspection of Lifting Equipments,Electric Operated Hydrullic Scissor Lift,"1. Control panel dhsould be proper accommodate. Warning light & treaveling alarm should be provided.
2. Counter top guardrail should be fixed with safety pins. Overall cleaning and paint required.",High,ESD,Adeel Siddiqui  ,01-Mar-26,Pending,
626,25/12/2025,Dec,Inspectest,Third Party Inspection/ Audit,Inspection of Lifting Equipments,Material Storage Racks - RMS,"1: Load notice were not displayed on racks should be availaible.
2: Base plate nut missing at various location. Base guard & upright guardrail should be provided.",High,Stores,Muhammad Sheeraz Khan,01-Mar-26,Pending,
627,25/12/2025,Dec,Inspectest,Third Party Inspection/ Audit,Inspection of Lifting Equipments,Material Storage Racks - B100,"1: Load notice were not displayed on racks should be availaible.
",High,Stores,Muhammad Sheeraz Khan,01-Mar-26,Pending,
628,25/12/2025,Dec,Inspectest,Third Party Inspection/ Audit,Inspection of Lifting Equipments,Material Storage Racks - PMS,"1: Load notice were not displayed on racks should be availaible.
2: Base plate nut missing at various location. Base guard & upright guardrail should be provided.",High,Stores,Muhammad Sheeraz Khan,01-Mar-26,Pending,
629,25/12/2025,Dec,Inspectest,Third Party Inspection/ Audit,Inspection of Lifting Equipments,Material Storage Racks - FLABOUR ROOM,"1: Load notice were not displayed on racks should be availaible.
2: Base plate nut missing at various location. Base guard & upright guardrail should be provided.",High,Stores,Muhammad Sheeraz Khan,01-Mar-26,Pending,
630,25/12/2025,Dec,Inspectest,Third Party Inspection/ Audit,Inspection of Lifting Equipments,Material Storage Racks - FGS,"1: Shelf,03 Rack-2 Bracing Damage.Shelf,02 rack03, Bracing Damaged.
2:Shelf,03 rack-4 Beam damaged should be replaced. Shelf 08, Rack 05 Bracing damaged.
3: Shelf 1,2,3,4,5,9 Rack-5 Bracing damaged. Beam 08 Reck-6 bracing damaged should be replaced.
4: Shelf 1,2,3,4,5 Rack-7 bracing damaged. Shelf 1 to 5 Rack-9 bracing damaged. Shelf 1,4,5 Rack-10 bracing damaged.
5:Rack-14 Beam 04 serve bend observed should be replaced.",High,Stores,Muhammad Sheeraz Khan,01-Mar-26,Pending,
631,25/12/2025,Dec,Inspectest,Third Party Inspection/ Audit,Inspection of Lifting Equipments,Minorial Electric Power Hoist- L10 CUTTING,"1. Wire Rope end termination should be Maintained with socket. Mechanical end stoper should be installed.
2. Hook safety latch should be provided.
3.Trolley limit switches, Upper and lower limit switch should be provided. Pully Block Damage should be replace.
4. Winch wire rope guider should be install improper reeving on which drum.",High,PRD,Hammad Ali Khan,01-Mar-26,Pending,
632,25/12/2025,Dec,Inspectest,Third Party Inspection/ Audit,Inspection of Lifting Equipments,Minorial Electric Power Hoist - L-7 Cutting,"1. Wire Rope end termination should be Maintained with socket. Mechanical end stoper should be installed.
2. Hook safety latch should be provided.
3.Trolley limit switches, Upper and lower limit switch should be provided. Pully Block Damage should be replace.
4. Winch wire rope guider should be install improper reeving on which drum.",High,PRD,Hammad Ali Khan,01-Mar-26,Pending,
633,25/12/2025,Dec,Inspectest,Third Party Inspection/ Audit,Inspection of Lifting Equipments,Minorial Electric Power Hoist - L-9 Cutting,"1. Wire Rope end termination should be Maintained with socket. Mechanical end stoper should be installed.
2. Hook safety latch should be provided.
3.Trolley limit switches, Upper and lower limit switch should be provided. Pully Block Damage should be replace.
4. Winch wire rope guider should be install improper reeving on which drum.",High,PRD,Hammad Ali Khan,01-Mar-26,Pending,
634,25/12/2025,Dec,Inspectest,Third Party Inspection/ Audit,Inspection of Lifting Equipments,Manual Operated Chain Hoist- L-2 Cutting,-,High,PRD,Hammad Ali Khan,01-Mar-26,Done,
635,25/12/2025,Dec,Inspectest,Third Party Inspection/ Audit,Inspection of Lifting Equipments,Minorial Electric Power Hoist - L-4 Cutting,"1. Wire Rope end termination should be Maintained with socket. Mechanical end stoper should be installed.
2. Hook safety latch should be provided.
3.Trolley limit switches, Upper and lower limit switch should be provided. Pully Block Damage should be replace.
4. Winch wire rope guider should be install improper reeving on which drum.",High,PRD,Hammad Ali Khan,01-Mar-26,Pending,
636,25/12/2025,Dec,Inspectest,Third Party Inspection/ Audit,Inspection of Lifting Equipments,Electric Operated Chain Block - ESD WORKSHOP,-,High,ESD,Adeel Siddiqui  ,01-Mar-26,Done,
637,25/12/2025,Dec,Inspectest,Third Party Inspection/ Audit,Inspection of Lifting Equipments,Hydrullic Reach Truck (Battery Operated) - B100,-,High,Stores,Muhammad Sheeraz Khan,01-Mar-26,Done,
638,25/12/2025,Dec,Inspectest,Third Party Inspection/ Audit,Inspection of Lifting Equipments,Hydrullic Reach Truck (Battery Operated) - B100,-,High,Stores,Muhammad Sheeraz Khan,01-Mar-26,Done,
639,25/12/2025,Dec,Inspectest,Third Party Inspection/ Audit,Inspection of Lifting Equipments,Hydrullic Pallet Stacker (Battery Operated) - FGS,-,High,Stores,Muhammad Sheeraz Khan,01-Mar-26,Done,
640,01/06/2026,Jan,HSE,Incident Log,Incident Investigation Action Items,Girls Prayer Room,Conduct awareness sessions for workers on reporting dizziness or health discomfort immediately,Low,PRD,Hammad Ali Khan,Immediate,Done,
641,01/06/2026,Jan,HSE,Incident Log,Incident Investigation Action Items,Girls Prayer Room,Encourage supervisors to observe worker health conditions during shifts,Low,PRD,Hammad Ali Khan,Immediate,Done,
642,01/06/2026,Jan,HSE,Incident Log,Incident Investigation Action Items,Girls Prayer Room,Proper meal should be provided to female workers during shift breaks to avoid health issues.,Low,ADM IR & HR,Shahid Bashir,02/02/2026,Done,
643,01/06/2026,Jan,HSE,Incident Log,Incident Investigation Action Items,Girls Prayer Room,"Improve workplace conditions by ensuring proper ventilation, and implementing effective work-rest cycles, especially for the jobs involving prolonged standing.",Medium,ADM IR & HR,Shahid Bashir,02/10/2026,WIP,
644,01/08/2026,Jan,HSE,Incident Log,Incident Investigation Action Items,Line-1 Stackers.,"Implement strict Lock-Out / Tag-Out during changeover
Ensure complete machine isolation before starting any work.",High,HSE,Naveed Taqvi,15/04/2026,WIP,
645,01/08/2026,Jan,HSE,Incident Log,Incident Investigation Action Items,Line-1 Stackers.,"Provide effective guarding / interlock on rollers
Prevent hand access to pinch points during operation and changeover",High,ESD,Adeel Siddiqui  ,Q3 2026,WIP,
646,01/08/2026,Jan,HSE,Incident Log,Incident Investigation Action Items,Line-1 Stackers.,"Revise and enforce safe changeover SOP
Include clear steps, hand safety precautions, and do-not-touch zones.",Medium,PRD,Hammad Ali Khan,Q1 2026,Done,
647,01/08/2026,Jan,HSE,Incident Log,Incident Investigation Action Items,Line-1 Stackers.,"Conduct focused training on pinch-point hazards
Regular awareness sessions for operators and helpers.",Low,HSE,Naveed Taqvi,Immediate,Done,
648,01/08/2026,Jan,HSE,Incident Log,Incident Investigation Action Items,"Mixing Area, B-62",Consider anti-slip floor coatings in high-risk areas,High,ADM IR & HR,Shahid Bashir,Q2 2026,Pending,
649,01/08/2026,Jan,HSE,Incident Log,Incident Investigation Action Items,"Mixing Area, B-63",Install warning signs in slippery areas to alert personnel.,Medium,PRD,Hammad Ali Khan,Q1 2026,Done,
650,01/08/2026,Jan,HSE,Incident Log,Incident Investigation Action Items,"Mixing Area, B-64",Conduct awareness/training sessions for all workers and clerks on safe walking practices and hazard recognition.,Low,ADM IR & HR,Shahid Bashir,Immediate,Done,
651,01/08/2026,Jan,HSE,Incident Log,Incident Investigation Action Items,"Mixing Area, B-65",Ensure all personnel wear slip-resistant footwear while on plant floor.,Medium,ADM IR & HR,Shahid Bashir,Q2 2026,Pending,subject to budget approval
652,02/05/2026,Feb,HSE,Incident Log,Incident Investigation Action Items,L-1 Pack,Avoid unnecessary use of cutters during packing activities.,Medium,PRD,Hammad Ali Khan,Q2 2026,Done,
653,02/05/2026,Feb,HSE,Incident Log,Incident Investigation Action Items,L-1 Pack,Supervisors to monitor proper tool usage at all times.,High,PRD,Hammad Ali Khan,Immediate,Done,
654,02/05/2026,Feb,HSE,Incident Log,Incident Investigation Action Items,L-1 Pack,Display clear safety instructions for safe opening of materials.,Low,HSE ,Naveed Taqvi,Immediate,Done,
655,02/05/2026,Feb,HSE,Incident Log,Incident Investigation Action Items,L-1 Pack,Conduct tool safety refresher sessions to reinforce safe work practices.,Low,HSE,Naveed Taqvi,Immediate,Done,
656,02/05/2026,Feb,HSE,Incident Log,Incident Investigation Action Items,L-1 Pack,Encourage reporting and discussion of unsafe acts to prevent similar incidents in the future.,Medium,PRD,Hammad Ali Khan,Immediate,Done,
657,02/07/2026,Feb,HSE,Incident Log,Incident Investigation Action Items,L-2 Pack,"Reinforce and strictly enforce the safe jam-clearing procedure, clearly stating that only cone sticks must be used and manual intervention is strictly prohibited.",High,PRD,Hammad Ali Khan,Q2 2026,WIP,
658,02/07/2026,Feb,HSE,Incident Log,Incident Investigation Action Items,L-2 Pack,Conduct refresher training for all operators on safe jam-clearing practices and document attendance.,High,HSE,Naveed Taqvi,Immediate,Done,
659,02/07/2026,Feb,HSE,Incident Log,Incident Investigation Action Items,L-2 Pack,Assign responsible supervisors to monitor compliance during each shift and conduct random safety checks.,Medium,PRD,Hammad Ali Khan,Immediate,Done,
660,02/07/2026,Feb,HSE,Incident Log,Incident Investigation Action Items,L-2 Pack,"Need to Conduct a detailed audit of all channel feeding points to:
- Assess the requirement of cone sticks per feeding point
- Ensure adequate availability of cone sticks
- Verify proper placement and accessibility",High,HSE,Naveed Taqvi,02/05/2026,Done,
661,02/07/2026,Feb,HSE,Incident Log,Incident Investigation Action Items,L-2 Pack,Define and standardize the required number of cone sticks for each channel feeding point based on operational needs.,High,HSE,Naveed Taqvi,15/02/2026,WIP,
662,02/07/2026,Feb,HSE,Incident Log,Incident Investigation Action Items,L-2 Pack,Distribute designated cone sticks to all relevant operators and maintain proper issuance records.,High,PRD,Hammad Ali Khan,Q2 2026,WIP,
663,02/07/2026,Feb,HSE,Incident Log,Incident Investigation Action Items,L-2 Pack,Include cone stick availability and compliance verification in routine safety inspections and audits.,High,HSE,Naveed Taqvi,Q2 2026,WIP,
664,02/07/2026,Feb,HSE,Incident Log,Incident Investigation Action Items,Bike Parking Aera,Strictly prohibit all unauthorized and temporary electrical tapping across facilities. Any deviation shall be treated as a serious safety violation.,Medium,ESD,Adeel Siddiqui  ,Q3 2026,Pending,
665,02/07/2026,Feb,HSE,Incident Log,Incident Investigation Action Items,Bike Parking Aera,"Mandate formal approval by competent electrical technician and HSE clearance for all temporary and permanent electrical connections. All temporary electrical connections shall be technically reviewed and approved by a competent Electrical Engineer, jointly with the HSE team, prior to installation and energization.",Medium,ESD,Adeel Siddiqui  ,Immediate,Done,
666,02/07/2026,Feb,HSE,Incident Log,Incident Investigation Action Items,Bike Parking Aera,Develop a formal protocol for temporary electrical connections and procure standard cable jointing kits to prevent substandard electrical installations.,Medium,ESD,Adeel Siddiqui  ,Q2 2026,WIP,
667,02/07/2026,Feb,HSE,Incident Log,Incident Investigation Action Items,Bike Parking Aera,"Install appropriate protective devices (MCB/RCCB/ELCB) for all lighting circuits and temporary power supplies, including the bike parking area, to ensure automatic isolation during fault conditions.",Medium,ESD,Adeel Siddiqui  ,Q2 2026,Pending,
668,02/07/2026,Feb,HSE,Incident Log,Incident Investigation Action Items,Bike Parking Aera,"Ensure all electrical works are carried out only by authorized and competent electricians, in accordance with applicable electrical standards and codes.",Medium,ESD,Adeel Siddiqui  ,Immediate,Done,
669,02/07/2026,Feb,HSE,Incident Log,Incident Investigation Action Items,Bike Parking Aera,"Arrange a comprehensive third-party electrical specialist audit of the complete electrical system to identify gaps, non-compliances, and improvement opportunities.",Low,ESD,Adeel Siddiqui  ,Q2 2026,Pending,
670,02/07/2026,Feb,HSE,Incident Log,Incident Investigation Action Items,Bike Parking Aera,"Implement a periodic inspection and audit program for electrical installations, with special focus on common areas, temporary arrangements, and outdoor installations.",High,HSE,Naveed Taqvi,Immediate,Done,
671,02/07/2026,Feb,HSE,Incident Log,Incident Investigation Action Items,Bike Parking Aera,"Ensure all electrical wiring is properly insulated, mechanically protected, and securely routed away from metal structures to prevent contact, sparking, and short-circuiting.",High,HSE,Naveed Taqvi,Immediate,Done,
672,02/07/2026,Feb,HSE,Incident Log,Incident Investigation Action Items,Bike Parking Aera,"Update, implement, and strictly enforce risk assessment and SOPs clearly defining controls, approval mechanisms, and responsibilities for temporary and permanent electrical arrangements, including mandatory HSE involvement.",High,HSE,Naveed Taqvi,Immediate,Done,
673,02/07/2026,Feb,HSE,Incident Log,Incident Investigation Action Items,Bike Parking Aera,"Ensure fire extinguishers are available, accessible, and regularly inspected and maintained in the bike parking area and other identified risk locations.",High,HSE,Naveed Taqvi,Immediate,Done,
674,02/07/2026,Feb,HSE,Incident Log,Incident Investigation Action Items,Bike Parking Aera,"Conduct regular electrical safety awareness and refresher training sessions for Admin, Security, Maintenance teams, and contractors to reinforce safe practices and compliance requirements.",Medium,HSE,Naveed Taqvi,Immediate,Done,
675,21/02/2026,Feb,HSE,Incident Log,Incident Investigation Action Items,Girls Canteen,"Implement a regular inspection and maintenance schedule for drains, wash basins, and wet areas to prevent water accumulation.",Medium,ADM IR & HR,Shahid Bashir,Immediate,Done,
676,21/02/2026,Feb,HSE,Incident Log,Incident Investigation Action Items,Girls Canteen,Replace fragile and slippery tiles in the cafeteria with slip-resistant flooring and apply anti-slip coatings where necessary.,Medium,ADM IR & HR,Shahid Bashir,20/02/2026,Done,
677,21/02/2026,Feb,HSE,Incident Log,Incident Investigation Action Items,Girls Canteen,Install full-coverage anti-slip mats in all wet areas and ensure they are regularly inspected and maintained.,Medium,ADM IR & HR,Shahid Bashir,25/02/2026,Done,
678,21/02/2026,Feb,HSE,Incident Log,Incident Investigation Action Items,Girls Canteen,Provide mandatory safety shoes (anti-slip ) to all employees and contractors working in CBL.,Medium,ADM IR & HR,Shahid Bashir,Q1 2026,Pending,subject to budget approval
679,21/02/2026,Feb,HSE,Incident Log,Incident Investigation Action Items,Girls Canteen,Ensure visible “Wet Floor” signage is available and deployed immediately whenever water or spills are present.,High,HSE,Naveed Taqvi,Immediate,Done,
680,21/02/2026,Feb,HSE,Incident Log,Incident Investigation Action Items,Girls Canteen,Establish a structured housekeeping and spill response plan with defined responsibilities and response times.,Medium,ADM IR & HR,Shahid Bashir,03/10/2026,Done,
681,21/02/2026,Feb,HSE,Incident Log,Incident Investigation Action Items,Girls Canteen,"Conduct periodic employee training on hazard identification, timely spill reporting, and safe work practices in wet areas.",Medium,HSE,Naveed Taqvi,Immediate,Done,
682,21/02/2026,Feb,HSE,Incident Log,Incident Investigation Action Items,Girls Canteen,"Strengthen inspection and supervision framework for wet areas, including checklists, audits, and accountability measures.",Medium,ADM IR & HR,Shahid Bashir,03/05/2026,Done,
683,21/02/2026,Feb,HSE,Incident Log,Incident Investigation Action Items,Girls Canteen,Assign responsible personnel to enforce compliance with safety controls and ensure preventive actions are followed consistently.,High,HSE,Naveed Taqvi,Immediate,Done,
684,21/02/2026,Feb,HSE,Incident Log,Incident Investigation Action Items,Girls Canteen,"Introduce a daily cleaning and inspection schedule for all wet areas, including drains, floors, and wash basins.",High,ADM IR & HR,Shahid Bashir,Immediate,Done,
685,25/02/2026,Feb,HSE,Incident Log,Incident Investigation Action Items,Girls Washroom,Implement a structured cleaning and inspection schedule for washroom and canteen areas.,Medium,ADM IR & HR,Shahid Bashir,Immediate,Done,
686,25/02/2026,Feb,HSE,Incident Log,Incident Investigation Action Items,Girls Washroom,Clear blocked drains regularly to prevent water accumulation.,Medium,ADM IR & HR,Shahid Bashir,Immediate,Done,
687,25/02/2026,Feb,HSE,Incident Log,Incident Investigation Action Items,Girls Washroom,"Repair or replace fragile, worn, or highly slippery tiles.",Medium,ADM IR & HR,Shahid Bashir,03/10/2026,Done,
688,25/02/2026,Feb,HSE,Incident Log,Incident Investigation Action Items,Girls Washroom,"Ensure anti-slip mats cover entire exit and transition areas, including corners.",Medium,ADM IR & HR,Shahid Bashir,Q2 2026,Done,
689,25/02/2026,Feb,HSE,Incident Log,Incident Investigation Action Items,Girls Washroom,Inspect and maintain mats regularly to ensure effectiveness.,Medium,ADM IR & HR,Shahid Bashir,Immediate,Done,
690,25/02/2026,Feb,HSE,Incident Log,Incident Investigation Action Items,Girls Washroom,Install non-slip step treads or handrails at washroom exit to address 2-feet elevation difference.,Medium,ADM IR & HR,Shahid Bashir,03/10/2026,Done,
691,25/02/2026,Feb,HSE,Incident Log,Incident Investigation Action Items,Girls Washroom,Consider slope adjustment or floor leveling where feasible to minimize fall risk.,Medium,ADM IR & HR,Shahid Bashir,Immediate,Done,
692,25/02/2026,Feb,HSE,Incident Log,Incident Investigation Action Items,Girls Washroom,Provide mandatory safety shoes (anti-slip ) to all employees and contractors working in CBL.,Medium,ADM IR & HR,Shahid Bashir,Q2 2026,Pending,
693,25/02/2026,Feb,HSE,Incident Log,Incident Investigation Action Items,Girls Washroom,Prohibit undersized or non-compliant slippers in operational zones.,Medium,ADM IR & HR,Shahid Bashir,Immediate,Done,
694,25/02/2026,Feb,HSE,Incident Log,Incident Investigation Action Items,Girls Washroom,"Install “Wet Floor” signage in all wet areas, including washroom exits.",High,HSE,Naveed Taqvi,Immediate,Done,
695,25/02/2026,Feb,HSE,Incident Log,Incident Investigation Action Items,Girls Washroom,Conduct training sessions for employees on identifying and reporting unsafe conditions.,High,HSE,Naveed Taqvi,Immediate,Done,
696,25/02/2026,Feb,HSE,Incident Log,Incident Investigation Action Items,Girls Washroom,"Conduct regular audits to ensure compliance with footwear policy, wet area management, and signage placement.",Medium,HSE,Naveed Taqvi,Immediate,Done,
697,26/02/2026,Feb,HSE,Incident Log,Incident Investigation Action Items,"L-5 Oven, IGF-1",Revalidate IGF-1 operating temperature against the design rating of the viewing glass and define clearly documented Safe Operating Limits (SOL) to prevent overheating.,High,ESD,Adeel Siddiqui  ,Q2 2026,Pending,
698,26/02/2026,Feb,HSE,Incident Log,Incident Investigation Action Items,"L-5 Oven, IGF-2",Install or recalibrate independent high-temperature alarms and interlock/trip systems to ensure automatic protection if temperature exceeds critical limits.,High,ESD,Adeel Siddiqui  ,Q2 2026,Pending,
699,26/02/2026,Feb,HSE,Incident Log,Incident Investigation Action Items,"L-5 Oven, IGF-3",Upgrade the existing viewing glass to a certified high-temperature resistant material meeting required thermal and mechanical stress specifications.,High,ESD,Adeel Siddiqui  ,Q2 2026,Pending,
700,26/02/2026,Feb,HSE,Incident Log,Incident Investigation Action Items,"L-5 Oven, IGF-4",Include IGF tubes and viewing glasses in a formal preventive maintenance and integrity inspection program with defined inspection intervals and replacement criteria.,Medium,ESD,Adeel Siddiqui  ,Immediate,Pending,
701,26/02/2026,Feb,HSE,Incident Log,Incident Investigation Action Items,"L-5 Oven, IGF-5",Implement continuous temperature data logging with periodic trend analysis to detect abnormal temperature rise and take proactive corrective action.,Medium,ESD,Adeel Siddiqui  ,Immediate,Pending,
702,03/03/2026,March,HSE,Incident Log,Incident Investigation Action Items,Line-8A SPS-2,"Reinforce and strictly enforce the safe jam-clearing procedure, clearly stating that only cone sticks must be used and manual intervention is strictly prohibited.",Medium,PRD,Hammad Ali Khan,Q1 2026,WIP,
703,03/03/2026,March,HSE,Incident Log,Incident Investigation Action Items,Line-8A SPS-3,Conduct refresher training for all operators on safe clearing practices and document attendance.,High,HSE,Naveed Taqvi,Q1 2026,Done,
704,03/03/2026,March,HSE,Incident Log,Incident Investigation Action Items,Line-8A SPS-4,Assign responsible supervisors to monitor compliance during each shift and conduct random safety checks.,Medium,PRD,Hammad Ali Khan,Immediate,Done,
705,03/03/2026,March,HSE,Incident Log,Incident Investigation Action Items,Line-8A SPS-5,"Need to Conduct a detailed audit of all such points to:

- Assess the requirement of cone sticks per feeding point
- Ensure adequate availability of cone sticks
- Verify proper placement and accessibility",High,HSE,Naveed Taqvi,Immediate,Done,
706,03/03/2026,March,HSE,Incident Log,Incident Investigation Action Items,Line-8A SPS-6,Define and standardize the required number of cone sticks for each channel feeding point based on operational needs.,High,HSE,Naveed Taqvi,Q1 2026,Done,
707,03/03/2026,March,HSE,Incident Log,Incident Investigation Action Items,Line-8A SPS-7,Distribute designated cone sticks to all relevant operators and maintain proper issuance records.,High,PRD,Hammad Ali Khan,Q2 2026,WIP,
708,03/03/2026,March,HSE,Incident Log,Incident Investigation Action Items,Line-8A SPS-8,Include cone stick availability and compliance verification in routine safety inspections and audits.,Medium,HSE,Naveed Taqvi,Q2 2026,WIP,
709,27/03/2026,March,HSE,Incident Log,Incident Investigation Action Items,L-11 Pack,Replace the damaged cable as per standard requirements,High,ESD,Adeel Siddiqui  ,Immediate,Done,
710,27/03/2026,March,HSE,Incident Log,Incident Investigation Action Items,L-11 Pack,"Ensure proper routing, adequate length, and insulation protection",High,ESD,Adeel Siddiqui  ,Immediate,Done,
711,27/03/2026,March,HSE,Incident Log,Incident Investigation Action Items,L-11 Pack,Install cables through proper conduit/tray system,Medium,ESD,Adeel Siddiqui  ,Immediate,Pending,
712,27/03/2026,March,HSE,Incident Log,Incident Investigation Action Items,L-11 Pack,Implement a routine inspection and preventive maintenance plan for all electrical systems,Medium,ESD,Adeel Siddiqui  ,Immediate,Done,
713,27/03/2026,March,HSE,Incident Log,Incident Investigation Action Items,L-11 Pack,Strengthen supervision and accountability for electrical safety compliance,Medium,PRD,Hammad Ali Khan,Immediate,Done,
714,27/03/2026,March,HSE,Incident Log,Incident Investigation Action Items,L-11 Pack,Ensure timely closure of repeated observations/incidents,Medium,ESD,Adeel Siddiqui  ,Immediate,Pending,
715,27/03/2026,March,HSE,Incident Log,Incident Investigation Action Items,L-11 Pack,"Conduct a plant-wide inspection of all cables to identify unsafe jointing, improper taping, and unsafe routing conditions",High,HSE,Naveed Taqvi,Immediate,Done,
716,27/03/2026,March,HSE,Incident Log,Incident Investigation Action Items,L-11 Pack,Provide awareness and training to workers on electrical hazards and safe practices,High,HSE ,Naveed Taqvi,Immediate,Done,
717,27/03/2026,March,HSE,Incident Log,Incident Investigation Action Items,L-11 Pack,Establish a proper reporting and escalation system for incidents to prevent recurrence,Medium,HSE ,Naveed Taqvi,Immediate,Done,
718,15-Mar-26,March,Yaseen,Critical / Specialist Audit Plan,Project site,Deecon Project Sirte,Remove substandard connections from the site and replace with 3-pin switches.,High,PRJ,Khurram Raza,01-Apr-26,Done,
719,15-Mar-26,March,Yaseen,Critical / Specialist Audit Plan,Project site,Deecon Project Sirte,Remove substandard connections from the site and replace with 3-pin switches.,High,PRJ,Khurram Raza,02-Apr-26,Done,
720,15-Mar-26,March,Yaseen,Critical / Specialist Audit Plan,Project site,Deecon Project Sirte,Remove substandard connections from the site and replace with 3-pin switches.,High,PRJ,Khurram Raza,03-Apr-26,Done,
721,15-Mar-26,March,Yaseen,Critical / Specialist Audit Plan,Project site,Deecon Project Sirte,Remove substandard connections from the site and replace with 3-pin switches.,High,PRJ,Khurram Raza,04-Apr-26,Done,
722,15-Mar-26,March,Yaseen,Critical / Specialist Audit Plan,Project site,Deecon Project Sirte,Remove substandard connections from the site and replace with 3-pin switches.,High,PRJ,Khurram Raza,05-Apr-26,Done,
723,15-Mar-26,March,Yaseen,Critical / Specialist Audit Plan,Project site,Deecon Project Sirte,Install safety cover of grinder,High,PRJ,Khurram Raza,06-Apr-26,Done,
724,15-Mar-26,March,Yaseen,Critical / Specialist Audit Plan,Project site,Deecon Project Sirte,Install safety cover of grinder,High,PRJ,Khurram Raza,07-Apr-26,Done,
725,15-Mar-26,March,Yaseen,Critical / Specialist Audit Plan,Project site,Deecon Project Sirte,Area clearence required,Medium,PRJ,Khurram Raza,08-Apr-26,Done,
726,15-Mar-26,March,Yaseen,Critical / Specialist Audit Plan,Project site,Deecon Project Sirte,Area clearence required,Medium,PRJ,Khurram Raza,09-Apr-26,Done,
727,04/10/2026,March,Kashif,Critical / Specialist Audit Plan,Electrical Safety,Plant premises,Maintain the required clearance around electrical panels and distribution boards. Remove any obstruction and improve housekeeping around the panels.,High,PRD,Hammad Ali Khan,10-Apr-26,Pending,
728,28/04/2026,March,Kashif,Critical / Specialist Audit Plan,Electrical Safety,Plant premises,"Clearly label all electrical panels, breakers, and circuits with durable and permanent identification to ensure easy identification and safe isolation during emergencies.",High,ESD,Adeel Siddiqui  ,10-Apr-26,Pending,
729,28/04/2026,March,Kashif,Critical / Specialist Audit Plan,Electrical Safety,Plant premises,Inspect all wiring and cables for damage or overheating. Repair or replace damaged wiring and ensure all exposed conductors are properly insulated.,High,ESD,Adeel Siddiqui  ,10-Apr-26,Pending,
730,28/04/2026,March,Kashif,Critical / Specialist Audit Plan,Electrical Safety,Plant premises,Conduct periodic testing and verification of the earthing system to ensure proper grounding and continuity.,High,ESD,Adeel Siddiqui  ,10-Apr-26,Pending,
731,28/04/2026,March,Kashif,Critical / Specialist Audit Plan,Electrical Safety,Plant premises,Verify the ratings and functionality of protective devices (MCB/MCCB/fuses) and replace or upgrade where necessary.,High,ESD,Adeel Siddiqui  ,10-Apr-26,Pending,
732,28/04/2026,March,Kashif,Critical / Specialist Audit Plan,Electrical Safety,Plant premises,Immediately implement Lockout/Tagout (LOTO) procedures during electrical maintenance and provide proper training to personnel on LOTO practices.,High,ESD,Adeel Siddiqui  ,10-Apr-26,Pending,
733,28/04/2026,March,Kashif,Critical / Specialist Audit Plan,Electrical Safety,Plant premises,Install Arc Flash hazard warning labels on all applicable electrical panels to alert workers about potential electrical hazards.,High,ESD,Adeel Siddiqui  ,10-Apr-26,Pending,
734,28/04/2026,March,Kashif,Critical / Specialist Audit Plan,Electrical Safety,Plant premises,"Ensure all cables are properly routed through cable trays, conduits, or trunking. Eliminate loose or hanging wiring and secure all cable installations.",High,ESD,Adeel Siddiqui  ,10-Apr-26,Pending,
735,28/04/2026,March,Kashif,Critical / Specialist Audit Plan,Electrical Safety,Plant premises,Establish a regular inspection and maintenance program for portable electrical tools and extension cords. Remove any defective equipment from service.,High,ESD,Adeel Siddiqui  ,10-Apr-26,Pending,
736,28/04/2026,March,Kashif,Critical / Specialist Audit Plan,Electrical Safety,Plant premises,Install Residual Current Devices (RCD/GFCI) in wet or hazardous areas and ensure they are periodically tested and documented.,High,ESD,Adeel Siddiqui  ,10-Apr-26,Pending,
737,28/04/2026,March,Kashif,Critical / Specialist Audit Plan,Electrical Safety,Plant premises,"Ensure emergency power shut-off switches are clearly marked, easily accessible, and regularly tested for proper functionality.",High,ESD,Adeel Siddiqui  ,10-Apr-26,Pending,
738,28/04/2026,March,Kashif,Critical / Specialist Audit Plan,Electrical Safety,Plant premises,Preventive maintenance and inspection records are properly maintained. Continue the current system and ensure periodic review and updates.,High,ESD,Adeel Siddiqui  ,10-Apr-26,Pending,
739,28/04/2026,March,Kashif,Critical / Specialist Audit Plan,Electrical Safety,Plant premises,"Provide appropriate electrical PPE (insulated gloves, face shields, arc-rated clothing) and enforce its mandatory use during electrical work.",High,ESD,Adeel Siddiqui  ,10-Apr-26,Pending,
740,28/04/2026,March,Kashif,Critical / Specialist Audit Plan,Electrical Safety,Plant premises,Conduct load assessment and ensure electrical circuits are adequately protected against overload conditions.,High,ESD,Adeel Siddiqui  ,10-Apr-26,Pending,
741,28/04/2026,March,Kashif,Critical / Specialist Audit Plan,Electrical Safety,Plant premises,Review electrical installations to ensure compliance with applicable electrical safety standards and rectify any non-compliance.,High,ESD,Adeel Siddiqui  ,10-Apr-26,Pending,
742,28/04/2026,March,Kashif,Critical / Specialist Audit Plan,Electrical Safety,Plant premises,All The workers are trained aboud the electrical hazard.,High,HSE,Naveed Taqvi,10-Apr-26,Done,
743,28/04/2026,March,Kashif,Critical / Specialist Audit Plan,Electrical Safety,Plant premises,Remove all the non industrial 2-Pin switch board and replace it with 3 Pin industrial sockets.,High,ESD,Adeel Siddiqui  ,10-Apr-26,Pending,
744,28/04/2026,March,Kashif,Critical / Specialist Audit Plan,Electrical Safety,Plant premises,Non?industrial or defective receptacles should be replaced with compliant industrial-grade outlets and all power connection points must be corrected within the required timeframe.,High,ESD,Adeel Siddiqui  ,10-Apr-26,Pending,
745,28/04/2026,March,Kashif,Critical / Specialist Audit Plan,Electrical Safety,Plant premises,Defective power tools must be removed from use and repaired or replaced immediately with proper documentation and inspection controls.,High,ESD,Adeel Siddiqui  ,10-Apr-26,Pending,
746,28/04/2026,March,Kashif,Critical / Specialist Audit Plan,Electrical Safety,Plant premises,All damaged or non?sealed enclosures should be repaired to restore proper IP protection and prevent dust or moisture ingress.,High,ESD,Adeel Siddiqui  ,10-Apr-26,Pending,
747,28/04/2026,March,Kashif,Critical / Specialist Audit Plan,Electrical Safety,Plant premises,Ventilation obstructions should be cleared and any overheating indications must be investigated and corrected promptly.,High,ESD,Adeel Siddiqui  ,10-Apr-26,Pending,
748,28/04/2026,March,Kashif,Critical / Specialist Audit Plan,Electrical Safety,Plant premises,"Housekeeping improvements, lighting correction, and removal of stored materials should be completed within the scheduled timeframe.",High,ESD,Adeel Siddiqui  ,10-Apr-26,Pending,
749,28/04/2026,March,Kashif,Critical / Specialist Audit Plan,Electrical Safety,Plant premises,Damaged or expired insulated tools should be replaced and testing records must be updated to maintain compliance.,High,ESD,Adeel Siddiqui  ,10-Apr-26,Pending,
750,28/04/2026,March,Kashif,Critical / Specialist Audit Plan,Electrical Safety,Plant premises,Deformed or unsupported conduits and trays should be repaired to restore proper mechanical support.,High,ESD,Adeel Siddiqui  ,10-Apr-26,Pending,
751,28/04/2026,March,Kashif,Critical / Specialist Audit Plan,Electrical Safety,Plant premises,Missing arc?flash markings must be installed immediately and boundary information communicated to all relevant personnel.,High,ESD,Adeel Siddiqui  ,10-Apr-26,Pending,
752,28/04/2026,March,Kashif,Critical / Specialist Audit Plan,Electrical Safety,Plant premises,Non?compliant equipment should be replaced with environment?rated units within the scheduled improvement period.,High,ESD,Adeel Siddiqui  ,10-Apr-26,Pending,
753,28/04/2026,March,Kashif,Critical / Specialist Audit Plan,Electrical Safety,Plant premises,Termination torque checks should be performed and recorded to ensure proper connection integrity.,High,ESD,Adeel Siddiqui  ,10-Apr-26,Pending,
754,28/04/2026,March,Kashif,Critical / Specialist Audit Plan,Electrical Safety,Plant premises,Immediate insulation resistance testing is required and circuits must remain isolated until satisfactory readings are achieved.,High,ESD,Adeel Siddiqui  ,10-Apr-26,Pending,
755,28/04/2026,March,Kashif,Critical / Specialist Audit Plan,Electrical Safety,Plant premises,Damaged or loose outlets and switches must be corrected or replaced to restore safe functionality.,High,ESD,Adeel Siddiqui  ,10-Apr-26,Pending,
756,28/04/2026,March,Kashif,Critical / Specialist Audit Plan,Electrical Safety,Plant premises,Updated short?circuit and coordination studies must be prepared immediately and protection settings verified.,High,ESD,Adeel Siddiqui  ,10-Apr-26,Pending,
757,28/04/2026,March,Kashif,Critical / Specialist Audit Plan,Electrical Safety,Plant premises,No corrective action is required; routine functional testing should continue as scheduled.,High,ESD,Adeel Siddiqui  ,10-Apr-26,Done,
758,28/04/2026,March,Kashif,Critical / Specialist Audit Plan,Electrical Safety,Plant premises,Missing limited or restricted approach boundary signage must be installed promptly to meet compliance.,Medium,ESD,Adeel Siddiqui  ,10-Apr-26,Pending,
759,28/04/2026,March,Kashif,Critical / Specialist Audit Plan,Electrical Safety,Plant premises,Expired or untested gloves must be removed from service immediately and replaced or retested without delay.,High,ESD,Adeel Siddiqui  ,10-Apr-26,Pending,
760,28/04/2026,March,Kashif,Critical / Specialist Audit Plan,Electrical Safety,Plant premises,Corroded earthing connections should be corrected and resistance values re?verified to maintain grounding reliability.,High,ESD,Adeel Siddiqui  ,10-Apr-26,Pending,
761,28/04/2026,March,Sarfraz Ali,Critical / Specialist Audit Plan,Warehouse Audit,FGS,"Fire extinguishers available, functional, and inspected regularly",High,HSE,Naveed Taqvi,Within 1 Week,Done,
762,28/04/2026,March,Sarfraz Ali,Critical / Specialist Audit Plan,Warehouse Audit,FGS,"Emergency exit routes clearly marked, unobstructed, and accessible",High,Stores,Muhammad Sheeraz Khan,Within 1 Week,Done,
763,28/04/2026,March,Sarfraz Ali,Critical / Specialist Audit Plan,Warehouse Audit,FGS,Emergency lights functional along exit routes,High,Stores,Muhammad Sheeraz Khan,Within 1 Week,Done,
764,28/04/2026,March,Sarfraz Ali,Critical / Specialist Audit Plan,Warehouse Audit,FGS,Fire alarms and detection systems operational,High,HSE,Naveed Taqvi,Within 1 Week,Pending,Subject to budget approval
765,28/04/2026,March,Sarfraz Ali,Critical / Specialist Audit Plan,Warehouse Audit,FGS,"Sprinkler system installed, accessible, and tested periodically",High,HSE,Naveed Taqvi,Monthly,Done,
766,28/04/2026,March,Sarfraz Ali,Critical / Specialist Audit Plan,Warehouse Audit,FGS,"Fire drills conducted periodically, staff trained",High,HSE,Naveed Taqvi,Completed,Done,
767,28/04/2026,March,Sarfraz Ali,Critical / Specialist Audit Plan,Warehouse Audit,FGS,"Electrical panels properly covered, labeled, and maintained",High,ESD,Adeel Siddiqui  ,2 Days,Pending,
768,28/04/2026,March,Sarfraz Ali,Critical / Specialist Audit Plan,Warehouse Audit,FGS,"No exposed wiring, faulty connections, or overloaded circuits",High,ESD,Adeel Siddiqui  ,2 Days,Done,
769,28/04/2026,March,Sarfraz Ali,Critical / Specialist Audit Plan,Warehouse Audit,FGS,"Combustible materials (paper, chemicals, packaging) stored away from electrical fittings, panels, and heat sources",High,Stores,Muhammad Sheeraz Khan,1 Day,Done,
770,28/04/2026,March,Sarfraz Ali,Critical / Specialist Audit Plan,Warehouse Audit,FGS,Heavy items stored at lower levels; items stacked at proper height,High,Stores,Muhammad Sheeraz Khan,1 Day,Done,
771,28/04/2026,March,Sarfraz Ali,Critical / Specialist Audit Plan,Warehouse Audit,FGS,Shelving/racks secured; load limits displayed and not exceeded,High,Stores,Muhammad Sheeraz Khan,1 Day,Done,
772,28/04/2026,March,Sarfraz Ali,Critical / Specialist Audit Plan,Warehouse Audit,FGS,Damaged racks repaired or marked out of service,High,Stores,Muhammad Sheeraz Khan,1 Week,Pending,
773,28/04/2026,March,Sarfraz Ali,Critical / Specialist Audit Plan,Warehouse Audit,FGS,"Forklifts, pallet trucks, and manual lifting equipment in good condition, defect-free",High,Stores,Muhammad Sheeraz Khan,Completed,Pending,
774,28/04/2026,March,Sarfraz Ali,Critical / Specialist Audit Plan,Warehouse Audit,FGS,Operators trained & authorized for equipment use,High,Stores,Muhammad Sheeraz Khan,Completed,Done,
775,28/04/2026,March,Sarfraz Ali,Critical / Specialist Audit Plan,Warehouse Audit,FGS,Safety guards installed on all moving machinery,High,ESD,Adeel Siddiqui  ,1 Day,Done,
776,28/04/2026,March,Sarfraz Ali,Critical / Specialist Audit Plan,Warehouse Audit,FGS,"Floors clean, dry, free from oil, water, or debris",Low,ADM IR & HR,Shahid Bashir,1 Week,Done,
777,28/04/2026,March,Sarfraz Ali,Critical / Specialist Audit Plan,Warehouse Audit,FGS,"Flooring condition inspected for cracks, rough patches, uneven surfaces, and water seepage",Medium,ADM IR & HR,Shahid Bashir,1 Week,Pending,
778,28/04/2026,March,Sarfraz Ali,Critical / Specialist Audit Plan,Warehouse Audit,FGS,"Waste properly segregated, stored, and disposed; aisles clear",High,Stores,Muhammad Sheeraz Khan,2 Days,Done,
779,28/04/2026,March,Sarfraz Ali,Critical / Specialist Audit Plan,Warehouse Audit,FGS,"Adequate lighting in aisles, racks, and work areas",High,Stores,Muhammad Sheeraz Khan,1 Week,Pending,
780,28/04/2026,March,Sarfraz Ali,Critical / Specialist Audit Plan,Warehouse Audit,FGS,Ventilation systems functional; air circulation adequate,High,Stores,Muhammad Sheeraz Khan,Completed,Pending,
781,28/04/2026,March,Sarfraz Ali,Critical / Specialist Audit Plan,Warehouse Audit,FGS,Noise levels monitored; hearing protection provided if required,Medium,Stores,Muhammad Sheeraz Khan,1 Day,Done,
782,28/04/2026,March,Sarfraz Ali,Critical / Specialist Audit Plan,Warehouse Audit,FGS,"Warning signs, hazard signs, and PPE requirements displayed",Medium,Stores,Muhammad Sheeraz Khan,1 Day,Done,
783,28/04/2026,March,Sarfraz Ali,Critical / Specialist Audit Plan,Warehouse Audit,FGS,"Workers wearing required PPE (helmets, gloves, shoes, vests, hearing protection)",Medium,Stores,Muhammad Sheeraz Khan,1 Day,Pending,
784,28/04/2026,March,Sarfraz Ali,Critical / Specialist Audit Plan,Warehouse Audit,FGS,"First aid kits available, stocked, and accessible",High,ADM IR & HR,Shahid Bashir,Completed,Pending,
785,28/04/2026,March,Sarfraz Ali,Critical / Specialist Audit Plan,Warehouse Audit,FGS,Emergency contact numbers displayed,High,Stores,Muhammad Sheeraz Khan,1 Day,Done,
786,28/04/2026,March,Sarfraz Ali,Critical / Specialist Audit Plan,Warehouse Audit,FGS,Internal vehicle routes defined and marked for forklifts/trucks,High,Stores,Muhammad Sheeraz Khan,Completed,Pending,
787,28/04/2026,March,Sarfraz Ali,Critical / Specialist Audit Plan,Warehouse Audit,FGS,Pedestrian walkways segregated from vehicle movement routes,High,HSE,Naveed Taqvi,Completed,Done,
788,28/04/2026,March,Sarfraz Ali,Critical / Specialist Audit Plan,Warehouse Audit,FGS,Any warehouse incidents or near-misses recorded and investigated,High,Stores,Muhammad Sheeraz Khan,Completed,Done,
789,28/04/2026,March,Sarfraz Ali,Critical / Specialist Audit Plan,Warehouse Audit,FGS,"High-risk zones (flammable, chemical storage) properly labeled and isolated",High,Stores,Muhammad Sheeraz Khan,Completed,Pending,
790,28/04/2026,March,Sarfraz Ali,Critical / Specialist Audit Plan,Warehouse Audit,FGS,CCTV or monitoring systems operational in critical areas,High,IT,Adnan Qazzafi,Ongoing,Pending,
791,28/04/2026,March,Sarfraz Ali,Critical / Specialist Audit Plan,Warehouse Audit,FGS,Security / access control prevents unauthorized entry,High,ADM IR & HR,Shahid Bashir,Ongoing,Pending,
792,30/06/2025,June,Safiullah,Critical / Specialist Audit Plan,Audit Lux Level Monitoring,Line 11 Packing,"- 429 Lux, Install additional lighting fixtures or upgrade existing lights to meet required lux standards.",High,ESD,Adeel Siddiqui  ,10-Jan-26,Done,
793,30/06/2025,June,Safiullah,Critical / Specialist Audit Plan,Audit Lux Level Monitoring,Line 11 Chemical Room,"-295 Lux, Install additional lighting fixtures or upgrade existing lights to meet required lux standards.",High,ESD,Adeel Siddiqui  ,11-Jan-26,Done,
794,30/06/2025,June,Safiullah,Critical / Specialist Audit Plan,Audit Lux Level Monitoring,Line 11 Oven,"- 116 Lux, Install additional lighting fixtures or upgrade existing lights to meet required lux standards.",Medium,ESD,Adeel Siddiqui  ,12-Jan-26,Done,
795,30/06/2025,June,Safiullah,Critical / Specialist Audit Plan,Audit Lux Level Monitoring,Line 11 Cutting,"- 264 Lux, Install additional lighting fixtures or upgrade existing lights to meet required lux standards.",High,ESD,Adeel Siddiqui  ,13-Jan-26,Done,
796,30/06/2025,June,Safiullah,Critical / Specialist Audit Plan,Audit Lux Level Monitoring,Line 11 Mixing,"- 204 Lux, Install additional lighting fixtures or upgrade existing lights to meet required lux standards.",Medium,ESD,Adeel Siddiqui  ,14-Jan-26,Done,
797,30/06/2025,June,Safiullah,Critical / Specialist Audit Plan,Audit Lux Level Monitoring,Line 11 Hopper,"- 132 Lux, Install additional lighting fixtures or upgrade existing lights to meet required lux standards.",Medium,ESD,Adeel Siddiqui  ,15-Jan-26,Done,
798,30/06/2025,June,Safiullah,Critical / Specialist Audit Plan,Audit Lux Level Monitoring,Oven Roof,"- 44 Lux, Install additional lighting fixtures or upgrade existing lights to meet required lux standards.",Low,ESD,Adeel Siddiqui  ,16-Jan-26,Pending,
799,30/06/2025,June,Safiullah,Critical / Specialist Audit Plan,Audit Lux Level Monitoring,Brown Sugar,"- 271 Lux, Install additional lighting fixtures or upgrade existing lights to meet required lux standards.",High,ESD,Adeel Siddiqui  ,17-Jan-26,Pending,
800,30/06/2025,June,Safiullah,Critical / Specialist Audit Plan,Audit Lux Level Monitoring,Chiller Room,"- 157 Lux, Install additional lighting fixtures or upgrade existing lights to meet required lux standards.",Medium,ESD,Adeel Siddiqui  ,18-Jan-26,Pending,
801,30/06/2025,June,Safiullah,Critical / Specialist Audit Plan,Audit Lux Level Monitoring,Silo Area,"- 11 Lux, Install additional lighting fixtures or upgrade existing lights to meet required lux standards.",Low,ESD,Adeel Siddiqui  ,19-Jan-26,Done,
802,30/06/2025,June,Safiullah,Critical / Specialist Audit Plan,Audit Lux Level Monitoring,Gallery ,"- 4 Lux, Install additional lighting fixtures or upgrade existing lights to meet required lux standards.",Low,ESD,Adeel Siddiqui  ,20-Jan-26,Done,
803,30/06/2025,June,Safiullah,Critical / Specialist Audit Plan,Audit Lux Level Monitoring,Chemical Room Ground  Floor,"- 105 Lux, Install additional lighting fixtures or upgrade existing lights to meet required lux standards.",Medium,ESD,Adeel Siddiqui  ,21-Jan-26,Done,
804,30/06/2025,June,Safiullah,Critical / Specialist Audit Plan,Audit Lux Level Monitoring,ESD Store,"- 239 Lux, Install additional lighting fixtures or upgrade existing lights to meet required lux standards.",Medium,ESD,Adeel Siddiqui  ,22-Jan-26,Pending,
805,30/06/2025,June,Safiullah,Critical / Specialist Audit Plan,Audit Lux Level Monitoring,Chocolate Plant,"- 416 Lux, Install additional lighting fixtures or upgrade existing lights to meet required lux standards.",High,ESD,Adeel Siddiqui  ,23-Jan-26,Pending,
806,30/06/2025,June,Safiullah,Critical / Specialist Audit Plan,Audit Lux Level Monitoring,Washing Area,"- 165 Lux, Install additional lighting fixtures or upgrade existing lights to meet required lux standards.",Medium,ESD,Adeel Siddiqui  ,24-Jan-26,Pending,
807,30/06/2025,June,Safiullah,Critical / Specialist Audit Plan,Audit Lux Level Monitoring,Egg Room,"- 64 Lux, Install additional lighting fixtures or upgrade existing lights to meet required lux standards.",Low,ESD,Adeel Siddiqui  ,25-Jan-26,Done,
808,30/06/2025,June,Safiullah,Critical / Specialist Audit Plan,Audit Lux Level Monitoring,QC Lab,"- 656 Lux, Install additional lighting fixtures or upgrade existing lights to meet required lux standards.",High,ESD,Adeel Siddiqui  ,26-Jan-26,Done,
809,30/06/2025,June,Safiullah,Critical / Specialist Audit Plan,Audit Lux Level Monitoring,Rework Room,"- 167 Lux, Install additional lighting fixtures or upgrade existing lights to meet required lux standards.",Medium,ESD,Adeel Siddiqui  ,27-Jan-26,Done,
810,30/06/2025,June,Safiullah,Critical / Specialist Audit Plan,Audit Lux Level Monitoring,Hopper Room,"- 122 Lux, Install additional lighting fixtures or upgrade existing lights to meet required lux standards.",Medium,ESD,Adeel Siddiqui  ,28-Jan-26,Done,
811,30/06/2025,June,Safiullah,Critical / Specialist Audit Plan,Audit Lux Level Monitoring,White Sugar Manually,"- 171 Lux, Install additional lighting fixtures or upgrade existing lights to meet required lux standards.",Medium,ESD,Adeel Siddiqui  ,29-Jan-26,Done,
812,30/06/2025,June,Safiullah,Critical / Specialist Audit Plan,Audit Lux Level Monitoring,Oil Tank,"- 153 Lux, Install additional lighting fixtures or upgrade existing lights to meet required lux standards.",Medium,ESD,Adeel Siddiqui  ,30-Jan-26,Done,
813,30/06/2025,June,Safiullah,Critical / Specialist Audit Plan,Audit Lux Level Monitoring,PMS,"- 54 Lux, Install additional lighting fixtures or upgrade existing lights to meet required lux standards.",Low,ESD,Adeel Siddiqui  ,31-Jan-26,Pending,
814,30/06/2025,June,Safiullah,Critical / Specialist Audit Plan,Audit Lux Level Monitoring,Ishida Hall,"- 308 Lux, Install additional lighting fixtures or upgrade existing lights to meet required lux standards.",High,ESD,Adeel Siddiqui  ,01-Feb-26,Done,
815,30/06/2025,June,Safiullah,Critical / Specialist Audit Plan,Audit Lux Level Monitoring,Film Room,"- 184 Lux, Install additional lighting fixtures or upgrade existing lights to meet required lux standards.",Medium,ESD,Adeel Siddiqui  ,02-Feb-26,Done,
816,30/06/2025,June,Safiullah,Critical / Specialist Audit Plan,Audit Lux Level Monitoring,PMS near Line 10B ,"- 54 Lux, Install additional lighting fixtures or upgrade existing lights to meet required lux standards.",Low,ESD,Adeel Siddiqui  ,03-Feb-26,Done,
817,30/06/2025,June,Safiullah,Critical / Specialist Audit Plan,Audit Lux Level Monitoring,PMS Kirby Room,"- 66 Lux, Install additional lighting fixtures or upgrade existing lights to meet required lux standards.",Low,ESD,Adeel Siddiqui  ,04-Feb-26,Done,
818,30/06/2025,June,Safiullah,Critical / Specialist Audit Plan,Audit Lux Level Monitoring,Line 1 Oven,"- 22 Lux, Install additional lighting fixtures or upgrade existing lights to meet required lux standards.",Low,ESD,Adeel Siddiqui  ,05-Feb-26,Done,
819,30/06/2025,June,Safiullah,Critical / Specialist Audit Plan,Audit Lux Level Monitoring,Line 2 Oven,"- 110 Lux, Install additional lighting fixtures or upgrade existing lights to meet required lux standards.",Medium,ESD,Adeel Siddiqui  ,06-Feb-26,Done,
820,30/06/2025,June,Safiullah,Critical / Specialist Audit Plan,Audit Lux Level Monitoring,Line 3 Oven,"- 132 Lux, Install additional lighting fixtures or upgrade existing lights to meet required lux standards.",Medium,ESD,Adeel Siddiqui  ,07-Feb-26,Done,
821,30/06/2025,June,Safiullah,Critical / Specialist Audit Plan,Audit Lux Level Monitoring,Line 4 Oven,"- 148 Lux, Install additional lighting fixtures or upgrade existing lights to meet required lux standards.",Medium,ESD,Adeel Siddiqui  ,08-Feb-26,Done,
822,30/06/2025,June,Safiullah,Critical / Specialist Audit Plan,Audit Lux Level Monitoring,Line 5 Oven,"- 128 Lux, Install additional lighting fixtures or upgrade existing lights to meet required lux standards.",Medium,ESD,Adeel Siddiqui  ,09-Feb-26,Done,
823,30/06/2025,June,Safiullah,Critical / Specialist Audit Plan,Audit Lux Level Monitoring,Line 6 Oven,"- 127 Lux, Install additional lighting fixtures or upgrade existing lights to meet required lux standards.",Medium,ESD,Adeel Siddiqui  ,10-Feb-26,Done,
824,30/06/2025,June,Safiullah,Critical / Specialist Audit Plan,Audit Lux Level Monitoring,Line 7 Oven,"- 145 Lux, Install additional lighting fixtures or upgrade existing lights to meet required lux standards.",Medium,ESD,Adeel Siddiqui  ,11-Feb-26,Done,
825,30/06/2025,June,Safiullah,Critical / Specialist Audit Plan,Audit Lux Level Monitoring,Line 8 Oven,"- 149 Lux, Install additional lighting fixtures or upgrade existing lights to meet required lux standards.",Medium,ESD,Adeel Siddiqui  ,12-Feb-26,Done,
826,30/06/2025,June,Safiullah,Critical / Specialist Audit Plan,Audit Lux Level Monitoring,Line 9 Oven,"- 114 Lux, Install additional lighting fixtures or upgrade existing lights to meet required lux standards.",Medium,ESD,Adeel Siddiqui  ,13-Feb-26,Done,
827,30/06/2025,June,Safiullah,Critical / Specialist Audit Plan,Audit Lux Level Monitoring,Line 10 Oven,"- 96 Lux, Install additional lighting fixtures or upgrade existing lights to meet required lux standards.",Low,ESD,Adeel Siddiqui  ,14-Feb-26,Done,
828,30/06/2025,June,Safiullah,Critical / Specialist Audit Plan,Audit Lux Level Monitoring,Line 1 Packing,"- 398 Lux, Install additional lighting fixtures or upgrade existing lights to meet required lux standards.",High,ESD,Adeel Siddiqui  ,15-Feb-26,Done,
829,30/06/2025,June,Safiullah,Critical / Specialist Audit Plan,Audit Lux Level Monitoring,Line 2 Packing,"- 438 Lux, Install additional lighting fixtures or upgrade existing lights to meet required lux standards.",High,ESD,Adeel Siddiqui  ,16-Feb-26,Done,
830,30/06/2025,June,Safiullah,Critical / Specialist Audit Plan,Audit Lux Level Monitoring,Line 3 Packing,"- 235 Lux, Install additional lighting fixtures or upgrade existing lights to meet required lux standards.",Medium,ESD,Adeel Siddiqui  ,17-Feb-26,Done,
831,30/06/2025,June,Safiullah,Critical / Specialist Audit Plan,Audit Lux Level Monitoring,Line 4 Packing,"- 243 Lux, Install additional lighting fixtures or upgrade existing lights to meet required lux standards.",Medium,ESD,Adeel Siddiqui  ,18-Feb-26,Done,
832,30/06/2025,June,Safiullah,Critical / Specialist Audit Plan,Audit Lux Level Monitoring,Line 5 Packing,"- 501 Lux, Install additional lighting fixtures or upgrade existing lights to meet required lux standards.",High,ESD,Adeel Siddiqui  ,19-Feb-26,Done,
833,30/06/2025,June,Safiullah,Critical / Specialist Audit Plan,Audit Lux Level Monitoring,Line 6 Packing,"- 484 Lux, Install additional lighting fixtures or upgrade existing lights to meet required lux standards.",High,ESD,Adeel Siddiqui  ,20-Feb-26,Done,
834,30/06/2025,June,Safiullah,Critical / Specialist Audit Plan,Audit Lux Level Monitoring,Line 7 Packing,"- 338 Lux, Install additional lighting fixtures or upgrade existing lights to meet required lux standards.",High,ESD,Adeel Siddiqui  ,21-Feb-26,Done,
835,30/06/2025,June,Safiullah,Critical / Specialist Audit Plan,Audit Lux Level Monitoring,Line 8 Packing,"- 441 Lux, Install additional lighting fixtures or upgrade existing lights to meet required lux standards.",High,ESD,Adeel Siddiqui  ,22-Feb-26,Done,
836,30/06/2025,June,Safiullah,Critical / Specialist Audit Plan,Audit Lux Level Monitoring,Line 9 Packing,"- 320 Lux, Install additional lighting fixtures or upgrade existing lights to meet required lux standards.",High,ESD,Adeel Siddiqui  ,23-Feb-26,Done,
837,30/06/2025,June,Safiullah,Critical / Specialist Audit Plan,Audit Lux Level Monitoring,Line 10 A Packing,"- 378 Lux, Install additional lighting fixtures or upgrade existing lights to meet required lux standards.",High,ESD,Adeel Siddiqui  ,24-Feb-26,Done,
838,30/06/2025,June,Safiullah,Critical / Specialist Audit Plan,Audit Lux Level Monitoring,Line 10 B Packing,"- 482 Lux, Install additional lighting fixtures or upgrade existing lights to meet required lux standards.",High,ESD,Adeel Siddiqui  ,25-Feb-26,Done,
839,30/06/2025,June,Safiullah,Critical / Specialist Audit Plan,Audit Lux Level Monitoring,Line 1 Mixing,"- 100 Lux, Install additional lighting fixtures or upgrade existing lights to meet required lux standards.",Low,ESD,Adeel Siddiqui  ,26-Feb-26,Done,
840,30/06/2025,June,Safiullah,Critical / Specialist Audit Plan,Audit Lux Level Monitoring,Line 2 Mixing,"- 156 Lux, Install additional lighting fixtures or upgrade existing lights to meet required lux standards.",Medium,ESD,Adeel Siddiqui  ,27-Feb-26,Done,
841,30/06/2025,June,Safiullah,Critical / Specialist Audit Plan,Audit Lux Level Monitoring,Line 3 Mixing,"- 183.9 Lux, Install additional lighting fixtures or upgrade existing lights to meet required lux standards.",Medium,ESD,Adeel Siddiqui  ,28-Feb-26,Done,
842,30/06/2025,June,Safiullah,Critical / Specialist Audit Plan,Audit Lux Level Monitoring,Line 4 Mixing,"- 161 Lux, Install additional lighting fixtures or upgrade existing lights to meet required lux standards.",Medium,ESD,Adeel Siddiqui  ,01-Mar-26,Done,
843,30/06/2025,June,Safiullah,Critical / Specialist Audit Plan,Audit Lux Level Monitoring,Line 5 Mixing,"- 141 Lux, Install additional lighting fixtures or upgrade existing lights to meet required lux standards.",Medium,ESD,Adeel Siddiqui  ,02-Mar-26,Done,
844,30/06/2025,June,Safiullah,Critical / Specialist Audit Plan,Audit Lux Level Monitoring,Line 6 Mixing,"- 140 Lux, Install additional lighting fixtures or upgrade existing lights to meet required lux standards.",Medium,ESD,Adeel Siddiqui  ,03-Mar-26,Done,
845,30/06/2025,June,Safiullah,Critical / Specialist Audit Plan,Audit Lux Level Monitoring,Line 7 Mixing,"- 150 Lux, Install additional lighting fixtures or upgrade existing lights to meet required lux standards.",Medium,ESD,Adeel Siddiqui  ,04-Mar-26,Done,
846,30/06/2025,June,Safiullah,Critical / Specialist Audit Plan,Audit Lux Level Monitoring,Line 9 Mixing,"- 104 Lux, Install additional lighting fixtures or upgrade existing lights to meet required lux standards.",Medium,ESD,Adeel Siddiqui  ,05-Mar-26,Done,
847,30/06/2025,June,Safiullah,Critical / Specialist Audit Plan,Audit Lux Level Monitoring,Line 1 Cutting,"- 237 Lux, Install additional lighting fixtures or upgrade existing lights to meet required lux standards.",Medium,ESD,Adeel Siddiqui  ,06-Mar-26,Done,
848,30/06/2025,June,Safiullah,Critical / Specialist Audit Plan,Audit Lux Level Monitoring,Line 2 Cutting,"- 271 Lux, Install additional lighting fixtures or upgrade existing lights to meet required lux standards.",High,ESD,Adeel Siddiqui  ,07-Mar-26,Done,
849,30/06/2025,June,Safiullah,Critical / Specialist Audit Plan,Audit Lux Level Monitoring,Line 3 Cutting,"- 251 Lux, Install additional lighting fixtures or upgrade existing lights to meet required lux standards.",High,ESD,Adeel Siddiqui  ,08-Mar-26,Done,
850,30/06/2025,June,Safiullah,Critical / Specialist Audit Plan,Audit Lux Level Monitoring,Line 4 Cutting,"- 229 Lux, Install additional lighting fixtures or upgrade existing lights to meet required lux standards.",Medium,ESD,Adeel Siddiqui  ,09-Mar-26,Done,
851,30/06/2025,June,Safiullah,Critical / Specialist Audit Plan,Audit Lux Level Monitoring,Line 5 Cutting,"- 51 Lux, Install additional lighting fixtures or upgrade existing lights to meet required lux standards.",Low,ESD,Adeel Siddiqui  ,10-Mar-26,Done,
852,30/06/2025,June,Safiullah,Critical / Specialist Audit Plan,Audit Lux Level Monitoring,Line 7 Cutting,"- 220 Lux, Install additional lighting fixtures or upgrade existing lights to meet required lux standards.",Medium,ESD,Adeel Siddiqui  ,11-Mar-26,Done,
853,30/06/2025,June,Safiullah,Critical / Specialist Audit Plan,Audit Lux Level Monitoring,Line 9 Cutting,"- 224 Lux, Install additional lighting fixtures or upgrade existing lights to meet required lux standards.",Medium,ESD,Adeel Siddiqui  ,12-Mar-26,Done,
854,30/06/2025,June,Safiullah,Critical / Specialist Audit Plan,Audit Lux Level Monitoring,Line 10 Cutting,"- 46 Lux, Install additional lighting fixtures or upgrade existing lights to meet required lux standards.",Low,ESD,Adeel Siddiqui  ,13-Mar-26,Done,
855,30/06/2025,June,Safiullah,Critical / Specialist Audit Plan,Audit Lux Level Monitoring,B-100 wh,"- 229 Lux, Install additional lighting fixtures or upgrade existing lights to meet required lux standards.",Medium,ESD,Adeel Siddiqui  ,14-Mar-26,Pending,
856,30/06/2025,June,Safiullah,Critical / Specialist Audit Plan,Audit Lux Level Monitoring,Ammonia Shortening,"- 51 Lux, Install additional lighting fixtures or upgrade existing lights to meet required lux standards.",Medium,ESD,Adeel Siddiqui  ,15-Mar-26,Pending,
857,30/06/2025,June,Safiullah,Critical / Specialist Audit Plan,Audit Lux Level Monitoring,PMS,"- 220 Lux, Install additional lighting fixtures or upgrade existing lights to meet required lux standards.",Medium,ESD,Adeel Siddiqui  ,16-Mar-26,Pending,
858,30/06/2025,June,Safiullah,Critical / Specialist Audit Plan,Audit Lux Level Monitoring,PMS Inside,"- 224 Lux, Install additional lighting fixtures or upgrade existing lights to meet required lux standards.",Medium,ESD,Adeel Siddiqui  ,17-Mar-26,Pending,
859,30/06/2025,June,Safiullah,Critical / Specialist Audit Plan,Audit Lux Level Monitoring,PMS lift,"- 46 Lux, Install additional lighting fixtures or upgrade existing lights to meet required lux standards.",Medium,ESD,Adeel Siddiqui  ,18-Mar-26,Pending,
860,30/06/2025,June,Safiullah,Critical / Specialist Audit Plan,Audit Lux Level Monitoring,Gate 1,"- 156 Lux, Install additional lighting fixtures or upgrade existing lights to meet required lux standards.",Medium,ESD,Adeel Siddiqui  ,19-Mar-26,Done,
861,30/06/2025,June,Safiullah,Critical / Specialist Audit Plan,Audit Lux Level Monitoring,Gate 2 ,"- 183.9 Lux, Install additional lighting fixtures or upgrade existing lights to meet required lux standards.",Medium,ESD,Adeel Siddiqui  ,20-Mar-26,Pending,
862,30/06/2025,June,Safiullah,Critical / Specialist Audit Plan,Audit Lux Level Monitoring,Gate 4,"- 161 Lux, Install additional lighting fixtures or upgrade existing lights to meet required lux standards.",Medium,ESD,Adeel Siddiqui  ,21-Mar-26,Pending,
863,30/06/2025,June,Safiullah,Critical / Specialist Audit Plan,Audit Lux Level Monitoring,LPG Plant,"- 141 Lux, Install additional lighting fixtures or upgrade existing lights to meet required lux standards.",Low,ESD,Adeel Siddiqui  ,22-Mar-26,Pending,
864,30/06/2025,June,Safiullah,Critical / Specialist Audit Plan,Audit Lux Level Monitoring,Gate 4,"- 140 Lux, Install additional lighting fixtures or upgrade existing lights to meet required lux standards.",Low,ESD,Adeel Siddiqui  ,23-Mar-26,Pending,
865,30/06/2025,June,Safiullah,Critical / Specialist Audit Plan,Audit Lux Level Monitoring,Gate 5,"- 150 Lux, Install additional lighting fixtures or upgrade existing lights to meet required lux standards.",Low,ESD,Adeel Siddiqui  ,24-Mar-26,Pending,
866,30/06/2025,June,Safiullah,Critical / Specialist Audit Plan,Audit Lux Level Monitoring,Causeway Road,"- 104 Lux, Install additional lighting fixtures or upgrade existing lights to meet required lux standards.",Medium,ESD,Adeel Siddiqui  ,25-Mar-26,Pending,
867,30/06/2025,June,Safiullah,Critical / Specialist Audit Plan,Audit Lux Level Monitoring,Fire Pump Room,"- 237 Lux, Install additional lighting fixtures or upgrade existing lights to meet required lux standards.",Medium,ESD,Adeel Siddiqui  ,26-Mar-26,Pending,
868,30/06/2025,June,Safiullah,Critical / Specialist Audit Plan,Audit Lux Level Monitoring,Powerhouse,"- 398 Lux, Install additional lighting fixtures or upgrade existing lights to meet required lux standards.",High,ESD,Adeel Siddiqui  ,27-Mar-26,Pending,
869,30/06/2025,June,Safiullah,Critical / Specialist Audit Plan,Audit Lux Level Monitoring,RMS 1st Floor,"- 438 Lux, Install additional lighting fixtures or upgrade existing lights to meet required lux standards.",High,ESD,Adeel Siddiqui  ,28-Mar-26,Pending,
870,04/05/2026,April,Yaseen/Sarfaraz,Critical / Specialist Audit Plan,Gas Leak Monitoring,Line 1 Oven,"Unions checked, No leakage found",High,ESD,Adeel Siddiqui  ,Immediate,Done,
871,04/05/2026,April,Yaseen/Sarfaraz,Critical / Specialist Audit Plan,Gas Leak Monitoring,Line 1 Oven,"Unions checked, No leakage found",High,ESD,Adeel Siddiqui  ,Immediate,Done,
872,04/05/2026,April,Yaseen/Sarfaraz,Critical / Specialist Audit Plan,Gas Leak Monitoring,Line 1 Oven,"Unions checked, No leakage found",High,ESD,Adeel Siddiqui  ,Immediate,Done,
873,04/05/2026,April,Yaseen/Sarfaraz,Critical / Specialist Audit Plan,Gas Leak Monitoring,Line 1 Oven,"Unions checked, leakage found",High,ESD,Adeel Siddiqui  ,Immediate,Done,
874,04/05/2026,April,Yaseen/Sarfaraz,Critical / Specialist Audit Plan,Gas Leak Monitoring,Line 1 Oven,"Unions checked, leakage found",High,ESD,Adeel Siddiqui  ,Immediate,Done,
875,04/05/2026,April,Yaseen/Sarfaraz,Critical / Specialist Audit Plan,Gas Leak Monitoring,Line 1 Oven,"Unions checked, leakage found",High,ESD,Adeel Siddiqui  ,Immediate,Done,
876,04/05/2026,April,Yaseen/Sarfaraz,Critical / Specialist Audit Plan,Gas Leak Monitoring,Line 1 Oven,"Ball Valve checked, No leakge found",High,ESD,Adeel Siddiqui  ,Immediate,Done,
877,04/05/2026,April,Yaseen/Sarfaraz,Critical / Specialist Audit Plan,Gas Leak Monitoring,Line 1 Oven,"Ball Valve checked, No leakge found",High,ESD,Adeel Siddiqui  ,Immediate,Done,
878,04/05/2026,April,Yaseen/Sarfaraz,Critical / Specialist Audit Plan,Gas Leak Monitoring,Line 2 Oven,"Unions checked, No leakage found",High,ESD,Adeel Siddiqui  ,Immediate,Done,
879,04/05/2026,April,Yaseen/Sarfaraz,Critical / Specialist Audit Plan,Gas Leak Monitoring,Line 2 Oven,"Unions checked, No leakage found",High,ESD,Adeel Siddiqui  ,Immediate,Done,
880,04/05/2026,April,Yaseen/Sarfaraz,Critical / Specialist Audit Plan,Gas Leak Monitoring,Line 2 Oven,"Unions checked, No leakage found",High,ESD,Adeel Siddiqui  ,Immediate,Done,
881,04/05/2026,April,Yaseen/Sarfaraz,Critical / Specialist Audit Plan,Gas Leak Monitoring,Line 2 Oven,"Unions checked, No leakage found",High,ESD,Adeel Siddiqui  ,Immediate,Done,
882,04/05/2026,April,Yaseen/Sarfaraz,Critical / Specialist Audit Plan,Gas Leak Monitoring,Line 2 Oven,"Unions checked, No leakage found",High,ESD,Adeel Siddiqui  ,Immediate,Done,
883,04/05/2026,April,Yaseen/Sarfaraz,Critical / Specialist Audit Plan,Gas Leak Monitoring,Line 2 Oven,"Ball Valve checked, No leakge found",High,ESD,Adeel Siddiqui  ,Immediate,Done,
884,04/05/2026,April,Yaseen/Sarfaraz,Critical / Specialist Audit Plan,Gas Leak Monitoring,Line 2 Oven,"Ball Valve checked, No leakge found",High,ESD,Adeel Siddiqui  ,Immediate,Done,
885,04/05/2026,April,Yaseen/Sarfaraz,Critical / Specialist Audit Plan,Gas Leak Monitoring,Line 2 Oven,"Ball Valve checked, No leakge found",High,ESD,Adeel Siddiqui  ,Immediate,Done,
886,04/05/2026,April,Yaseen/Sarfaraz,Critical / Specialist Audit Plan,Gas Leak Monitoring,Line 3 Oven,"Ball Valve checked, No leakge found",High,ESD,Adeel Siddiqui  ,Immediate,Done,
887,04/05/2026,April,Yaseen/Sarfaraz,Critical / Specialist Audit Plan,Gas Leak Monitoring,Line 3 Oven,"Ball Valve checked, No leakge found",High,ESD,Adeel Siddiqui  ,Immediate,Done,
888,04/05/2026,April,Yaseen/Sarfaraz,Critical / Specialist Audit Plan,Gas Leak Monitoring,Line 3 Oven,"Ball Valve checked, No leakge found",High,ESD,Adeel Siddiqui  ,Immediate,Done,
889,04/05/2026,April,Yaseen/Sarfaraz,Critical / Specialist Audit Plan,Gas Leak Monitoring,Line 3 Oven,"Unions checked, No leakage found",High,ESD,Adeel Siddiqui  ,Immediate,Done,
890,04/05/2026,April,Yaseen/Sarfaraz,Critical / Specialist Audit Plan,Gas Leak Monitoring,Line 3 Oven,"Unions checked, No leakage found",High,ESD,Adeel Siddiqui  ,Immediate,Done,
891,04/05/2026,April,Yaseen/Sarfaraz,Critical / Specialist Audit Plan,Gas Leak Monitoring,Line 3 Oven,"Unions checked, No leakage found",High,ESD,Adeel Siddiqui  ,Immediate,Done,
892,04/05/2026,April,Yaseen/Sarfaraz,Critical / Specialist Audit Plan,Gas Leak Monitoring,Line 3 Oven,"Unions checked, No leakage found",High,ESD,Adeel Siddiqui  ,Immediate,Done,
893,04/05/2026,April,Yaseen/Sarfaraz,Critical / Specialist Audit Plan,Gas Leak Monitoring,Line 3 Oven,"Unions checked, No leakage found",High,ESD,Adeel Siddiqui  ,Immediate,Done,
894,04/05/2026,April,Yaseen/Sarfaraz,Critical / Specialist Audit Plan,Gas Leak Monitoring,Line 4 Oven,"Unions checked, No leakage found",High,ESD,Adeel Siddiqui  ,Immediate,Done,
895,04/05/2026,April,Yaseen/Sarfaraz,Critical / Specialist Audit Plan,Gas Leak Monitoring,Line 4 Oven,"Unions checked, No leakage found",High,ESD,Adeel Siddiqui  ,Immediate,Done,
896,04/05/2026,April,Yaseen/Sarfaraz,Critical / Specialist Audit Plan,Gas Leak Monitoring,Line 4 Oven,"Unions checked, No leakage found",High,ESD,Adeel Siddiqui  ,Immediate,Done,
897,04/05/2026,April,Yaseen/Sarfaraz,Critical / Specialist Audit Plan,Gas Leak Monitoring,Line 4 Oven,"Unions checked, No leakage found",High,ESD,Adeel Siddiqui  ,Immediate,Done,
898,04/05/2026,April,Yaseen/Sarfaraz,Critical / Specialist Audit Plan,Gas Leak Monitoring,Line 4 Oven,"Unions checked, No leakage found",High,ESD,Adeel Siddiqui  ,Immediate,Done,
899,04/05/2026,April,Yaseen/Sarfaraz,Critical / Specialist Audit Plan,Gas Leak Monitoring,Line 4 Oven,"Ball Valve checked, No leakge found",High,ESD,Adeel Siddiqui  ,Immediate,Done,
900,04/05/2026,April,Yaseen/Sarfaraz,Critical / Specialist Audit Plan,Gas Leak Monitoring,Line 4 Oven,"Ball Valve checked, No leakge found",High,ESD,Adeel Siddiqui  ,Immediate,Done,
901,04/05/2026,April,Yaseen/Sarfaraz,Critical / Specialist Audit Plan,Gas Leak Monitoring,Line 4 Oven,"Ball Valve checked, No leakge found",High,ESD,Adeel Siddiqui  ,Immediate,Done,
902,04/05/2026,April,Yaseen/Sarfaraz,Critical / Specialist Audit Plan,Gas Leak Monitoring,Line 5 Oven,"Ball Valve checked, No leakge found",High,ESD,Adeel Siddiqui  ,Immediate,Done,
903,04/05/2026,April,Yaseen/Sarfaraz,Critical / Specialist Audit Plan,Gas Leak Monitoring,Line 5 Oven,"Unions checked, No leakage found",High,ESD,Adeel Siddiqui  ,Immediate,Done,
904,04/05/2026,April,Yaseen/Sarfaraz,Critical / Specialist Audit Plan,Gas Leak Monitoring,Line 5 Oven,"Unions checked, No leakage found",High,ESD,Adeel Siddiqui  ,Immediate,Done,
905,04/05/2026,April,Yaseen/Sarfaraz,Critical / Specialist Audit Plan,Gas Leak Monitoring,Line 5 Oven,"Unions checked, No leakage found",High,ESD,Adeel Siddiqui  ,Immediate,Done,
906,04/05/2026,April,Yaseen/Sarfaraz,Critical / Specialist Audit Plan,Gas Leak Monitoring,Line 5 Oven,"Unions checked, No leakage found",High,ESD,Adeel Siddiqui  ,Immediate,Done,
907,04/05/2026,April,Yaseen/Sarfaraz,Critical / Specialist Audit Plan,Gas Leak Monitoring,Line 5 Oven,"Ball Valve checked, No leakge found",High,ESD,Adeel Siddiqui  ,Immediate,Done,
908,04/05/2026,April,Yaseen/Sarfaraz,Critical / Specialist Audit Plan,Gas Leak Monitoring,Line 5 Oven,"Ball Valve checked, No leakge found",High,ESD,Adeel Siddiqui  ,Immediate,Done,
909,04/05/2026,April,Yaseen/Sarfaraz,Critical / Specialist Audit Plan,Gas Leak Monitoring,Line 5 Oven,"Ball Valve checked, No leakge found",High,ESD,Adeel Siddiqui  ,Immediate,Done,
910,04/05/2026,April,Yaseen/Sarfaraz,Critical / Specialist Audit Plan,Gas Leak Monitoring,Line 6 Oven,"Ball Valve checked, No leakge found",High,ESD,Adeel Siddiqui  ,Immediate,Done,
911,04/05/2026,April,Yaseen/Sarfaraz,Critical / Specialist Audit Plan,Gas Leak Monitoring,Line 6 Oven,"Ball Valve checked, No leakge found",High,ESD,Adeel Siddiqui  ,Immediate,Done,
912,04/05/2026,April,Yaseen/Sarfaraz,Critical / Specialist Audit Plan,Gas Leak Monitoring,Line 6 Oven,"Ball Valve checked, No leakge found",High,ESD,Adeel Siddiqui  ,Immediate,Done,
913,04/05/2026,April,Yaseen/Sarfaraz,Critical / Specialist Audit Plan,Gas Leak Monitoring,Line 6 Oven,"Unions checked, No leakage found",High,ESD,Adeel Siddiqui  ,Immediate,Done,
914,04/05/2026,April,Yaseen/Sarfaraz,Critical / Specialist Audit Plan,Gas Leak Monitoring,Line 6 Oven,"Unions checked, No leakage found",High,ESD,Adeel Siddiqui  ,Immediate,Done,
915,04/05/2026,April,Yaseen/Sarfaraz,Critical / Specialist Audit Plan,Gas Leak Monitoring,Line 6 Oven,"Unions checked, No leakage found",High,ESD,Adeel Siddiqui  ,Immediate,Done,
916,04/05/2026,April,Yaseen/Sarfaraz,Critical / Specialist Audit Plan,Gas Leak Monitoring,Line 6 Oven,"Unions checked, No leakage found",High,ESD,Adeel Siddiqui  ,Immediate,Done,
917,04/05/2026,April,Yaseen/Sarfaraz,Critical / Specialist Audit Plan,Gas Leak Monitoring,Line 6 Oven,"Unions checked, No leakage found",High,ESD,Adeel Siddiqui  ,Immediate,Done,
918,04/05/2026,April,Yaseen/Sarfaraz,Critical / Specialist Audit Plan,Gas Leak Monitoring,Line 7 Oven,"Unions checked, No leakage found",High,ESD,Adeel Siddiqui  ,Immediate,Done,
919,04/05/2026,April,Yaseen/Sarfaraz,Critical / Specialist Audit Plan,Gas Leak Monitoring,Line 7 Oven,"Unions checked, No leakage found",High,ESD,Adeel Siddiqui  ,Immediate,Done,
920,04/05/2026,April,Yaseen/Sarfaraz,Critical / Specialist Audit Plan,Gas Leak Monitoring,Line 7 Oven,"Unions checked, No leakage found",High,ESD,Adeel Siddiqui  ,Immediate,Done,
921,04/05/2026,April,Yaseen/Sarfaraz,Critical / Specialist Audit Plan,Gas Leak Monitoring,Line 7 Oven,"Ball Valve checked, No leakge found",High,ESD,Adeel Siddiqui  ,Immediate,Done,
922,04/05/2026,April,Yaseen/Sarfaraz,Critical / Specialist Audit Plan,Gas Leak Monitoring,Line 7 Oven,"Ball Valve checked, No leakge found",High,ESD,Adeel Siddiqui  ,Immediate,Done,
923,04/05/2026,April,Yaseen/Sarfaraz,Critical / Specialist Audit Plan,Gas Leak Monitoring,Line 7 Oven,"Ball Valve checked, No leakge found",High,ESD,Adeel Siddiqui  ,Immediate,Done,
924,04/05/2026,April,Yaseen/Sarfaraz,Critical / Specialist Audit Plan,Gas Leak Monitoring,Line 7 Oven,"Ball Valve checked, No leakge found",High,ESD,Adeel Siddiqui  ,Immediate,Done,
925,04/05/2026,April,Yaseen/Sarfaraz,Critical / Specialist Audit Plan,Gas Leak Monitoring,Line 8 oven,"Unions checked, No leakage found",High,ESD,Adeel Siddiqui  ,Immediate,Done,
926,04/05/2026,April,Yaseen/Sarfaraz,Critical / Specialist Audit Plan,Gas Leak Monitoring,Line 8 oven,"Unions checked, No leakage found",High,ESD,Adeel Siddiqui  ,Immediate,Done,
927,04/05/2026,April,Yaseen/Sarfaraz,Critical / Specialist Audit Plan,Gas Leak Monitoring,Line 8 oven,"Unions checked, No leakage found",High,ESD,Adeel Siddiqui  ,Immediate,Done,
928,04/05/2026,April,Yaseen/Sarfaraz,Critical / Specialist Audit Plan,Gas Leak Monitoring,Line 8 oven,"Ball Valve checked, No leakge found",High,ESD,Adeel Siddiqui  ,Immediate,Done,
929,04/05/2026,April,Yaseen/Sarfaraz,Critical / Specialist Audit Plan,Gas Leak Monitoring,Line 8 oven,"Ball Valve checked, No leakge found",High,ESD,Adeel Siddiqui  ,Immediate,Done,
930,04/05/2026,April,Yaseen/Sarfaraz,Critical / Specialist Audit Plan,Gas Leak Monitoring,Line 8 oven,"Ball Valve checked, No leakge found",High,ESD,Adeel Siddiqui  ,Immediate,Done,
931,04/05/2026,April,Yaseen/Sarfaraz,Critical / Specialist Audit Plan,Gas Leak Monitoring,Line 8 oven,"Ball Valve checked, No leakge found",High,ESD,Adeel Siddiqui  ,Immediate,Done,
932,04/05/2026,April,Yaseen/Sarfaraz,Critical / Specialist Audit Plan,Gas Leak Monitoring,Line 9 Oven,"Unions checked, No leakage found",High,ESD,Adeel Siddiqui  ,Immediate,Done,
933,04/05/2026,April,Yaseen/Sarfaraz,Critical / Specialist Audit Plan,Gas Leak Monitoring,Line 9 Oven,"Unions checked, No leakage found",High,ESD,Adeel Siddiqui  ,Immediate,Done,
934,04/05/2026,April,Yaseen/Sarfaraz,Critical / Specialist Audit Plan,Gas Leak Monitoring,Line 9 Oven,"Unions checked, No leakage found",High,ESD,Adeel Siddiqui  ,Immediate,Done,
935,04/05/2026,April,Yaseen/Sarfaraz,Critical / Specialist Audit Plan,Gas Leak Monitoring,Line 9 Oven,"Unions checked, No leakage found",High,ESD,Adeel Siddiqui  ,Immediate,Done,
936,04/05/2026,April,Yaseen/Sarfaraz,Critical / Specialist Audit Plan,Gas Leak Monitoring,Line 9 Oven,"Unions checked, No leakage found",High,ESD,Adeel Siddiqui  ,Immediate,Done,
937,04/05/2026,April,Yaseen/Sarfaraz,Critical / Specialist Audit Plan,Gas Leak Monitoring,Line 9 Oven,"Ball Valve checked, No leakge found",High,ESD,Adeel Siddiqui  ,Immediate,Done,
938,04/05/2026,April,Yaseen/Sarfaraz,Critical / Specialist Audit Plan,Gas Leak Monitoring,Line 9 Oven,"Ball Valve checked, No leakge found",High,ESD,Adeel Siddiqui  ,Immediate,Done,
939,04/05/2026,April,Yaseen/Sarfaraz,Critical / Specialist Audit Plan,Gas Leak Monitoring,Line 9 Oven,"Ball Valve checked, No leakge found",High,ESD,Adeel Siddiqui  ,Immediate,Done,
940,04/05/2026,April,Yaseen/Sarfaraz,Critical / Specialist Audit Plan,Gas Leak Monitoring,Line 10 Oven,"Ball Valve checked, No leakge found",High,ESD,Adeel Siddiqui  ,Immediate,Done,
941,04/05/2026,April,Yaseen/Sarfaraz,Critical / Specialist Audit Plan,Gas Leak Monitoring,Line 10 Oven,"Ball Valve checked, No leakge found",High,ESD,Adeel Siddiqui  ,Immediate,Done,
942,04/05/2026,April,Yaseen/Sarfaraz,Critical / Specialist Audit Plan,Gas Leak Monitoring,Line 10 Oven,"Ball Valve checked, No leakge found",High,ESD,Adeel Siddiqui  ,Immediate,Done,
943,04/05/2026,April,Yaseen/Sarfaraz,Critical / Specialist Audit Plan,Gas Leak Monitoring,Line 10 Oven,"Ball Valve checked, No leakge found",High,ESD,Adeel Siddiqui  ,Immediate,Done,
944,04/05/2026,April,Yaseen/Sarfaraz,Critical / Specialist Audit Plan,Gas Leak Monitoring,Line 10 Oven,"Ball Valve checked, No leakge found",High,ESD,Adeel Siddiqui  ,Immediate,Done,
945,04/05/2026,April,Yaseen/Sarfaraz,Critical / Specialist Audit Plan,Gas Leak Monitoring,Line 10 Oven,"Unions checked, No leakage found",High,ESD,Adeel Siddiqui  ,Immediate,Done,
946,04/05/2026,April,Yaseen/Sarfaraz,Critical / Specialist Audit Plan,Gas Leak Monitoring,Line 10 Oven,"Unions checked, No leakage found",High,ESD,Adeel Siddiqui  ,Immediate,Done,
947,04/05/2026,April,Yaseen/Sarfaraz,Critical / Specialist Audit Plan,Gas Leak Monitoring,Line 10 Oven,"Unions checked, No leakage found",High,ESD,Adeel Siddiqui  ,Immediate,Done,
948,04/05/2026,April,Yaseen/Sarfaraz,Critical / Specialist Audit Plan,Gas Leak Monitoring,Line 10 Oven,"Unions checked, No leakage found",High,ESD,Adeel Siddiqui  ,Immediate,Done,
949,04/05/2026,April,Yaseen/Sarfaraz,Critical / Specialist Audit Plan,Gas Leak Monitoring,Line 11 Oven,"Unions checked, No leakage found",High,ESD,Adeel Siddiqui  ,Immediate,Done,
950,04/05/2026,April,Yaseen/Sarfaraz,Critical / Specialist Audit Plan,Gas Leak Monitoring,Line 11 Oven,"Unions checked, No leakage found",High,ESD,Adeel Siddiqui  ,Immediate,Done,
951,04/05/2026,April,Yaseen/Sarfaraz,Critical / Specialist Audit Plan,Gas Leak Monitoring,Line 11 Oven,"Unions checked, No leakage found",High,ESD,Adeel Siddiqui  ,Immediate,Done,
952,04/05/2026,April,Yaseen/Sarfaraz,Critical / Specialist Audit Plan,Gas Leak Monitoring,Line 11 Oven,"Unions checked, No leakage found",High,ESD,Adeel Siddiqui  ,Immediate,Done,
953,04/05/2026,April,Yaseen/Sarfaraz,Critical / Specialist Audit Plan,Gas Leak Monitoring,Line 11 Oven,"Ball Valve checked, No leakge found",High,ESD,Adeel Siddiqui  ,Immediate,Done,
954,04/05/2026,April,Yaseen/Sarfaraz,Critical / Specialist Audit Plan,Gas Leak Monitoring,Line 11 Oven,"Ball Valve checked, No leakge found",High,ESD,Adeel Siddiqui  ,Immediate,Done,
955,04/05/2026,April,Yaseen/Sarfaraz,Critical / Specialist Audit Plan,Gas Leak Monitoring,Line 11 Oven,"Ball Valve checked, No leakge found",High,ESD,Adeel Siddiqui  ,Immediate,Done,
956,04/05/2026,April,Yaseen/Sarfaraz,Critical / Specialist Audit Plan,Gas Leak Monitoring,Geyser L-10,"Ball Valve checked, No leakge found",High,ESD,Adeel Siddiqui  ,Immediate,Done,
957,04/05/2026,April,Yaseen/Sarfaraz,Critical / Specialist Audit Plan,Gas Leak Monitoring,Geyser L-11,"Ball Valve checked, No leakge found",High,ESD,Adeel Siddiqui  ,Immediate,Done,
958,04/05/2026,April,Yaseen/Sarfaraz,Critical / Specialist Audit Plan,Gas Leak Monitoring,Geyser L-12,"Unions checked, No leakage found",High,ESD,Adeel Siddiqui  ,Immediate,Done,
959,04/05/2026,April,Yaseen/Sarfaraz,Critical / Specialist Audit Plan,Gas Leak Monitoring,Geyser L-13,"Unions checked, No leakage found",High,ESD,Adeel Siddiqui  ,Immediate,Done,
960,04/05/2026,April,Yaseen/Sarfaraz,Critical / Specialist Audit Plan,Gas Leak Monitoring,Geyser L-14,"Ball Valve checked, No leakge found",High,ESD,Adeel Siddiqui  ,Immediate,Done,
961,04/05/2026,April,Yaseen/Sarfaraz,Critical / Specialist Audit Plan,Gas Leak Monitoring,Geyser L-15,"Unions checked,  leakage found",High,ESD,Adeel Siddiqui  ,Immediate,Done,
962,04/05/2026,April,Yaseen/Sarfaraz,Critical / Specialist Audit Plan,Gas Leak Monitoring,Geyser L-16,"Ball Valve checked, No leakge found",High,ESD,Adeel Siddiqui  ,Immediate,Done,
963,04/05/2026,April,Yaseen/Sarfaraz,Critical / Specialist Audit Plan,Gas Leak Monitoring,Geyser L-17,"Unions checked, No leakage found",High,ESD,Adeel Siddiqui  ,Immediate,Done,
964,04/05/2026,April,Yaseen/Sarfaraz,Critical / Specialist Audit Plan,Gas Leak Monitoring,Geyser L-10,"Ball Valve checked, No leakge found",High,ESD,Adeel Siddiqui  ,Immediate,Done,
965,04/05/2026,April,Yaseen/Sarfaraz,Critical / Specialist Audit Plan,Gas Leak Monitoring,Line 8 Cooling Tunnel,"Ball Valve checked, No leakge found",High,ESD,Adeel Siddiqui  ,Immediate,Done,
966,04/05/2026,April,Yaseen/Sarfaraz,Critical / Specialist Audit Plan,Gas Leak Monitoring,Line 8 Cooling Tunnel,"Unions checked, No leakage found",High,ESD,Adeel Siddiqui  ,Immediate,Done,
967,04/05/2026,April,Yaseen/Sarfaraz,Critical / Specialist Audit Plan,Gas Leak Monitoring,Line 8 Cooling Tunnel,"Ball Valve checked, No leakge found",High,ESD,Adeel Siddiqui  ,Immediate,Done,
968,04/05/2026,April,Yaseen/Sarfaraz,Critical / Specialist Audit Plan,Gas Leak Monitoring,Line 8 Cooling Tunnel,"Unions checked, No leakage found",High,ESD,Adeel Siddiqui  ,Immediate,Done,
969,04/05/2026,April,Yaseen/Sarfaraz,Critical / Specialist Audit Plan,Gas Leak Monitoring,Line 8 Cooling Tunnel,"Unions checked, No leakage found",High,ESD,Adeel Siddiqui  ,Immediate,Done,
970,04/05/2026,April,Yaseen/Sarfaraz,Critical / Specialist Audit Plan,Gas Leak Monitoring,Gate 1,"Unions checked, No leakage found",High,ESD,Adeel Siddiqui  ,Immediate,Done,
971,04/05/2026,April,Yaseen/Sarfaraz,Critical / Specialist Audit Plan,Gas Leak Monitoring,Gate 1,"Unions checked, No leakage found",High,ESD,Adeel Siddiqui  ,Immediate,Done,
972,04/05/2026,April,Yaseen/Sarfaraz,Critical / Specialist Audit Plan,Gas Leak Monitoring,Gate 1,"Ball Valve checked, No leakge found",High,ESD,Adeel Siddiqui  ,Immediate,Done,
973,04/05/2026,April,Yaseen/Sarfaraz,Critical / Specialist Audit Plan,Gas Leak Monitoring,Gate 1,"Ball Valve checked, No leakge found",High,ESD,Adeel Siddiqui  ,Immediate,Done,
974,04/05/2026,April,Yaseen/Sarfaraz,Critical / Specialist Audit Plan,Gas Leak Monitoring,Gate 1,"Unions checked, No leakage found",High,ESD,Adeel Siddiqui  ,Immediate,Done,
975,04/05/2026,April,Yaseen/Sarfaraz,Critical / Specialist Audit Plan,Gas Leak Monitoring,Gate 1,"Ball Valve checked, No leakge found",High,ESD,Adeel Siddiqui  ,Immediate,Done,
976,04/05/2026,April,Yaseen/Sarfaraz,Critical / Specialist Audit Plan,Gas Leak Monitoring,Gate 3,"Unions checked, No leakage found",High,ESD,Adeel Siddiqui  ,Immediate,Done,
977,04/05/2026,April,Yaseen/Sarfaraz,Critical / Specialist Audit Plan,Gas Leak Monitoring,Gate 3,"Unions checked, No leakage found",High,ESD,Adeel Siddiqui  ,Immediate,Done,
978,04/05/2026,April,Yaseen/Sarfaraz,Critical / Specialist Audit Plan,Gas Leak Monitoring,Gate 3,"Ball Valve checked, No leakge found",High,ESD,Adeel Siddiqui  ,Immediate,Done,
979,04/05/2026,April,Yaseen/Sarfaraz,Critical / Specialist Audit Plan,Gas Leak Monitoring,Gate 3,"Unions checked, No leakage found",High,ESD,Adeel Siddiqui  ,Immediate,Done,
980,04/05/2026,April,Yaseen/Sarfaraz,Critical / Specialist Audit Plan,Gas Leak Monitoring,Roof,"Ball Valve checked, No leakge found",High,ESD,Adeel Siddiqui  ,Immediate,Done,
981,04/05/2026,April,Yaseen/Sarfaraz,Critical / Specialist Audit Plan,Gas Leak Monitoring,Roof,"Unions checked, No leakage found",High,ESD,Adeel Siddiqui  ,Immediate,Done,
982,04/05/2026,April,Yaseen/Sarfaraz,Critical / Specialist Audit Plan,Gas Leak Monitoring,Roof,"Unions checked, No leakage found",High,ESD,Adeel Siddiqui  ,Immediate,Done,
983,04/05/2026,April,Yaseen/Sarfaraz,Critical / Specialist Audit Plan,Gas Leak Monitoring,Roof,"Unions checked, No leakage found",High,ESD,Adeel Siddiqui  ,Immediate,Done,
984,04/05/2026,April,Yaseen/Sarfaraz,Critical / Specialist Audit Plan,Gas Leak Monitoring,Roof,"Ball Valve checked, No leakge found",High,ESD,Adeel Siddiqui  ,Immediate,Done,
985,04/05/2026,April,Yaseen/Sarfaraz,Critical / Specialist Audit Plan,Gas Leak Monitoring,Roof,"Unions checked, No leakage found",High,ESD,Adeel Siddiqui  ,Immediate,Done,
986,04/05/2026,April,Yaseen/Sarfaraz,Critical / Specialist Audit Plan,Gas Leak Monitoring,Roof,"Unions checked, No leakage found",High,ESD,Adeel Siddiqui  ,Immediate,Done,
987,04/05/2026,April,Yaseen/Sarfaraz,Critical / Specialist Audit Plan,Gas Leak Monitoring,Geysers,"Ball Valve checked,  leakge found",High,ESD,Adeel Siddiqui  ,Immediate,Done,
988,04/05/2026,April,Yaseen/Sarfaraz,Critical / Specialist Audit Plan,Gas Leak Monitoring,Geysers,"Unions checked, No leakage found",High,ESD,Adeel Siddiqui  ,Immediate,Done,
989,04/05/2026,April,Yaseen/Sarfaraz,Critical / Specialist Audit Plan,Gas Leak Monitoring,Geysers,"Unions checked,  leakage found",High,ESD,Adeel Siddiqui  ,Immediate,Done,
990,04/05/2026,April,Yaseen/Sarfaraz,Critical / Specialist Audit Plan,Gas Leak Monitoring,Geysers,"Ball Valve checked, No leakge found",High,ESD,Adeel Siddiqui  ,Immediate,Done,
991,04/05/2026,April,Yaseen/Sarfaraz,Critical / Specialist Audit Plan,Gas Leak Monitoring,Geysers,"Unions checked, No leakage found",High,ESD,Adeel Siddiqui  ,Immediate,Done,
992,04/05/2026,April,Yaseen/Sarfaraz,Critical / Specialist Audit Plan,Gas Leak Monitoring,Geysers,"Unions checked,  leakage found",High,ESD,Adeel Siddiqui  ,Immediate,Done,
993,04/05/2026,April,Yaseen/Sarfaraz,Critical / Specialist Audit Plan,Gas Leak Monitoring,Geysers,"Unions checked, No leakage found",High,ESD,Adeel Siddiqui  ,Immediate,Done,
994,04/05/2026,April,Yaseen/Sarfaraz,Critical / Specialist Audit Plan,Gas Leak Monitoring,Geysers,"Ball Valve checked, No leakge found",High,ESD,Adeel Siddiqui  ,Immediate,Done,
995,04/08/2026,April,Kashif,Critical / Specialist Audit Plan,Thermography,RMS Ground Floor,Contactor Over Loading ,High,ESD,Adeel Siddiqui  ,30-Apr-26,Done,
996,04/08/2026,April,Kashif,Critical / Specialist Audit Plan,Thermography,Ammonia Plant,Various panel accessories are over heating,High,ESD,Adeel Siddiqui  ,30-Apr-26,Done,
997,04/08/2026,April,Kashif,Critical / Specialist Audit Plan,Thermography,L8 Cutting,Breaker Over Loading ,High,ESD,Adeel Siddiqui  ,30-Apr-26,Done,
998,04/08/2026,April,Kashif,Critical / Specialist Audit Plan,Thermography,ISHIDA Area,Various panel accessories are over heating,High,ESD,Adeel Siddiqui  ,30-Apr-26,Done,
999,04/08/2026,April,Kashif,Critical / Specialist Audit Plan,Thermography,ISHIDA Area,Various panel accessories are over heating,High,ESD,Adeel Siddiqui  ,30-Apr-26,Done,
1000,04/08/2026,April,Kashif,Critical / Specialist Audit Plan,Thermography,Outside Candi Room,Breaker Over Loading ,High,ESD,Adeel Siddiqui  ,30-Apr-26,Done,
1001,04/08/2026,April,Kashif,Critical / Specialist Audit Plan,Thermography,Line 6 Pre Mixer ,Panel Components over heating ,High,ESD,Adeel Siddiqui  ,30-Apr-26,Done,
1002,04/08/2026,April,Kashif,Critical / Specialist Audit Plan,Thermography,Line 5 Mixing,Panel Components over heating ,High,ESD,Adeel Siddiqui  ,30-Apr-26,Done,
1003,04/08/2026,April,Kashif,Critical / Specialist Audit Plan,Thermography,Mixing area,Panel Components over heating ,High,ESD,Adeel Siddiqui  ,30-Apr-26,Done,
1004,04/08/2026,April,Kashif,Critical / Specialist Audit Plan,Thermography,L9 Packing,Various panel accessories are over heating,High,ESD,Adeel Siddiqui  ,30-Apr-26,Done,
1005,04/08/2026,April,Kashif,Critical / Specialist Audit Plan,Thermography,Oven Wall,Various panel accessories are over heating,High,ESD,Adeel Siddiqui  ,30-Apr-26,Done,
1006,04/08/2026,April,Kashif,Critical / Specialist Audit Plan,Thermography,Outside DPM Office,Various panel accessories are over heating,High,ESD,Adeel Siddiqui  ,30-Apr-26,Done,
1007,04/08/2026,April,Kashif,Critical / Specialist Audit Plan,Thermography,Chiller 1 Panel - Ground Floor,Contactor Over Heating ,High,ESD,Adeel Siddiqui  ,30-Apr-26,Done,
1008,04/08/2026,April,Kashif,Critical / Specialist Audit Plan,Thermography,Chiller 2 Panel - Ground Floor,Phase Wire Over Heating in Breaker ,High,ESD,Adeel Siddiqui  ,30-Apr-26,Done,
1009,04/08/2026,April,Kashif,Critical / Specialist Audit Plan,Thermography,Daiken 300 Chiller,Contactor Over Heating ,High,ESD,Adeel Siddiqui  ,30-Apr-26,Done,
1010,04/08/2026,April,Kashif,Critical / Specialist Audit Plan,Thermography,Hot Water Chiller,Phase Wire Over heating ,High,ESD,Adeel Siddiqui  ,30-Apr-26,Done,
1011,04/08/2026,April,Kashif,Critical / Specialist Audit Plan,Thermography,daiken300 Chiller,Phase Wire Over heating ,High,ESD,Adeel Siddiqui  ,30-Apr-26,Done,
1012,04/08/2026,April,Kashif,Critical / Specialist Audit Plan,Thermography,Powerhouse Control Room MCC,Selector/Breaker damaged ,High,ESD,Adeel Siddiqui  ,30-Apr-26,Done,
1013,04/08/2026,April,Kashif,Critical / Specialist Audit Plan,Thermography,Powerhouse Control Room MCC,Contactor Over Heating ,High,ESD,Adeel Siddiqui  ,30-Apr-26,Done,
1014,04/08/2026,April,Kashif,Critical / Specialist Audit Plan,Thermography,Powerhouse Control Room,Phase wires at the contactor terminals are heating up under load.,High,ESD,Adeel Siddiqui  ,30-Apr-26,Done,
1015,04/08/2026,April,Kashif,Critical / Specialist Audit Plan,Thermography,Power House Control Room GE 02 CB,Panel Accessories over heating  ,High,ESD,Adeel Siddiqui  ,30-Apr-26,Done,
1016,04/08/2026,April,Kashif,Critical / Specialist Audit Plan,Thermography,Power House Control Room GE 03 CB,Panel Components over heating ,High,ESD,Adeel Siddiqui  ,30-Apr-26,Done,
1017,04/08/2026,April,Kashif,Critical / Specialist Audit Plan,Thermography,Powerhouse Control Room LT CB 03,Busbar Over heating ,High,ESD,Adeel Siddiqui  ,30-Apr-26,Done,
1018,04/08/2026,April,Kashif,Critical / Specialist Audit Plan,Thermography,Power House Control Room GE 05 cb,Panel Components over heating ,High,ESD,Adeel Siddiqui  ,30-Apr-26,Done,
1019,04/08/2026,April,Kashif,Critical / Specialist Audit Plan,Thermography,Behind Oil Silo,Equipment over heating and loose wiring ,High,ESD,Adeel Siddiqui  ,30-Apr-26,Done,
1020,04/08/2026,April,Kashif,Critical / Specialist Audit Plan,Thermography,Outside Oil tank room one outside,Panel Components over heating ,High,ESD,Adeel Siddiqui  ,30-Apr-26,Done,
1021,04/08/2026,April,Kashif,Critical / Specialist Audit Plan,Thermography,Ammonia plant ,Various panel accessories are over heating,High,ESD,Adeel Siddiqui  ,30-Apr-26,Done,
1022,04/08/2026,April,Kashif,Critical / Specialist Audit Plan,Thermography,Chiller Panel ,Panel Accessories over heating possibly due to over loading ,High,ESD,Adeel Siddiqui  ,30-Apr-26,Done,
1023,04/08/2026,April,Kashif,Critical / Specialist Audit Plan,Thermography,Panel DB 255,Panel Accessories over heating possibly due to over loading ,High,ESD,Adeel Siddiqui  ,30-Apr-26,Done,
1024,04/08/2026,April,Kashif,Critical / Specialist Audit Plan,Thermography,line 3 cutting ,Contactor Over Heating ,High,ESD,Adeel Siddiqui  ,30-Apr-26,Done,
1025,04/08/2026,April,Kashif,Critical / Specialist Audit Plan,Thermography,LPG + Air  Mixer Control ,Phase Wire Over Heating in Breaker ,High,ESD,Adeel Siddiqui  ,30-Apr-26,Done,
1026,04/08/2026,April,Kashif,Critical / Specialist Audit Plan,Thermography,L 1 Mixing ,Contactor Over Heating ,High,ESD,Adeel Siddiqui  ,30-Apr-26,Done,
1027,04/08/2026,April,Kashif,Critical / Specialist Audit Plan,Thermography,Mixing ,Phase Wire Over heating ,High,ESD,Adeel Siddiqui  ,30-Apr-26,Done,
1028,04/08/2026,April,Kashif,Critical / Specialist Audit Plan,Thermography,L 9 Dough lifter Flexkon Conveyor Panel 2,Phase Wire Over heating ,High,ESD,Adeel Siddiqui  ,30-Apr-26,Done,
1029,04/08/2026,April,Kashif,Critical / Specialist Audit Plan,Thermography,L 5 cutting (Machine),Selector/Breaker damaged ,High,ESD,Adeel Siddiqui  ,30-Apr-26,Done,
1030,04/08/2026,April,Kashif,Critical / Specialist Audit Plan,Thermography,L 4 cutting Mould lifter panel  ,Contactor Over Heating ,High,ESD,Adeel Siddiqui  ,30-Apr-26,Done,
1031,04/08/2026,April,Kashif,Critical / Specialist Audit Plan,Thermography,L 1 Oven ,Phase wires at the contactor terminals are heating up under load.,High,ESD,Adeel Siddiqui  ,30-Apr-26,Done,
1032,04/08/2026,April,Kashif,Critical / Specialist Audit Plan,Thermography,L 1 Oven ,Panel Components over heating ,High,ESD,Adeel Siddiqui  ,30-Apr-26,Done,
1033,04/08/2026,April,Kashif,Critical / Specialist Audit Plan,Thermography,L 1 oven ,Phase wires at the contactor terminals are heating up under load.,High,ESD,Adeel Siddiqui  ,30-Apr-26,Done,
1034,04/08/2026,April,Kashif,Critical / Specialist Audit Plan,Thermography,L 3 Oven ,Connectors and Contactors heating up,High,ESD,Adeel Siddiqui  ,30-Apr-26,Done,
1035,04/08/2026,April,Kashif,Critical / Specialist Audit Plan,Thermography,L 4 Oven IGF 1,Panel Components over heating ,High,ESD,Adeel Siddiqui  ,30-Apr-26,Done,
1036,04/08/2026,April,Kashif,Critical / Specialist Audit Plan,Thermography,L 4 Oven DGF ,Panel Components over heating ,High,ESD,Adeel Siddiqui  ,30-Apr-26,Done,
1037,04/08/2026,April,Kashif,Critical / Specialist Audit Plan,Thermography,L 5 Oven ,Panel Components over heating ,High,ESD,Adeel Siddiqui  ,30-Apr-26,Done,
1038,04/08/2026,April,Kashif,Critical / Specialist Audit Plan,Thermography,L 5 Oven ,Contactor Over heating ,High,ESD,Adeel Siddiqui  ,30-Apr-26,Done,
1039,04/08/2026,April,Kashif,Critical / Specialist Audit Plan,Thermography,L 5 Oven ,Contactor Over heating ,High,ESD,Adeel Siddiqui  ,30-Apr-26,Done,
1040,04/08/2026,April,Kashif,Critical / Specialist Audit Plan,Thermography,L 6 Oven ,High Heat in Oven and Contactor over heating ,High,ESD,Adeel Siddiqui  ,30-Apr-26,Done,
1041,04/08/2026,April,Kashif,Critical / Specialist Audit Plan,Thermography,L 4 Main oven panel ,High Heat in Oven and Contactor over heating ,High,ESD,Adeel Siddiqui  ,30-Apr-26,Done,
1042,04/08/2026,April,Kashif,Critical / Specialist Audit Plan,Thermography,L 10 oven Main panel ,Contactor and Power Supply over heating ,High,ESD,Adeel Siddiqui  ,30-Apr-26,Done,
1043,04/08/2026,April,Kashif,Critical / Specialist Audit Plan,Thermography,L 9 oven Panel ,High Heat in Oven and Contactor over heating ,High,ESD,Adeel Siddiqui  ,30-Apr-26,Done,
1044,04/08/2026,April,Kashif,Critical / Specialist Audit Plan,Thermography,L 9 cutting Main panel ,Electrical Components heating due to oven heat and loading,High,ESD,Adeel Siddiqui  ,30-Apr-26,Done,
1045,04/08/2026,April,Kashif,Critical / Specialist Audit Plan,Thermography,L 10 Multiplexer Main panel ,Various panel accessories are over heating,High,ESD,Adeel Siddiqui  ,30-Apr-26,Done,
1046,04/08/2026,April,Kashif,Critical / Specialist Audit Plan,Thermography,L 11,Cable entering into invertor is heated,High,ESD,Adeel Siddiqui  ,30-Apr-26,Done,
1047,04/08/2026,April,Kashif,Critical / Specialist Audit Plan,Thermography,L 11,Contactor Over Heating ,High,ESD,Adeel Siddiqui  ,30-Apr-26,Done,
1048,04/08/2026,April,Kashif,Critical / Specialist Audit Plan,Thermography,L 11,Phase Wire Over Heating in Breaker ,High,ESD,Adeel Siddiqui  ,30-Apr-26,Done,
1049,04/08/2026,April,Kashif,Critical / Specialist Audit Plan,Thermography,Chocolate plant ,Contactor Over Heating ,High,ESD,Adeel Siddiqui  ,30-Apr-26,Done,
1050,04/08/2026,April,Kashif,Critical / Specialist Audit Plan,Thermography,Chocolate plant ,Phase Wire Over heating ,High,ESD,Adeel Siddiqui  ,30-Apr-26,Done,
1051,04/08/2026,April,Kashif,Critical / Specialist Audit Plan,Thermography,Outside Brown Sugar near Exhausters ,Phase Wire Over heating ,High,ESD,Adeel Siddiqui  ,30-Apr-26,Done,
1052,04/08/2026,April,Kashif,Critical / Specialist Audit Plan,Thermography,L 10 Creaming ,Selector/Breaker damaged ,High,ESD,Adeel Siddiqui  ,30-Apr-26,Done,
1053,04/08/2026,April,Kashif,Critical / Specialist Audit Plan,Thermography,Generator Room ,Contactor Over Heating ,High,ESD,Adeel Siddiqui  ,30-Apr-26,Done,
1054,04/08/2026,April,Kashif,Critical / Specialist Audit Plan,Thermography,Under FGS tunnel near FF water reservoir ,Phase wires at the contactor terminals are heating up under load.,High,ESD,Adeel Siddiqui  ,30-Apr-26,Done,
1055,04/08/2026,April,Kashif,Critical / Specialist Audit Plan,Thermography,Panel ID 441,Panel Components over heating ,High,ESD,Adeel Siddiqui  ,30-Apr-26,Done,
1056,04/08/2026,April,Kashif,Critical / Specialist Audit Plan,Thermography,L 10 creaming ,Panel Components over heating ,High,ESD,Adeel Siddiqui  ,30-Apr-26,Done,
1057,04/08/2026,April,Kashif,Critical / Specialist Audit Plan,Thermography,RMS Lift  2 1st Floor Panel ,Electrical Components heating due to oven heat and loading,High,ESD,Adeel Siddiqui  ,30-Apr-26,Done,
1058,04/08/2026,April,Kashif,Critical / Specialist Audit Plan,Thermography,Between Egg room and RMS office ,Electrical Components heating due to oven heat and loading,High,ESD,Adeel Siddiqui  ,30-Apr-26,Done,
1059,04/08/2026,April,Kashif,Critical / Specialist Audit Plan,Thermography,Near CCTV control Room ,Electrical Components heating due to oven heat and loading,High,ESD,Adeel Siddiqui  ,30-Apr-26,Done,
1060,04/08/2026,April,Kashif,Critical / Specialist Audit Plan,Thermography,Boys canteen roof near cooling tunnel compressors ,Small-Gauged wire used in high load application.,High,ESD,Adeel Siddiqui  ,30-Apr-26,Done,
1061,04/08/2026,April,Kashif,Critical / Specialist Audit Plan,Thermography,Ishida Area ,"Breaker# 67, 23, 59 along with main breaker are over loaded. ",High,ESD,Adeel Siddiqui  ,30-Apr-26,Done,
1062,04/08/2026,April,Kashif,Critical / Specialist Audit Plan,Thermography,Ishida Area ,Contactor Over Heating ,High,ESD,Adeel Siddiqui  ,30-Apr-26,Done,
1063,04/08/2026,April,Kashif,Critical / Specialist Audit Plan,Thermography,L 11 ,Phase Wire Over Heating in Breaker ,High,ESD,Adeel Siddiqui  ,30-Apr-26,Done,
1064,04/08/2026,April,Kashif,Critical / Specialist Audit Plan,Thermography,L 11 ,Contactor Over Heating ,High,ESD,Adeel Siddiqui  ,30-Apr-26,Done,
1065,04/08/2026,April,Kashif,Critical / Specialist Audit Plan,Thermography,L 11,Phase Wire Over heating ,High,ESD,Adeel Siddiqui  ,30-Apr-26,Done,
1066,04/08/2026,April,Kashif,Critical / Specialist Audit Plan,Thermography,Chemical room L 11,Phase Wire Over heating ,High,ESD,Adeel Siddiqui  ,30-Apr-26,Done,
1067,04/08/2026,April,Kashif,Critical / Specialist Audit Plan,Thermography,LDB 43 PMS show Box area  ,Selector/Breaker damaged ,High,ESD,Adeel Siddiqui  ,30-Apr-26,Done,
1068,04/08/2026,April,Kashif,Critical / Specialist Audit Plan,Thermography,Chemical room GF,Contactor Over Heating ,High,ESD,Adeel Siddiqui  ,30-Apr-26,Done,
1069,04/08/2026,April,Kashif,Critical / Specialist Audit Plan,Thermography,Ice Machine Panel ,Phase wires at the contactor terminals are heating up under load.,High,ESD,Adeel Siddiqui  ,30-Apr-26,Done,
1070,04/08/2026,April,Kashif,Critical / Specialist Audit Plan,Thermography,Hand Washing in chemical room ,Panel Accessories over heating possibly due to over loading ,High,ESD,Adeel Siddiqui  ,30-Apr-26,Done,
1071,04/08/2026,April,Kashif,Critical / Specialist Audit Plan,Thermography,L 6 dough lift panel ,Contactor Over Heating ,High,ESD,Adeel Siddiqui  ,30-Apr-26,Done,
1072,04/08/2026,April,Kashif,Critical / Specialist Audit Plan,Thermography,L 8 main panel Mixer ,Phase Wire Over Heating in Breaker ,High,ESD,Adeel Siddiqui  ,30-Apr-26,Done,
1073,04/08/2026,April,Kashif,Critical / Specialist Audit Plan,Thermography,L 8 Cutting main panel ,Contactor Over Heating ,High,ESD,Adeel Siddiqui  ,30-Apr-26,Done,
1074,04/08/2026,April,Kashif,Critical / Specialist Audit Plan,Thermography,L 8 wash web  panel ,Phase Wire Over heating ,High,ESD,Adeel Siddiqui  ,30-Apr-26,Done,
1075,04/08/2026,April,Kashif,Critical / Specialist Audit Plan,Thermography,RMS Ground Floor,Phase wires at the contactor terminals are heating up under load.,High,ESD,Adeel Siddiqui  ,30-Apr-26,Done,
1076,04/08/2026,April,Kashif,Critical / Specialist Audit Plan,Thermography,Power House Control Room GE 06 CB,High Heat and Contactor over heating ,High,ESD,Adeel Siddiqui  ,30-Apr-26,Done,
1077,04/08/2026,April,Kashif,Critical / Specialist Audit Plan,Thermography,Power House control room L 3,Relay over heating ,High,ESD,Adeel Siddiqui  ,30-Apr-26,Done,
1078,04/08/2026,April,Kashif,Critical / Specialist Audit Plan,Thermography,L 7 AHU ,Various panel accessories are over heating,High,ESD,Adeel Siddiqui  ,30-Apr-26,Done,
1079,04/08/2026,April,Kashif,Critical / Specialist Audit Plan,Thermography,Fire Fighting Pump Room,Various panel accessories are over heating,High,ESD,Adeel Siddiqui  ,30-Apr-26,Done,
1080,04/08/2026,April,Kashif,Critical / Specialist Audit Plan,Thermography,Adjacent to Chiller 1st floor Panel Room ,Panel Components over heating ,High,ESD,Adeel Siddiqui  ,30-Apr-26,Done,
1081,04/08/2026,April,Kashif,Critical / Specialist Audit Plan,Thermography,Cooling Tower Panel,Panel Components over heating ,High,ESD,Adeel Siddiqui  ,30-Apr-26,Done,
1082,04/08/2026,April,Kashif,Critical / Specialist Audit Plan,Thermography,Chiller 2nd Floor,Equipment Over Loading ,High,ESD,Adeel Siddiqui  ,30-Apr-26,Done,
1083,04/08/2026,April,Kashif,Critical / Specialist Audit Plan,Thermography,Chiller 8 Secondary pump panel ,Panel Components over heating ,High,ESD,Adeel Siddiqui  ,30-Apr-26,Done,
1084,04/08/2026,April,Kashif,Critical / Specialist Audit Plan,Thermography,Fan 3 and Fan 4 panel ,Panel Components over heating ,High,ESD,Adeel Siddiqui  ,30-Apr-26,Done,
1085,04/08/2026,April,Kashif,Critical / Specialist Audit Plan,Thermography,Secondary Pump (ASD and VFD ),Equipment Over Loading ,High,ESD,Adeel Siddiqui  ,30-Apr-26,Done,
1086,04/08/2026,April,Kashif,Critical / Specialist Audit Plan,Thermography,Oven Roof Oven Ventilation fan main panel ,Panel Components over heating ,High,ESD,Adeel Siddiqui  ,30-Apr-26,Done,
1087,04/08/2026,April,Kashif,Critical / Specialist Audit Plan,Thermography,Oven roof wash area DB,Panel Components over heating ,High,ESD,Adeel Siddiqui  ,30-Apr-26,Done,
1088,04/08/2026,April,Kashif,Critical / Specialist Audit Plan,Thermography,L 1 Packing ,Equipment Over Loading ,High,ESD,Adeel Siddiqui  ,30-Apr-26,Done,
1089,04/08/2026,April,Kashif,Critical / Specialist Audit Plan,Thermography,L 5 Conveyor panel ,Panel Components over heating ,High,ESD,Adeel Siddiqui  ,30-Apr-26,Done,
1090,04/08/2026,April,Kashif,Critical / Specialist Audit Plan,Thermography,Packing panel ID 335,Panel Components over heating ,High,ESD,Adeel Siddiqui  ,30-Apr-26,Done,
1091,04/08/2026,April,Kashif,Critical / Specialist Audit Plan,Thermography,Packing panel ID 492,Equipment Over Loading ,High,ESD,Adeel Siddiqui  ,30-Apr-26,Done,
1092,04/08/2026,April,Kashif,Critical / Specialist Audit Plan,Thermography,Packing panel ID 122,Electrical Components heating due to oven heat and loading,High,ESD,Adeel Siddiqui  ,30-Apr-26,Done,
1093,04/08/2026,April,Kashif,Critical / Specialist Audit Plan,Thermography,Panel ID 412,Panel Components over heating ,High,ESD,Adeel Siddiqui  ,30-Apr-26,Done,
1094,04/08/2026,April,Kashif,Critical / Specialist Audit Plan,Thermography,Line 8C cooling tunnel ,Relay over heating ,High,ESD,Adeel Siddiqui  ,30-Apr-26,Done,
1095,04/08/2026,April,Kashif,Critical / Specialist Audit Plan,Thermography,Web conveyors panel ,Relay over heating ,High,ESD,Adeel Siddiqui  ,30-Apr-26,Done,
1096,04/08/2026,April,Kashif,Critical / Specialist Audit Plan,Thermography,L 10 Cooling Conveyor Panel ,Equipment over loading ,High,ESD,Adeel Siddiqui  ,30-Apr-26,Done,
1097,04/08/2026,April,Kashif,Critical / Specialist Audit Plan,Thermography,L 10 B MBD,Panel Components over heating ,High,ESD,Adeel Siddiqui  ,30-Apr-26,Done,
1098,04/08/2026,April,Kashif,Critical / Specialist Audit Plan,Thermography,Creaming Conveyor L 10 ,Relay over heating ,High,ESD,Adeel Siddiqui  ,30-Apr-26,Done,
1099,04/08/2026,April,Kashif,Critical / Specialist Audit Plan,Thermography,RMS Ground Floor,Contactor Over Loading ,High,ESD,Adeel Siddiqui  ,30-Apr-26,Done,
1100,04/08/2026,April,Kashif,Critical / Specialist Audit Plan,Thermography,RMS 1st Floor,Panel Components over heating ,High,ESD,Adeel Siddiqui  ,30-Apr-26,Done,
1101,04/08/2026,April,Kashif,Critical / Specialist Audit Plan,Thermography,White Sugar,Panel Components over heating ,High,ESD,Adeel Siddiqui  ,30-Apr-26,Done,
1102,04/08/2026,April,Kashif,Critical / Specialist Audit Plan,Thermography,Ammonia Plant,Equipment Over Loading ,High,ESD,Adeel Siddiqui  ,30-Apr-26,Done,
1103,04/08/2026,April,Kashif,Critical / Specialist Audit Plan,Thermography,L8 Cutting,Panel Components over heating ,High,ESD,Adeel Siddiqui  ,30-Apr-26,Done,
1104,04/08/2026,April,Kashif,Critical / Specialist Audit Plan,Thermography,ISHIDA Area,Panel Components over heating ,High,ESD,Adeel Siddiqui  ,30-Apr-26,Done,
1105,04/08/2026,April,Kashif,Critical / Specialist Audit Plan,Thermography,Outside Candi Room,Equipment Over Loading ,High,ESD,Adeel Siddiqui  ,30-Apr-26,Done,
1106,04/08/2026,April,Kashif,Critical / Specialist Audit Plan,Thermography,Line 6 Pre Mixer ,Selector/Breaker damaged ,High,ESD,Adeel Siddiqui  ,30-Apr-26,Done,
1107,04/08/2026,April,Kashif,Critical / Specialist Audit Plan,Thermography,Line 5 Cutting,Contactor Over Heating ,High,ESD,Adeel Siddiqui  ,30-Apr-26,Done,
1108,04/08/2026,April,Kashif,Critical / Specialist Audit Plan,Thermography,Line 4 Mixing,Phase wires at the contactor terminals are heating up under load.,High,ESD,Adeel Siddiqui  ,30-Apr-26,Done,
1109,04/08/2026,April,Kashif,Critical / Specialist Audit Plan,Thermography,Line 3 Mixing,Panel Components over heating ,High,ESD,Adeel Siddiqui  ,30-Apr-26,Done,
1110,04/08/2026,April,Kashif,Critical / Specialist Audit Plan,Thermography,Line 5 Mixing,Panel Components over heating ,High,ESD,Adeel Siddiqui  ,30-Apr-26,Done,
1111,04/08/2026,April,Kashif,Critical / Specialist Audit Plan,Thermography,Mixing area,Panel Components over heating ,High,ESD,Adeel Siddiqui  ,30-Apr-26,Done,
1112,04/08/2026,April,Kashif,Critical / Specialist Audit Plan,Thermography,Line 2 Mixing,Panel Components over heating ,High,ESD,Adeel Siddiqui  ,30-Apr-26,Done,
1113,04/08/2026,April,Kashif,Critical / Specialist Audit Plan,Thermography,Infront of Chemical Room,Panel Components over heating ,High,ESD,Adeel Siddiqui  ,30-Apr-26,Done,
1114,04/08/2026,April,Kashif,Critical / Specialist Audit Plan,Thermography,Line 2 Mixing,Panel Accessories over heating possibly due to over loading ,High,ESD,Adeel Siddiqui  ,30-Apr-26,Done,
1115,04/08/2026,April,Kashif,Critical / Specialist Audit Plan,Thermography,Line 2 Mixing,Selector/Breaker damaged ,High,ESD,Adeel Siddiqui  ,30-Apr-26,Done,
1116,04/08/2026,April,Kashif,Critical / Specialist Audit Plan,Thermography,Line 2 Mixing,Contactor Over Heating ,High,ESD,Adeel Siddiqui  ,30-Apr-26,Done,
1117,04/08/2026,April,Kashif,Critical / Specialist Audit Plan,Thermography,Line 1 Cutting,Phase wires at the contactor terminals are heating up under load.,High,ESD,Adeel Siddiqui  ,30-Apr-26,Done,
1118,04/08/2026,April,Kashif,Critical / Specialist Audit Plan,Thermography,L2 Oven,Relay over heating ,High,ESD,Adeel Siddiqui  ,30-Apr-26,Done,
1119,04/08/2026,April,Kashif,Critical / Specialist Audit Plan,Thermography,L4 Oven,Panel Components over heating ,High,ESD,Adeel Siddiqui  ,30-Apr-26,Done,
1120,04/08/2026,April,Kashif,Critical / Specialist Audit Plan,Thermography,L4 Oven,Relay over heating ,High,ESD,Adeel Siddiqui  ,30-Apr-26,Done,
1121,04/08/2026,April,Kashif,Critical / Specialist Audit Plan,Thermography,L4 Packing,Various panel accessories are over heating,High,ESD,Adeel Siddiqui  ,30-Apr-26,Done,
1122,04/08/2026,April,Kashif,Critical / Specialist Audit Plan,Thermography,L9 Packing,Various panel accessories are over heating,High,ESD,Adeel Siddiqui  ,30-Apr-26,Done,
1123,04/08/2026,April,Kashif,Critical / Specialist Audit Plan,Thermography,Oven Wall,Relay over heating ,High,ESD,Adeel Siddiqui  ,30-Apr-26,Done,
1124,04/08/2026,April,Kashif,Critical / Specialist Audit Plan,Thermography,Line 8A Packing,Panel Components over heating ,High,ESD,Adeel Siddiqui  ,30-Apr-26,Done,
1125,04/08/2026,April,Kashif,Critical / Specialist Audit Plan,Thermography,Line 8A Packing,Contactor Over Heating ,High,ESD,Adeel Siddiqui  ,30-Apr-26,Done,
1126,04/08/2026,April,Kashif,Critical / Specialist Audit Plan,Thermography,Line 8A Packing,Contactor Over Heating ,High,ESD,Adeel Siddiqui  ,30-Apr-26,Done,
1127,04/08/2026,April,Kashif,Critical / Specialist Audit Plan,Thermography,Line 8A Packing,Panel Components over heating ,High,ESD,Adeel Siddiqui  ,30-Apr-26,Done,
1128,04/08/2026,April,Kashif,Critical / Specialist Audit Plan,Thermography,Line 8A Packing,Contactor Over Heating ,High,ESD,Adeel Siddiqui  ,30-Apr-26,Done,
1129,04/08/2026,April,Kashif,Critical / Specialist Audit Plan,Thermography,Line 8A Packing,Contactor Over Heating ,High,ESD,Adeel Siddiqui  ,30-Apr-26,Done,
1130,04/08/2026,April,Kashif,Critical / Specialist Audit Plan,Thermography,Mechanical Workshop,Relay over heating ,High,ESD,Adeel Siddiqui  ,30-Apr-26,Done,
1131,04/08/2026,April,Kashif,Critical / Specialist Audit Plan,Thermography,Outside DPM Office,Various panel accessories are over heating,High,ESD,Adeel Siddiqui  ,30-Apr-26,Done,
1132,04/08/2026,April,Kashif,Critical / Specialist Audit Plan,Thermography,Chiller 1 Panel - Ground Floor,Contactor Over Heating ,High,ESD,Adeel Siddiqui  ,30-Apr-26,Done,
1133,04/08/2026,April,Kashif,Critical / Specialist Audit Plan,Thermography,Daiken 300 Chiller,Contactor Over Heating ,High,ESD,Adeel Siddiqui  ,30-Apr-26,Done,
1134,04/08/2026,April,Kashif,Critical / Specialist Audit Plan,Thermography,Hot Water Chiller,Phase Wire Over heating ,High,ESD,Adeel Siddiqui  ,30-Apr-26,Done,
1135,04/08/2026,April,Kashif,Critical / Specialist Audit Plan,Thermography,daiken300 Chiller,Phase Wire Over heating ,High,ESD,Adeel Siddiqui  ,30-Apr-26,Done,
1136,04/08/2026,April,Kashif,Critical / Specialist Audit Plan,Thermography,Powerhouse Control Room MCC,Selector/Breaker damaged ,High,ESD,Adeel Siddiqui  ,30-Apr-26,Done,
1137,04/08/2026,April,Kashif,Critical / Specialist Audit Plan,Thermography,Powerhouse Control Room,Phase wires at the contactor terminals are heating up under load.,High,ESD,Adeel Siddiqui  ,30-Apr-26,Done,
1138,04/08/2026,April,Kashif,Critical / Specialist Audit Plan,Thermography,Power House Control Room GE 02 CB,Panel Accessories over heating  ,High,ESD,Adeel Siddiqui  ,30-Apr-26,Done,
1139,04/08/2026,April,Kashif,Critical / Specialist Audit Plan,Thermography,Power House Control Room GE 03 CB,Relay over heating ,High,ESD,Adeel Siddiqui  ,30-Apr-26,Done,
1140,04/08/2026,April,Kashif,Critical / Specialist Audit Plan,Thermography,Power House Control Room GE 05 cb,Panel Components over heating ,High,ESD,Adeel Siddiqui  ,30-Apr-26,Done,
1141,04/08/2026,April,Kashif,Critical / Specialist Audit Plan,Thermography,Behind Oil Silo,Panel Components over heating ,High,ESD,Adeel Siddiqui  ,30-Apr-26,Done,
1142,04/08/2026,April,Kashif,Critical / Specialist Audit Plan,Thermography,Behind Oil Silo,Equipment over heating and loose wiring ,High,ESD,Adeel Siddiqui  ,30-Apr-26,Done,
1143,04/08/2026,April,Kashif,Critical / Specialist Audit Plan,Thermography,Chiller Panel ,Panel Accessories over heating possibly due to over loading ,High,ESD,Adeel Siddiqui  ,30-Apr-26,Done,
1144,04/08/2026,April,Kashif,Critical / Specialist Audit Plan,Thermography,FGS ,Panel Components over heating ,High,ESD,Adeel Siddiqui  ,30-Apr-26,Done,
1145,04/08/2026,April,Kashif,Critical / Specialist Audit Plan,Thermography,line 3 cutting ,Relay over heating ,High,ESD,Adeel Siddiqui  ,30-Apr-26,Done,
1146,04/08/2026,April,Kashif,Critical / Specialist Audit Plan,Thermography,Outside HSE Store near B 100 WH ,Panel Components over heating ,High,ESD,Adeel Siddiqui  ,30-Apr-26,Done,
1147,04/08/2026,April,Kashif,Critical / Specialist Audit Plan,Thermography,FGS Near Cold Room & rack 47 ,Panel Components over heating ,High,ESD,Adeel Siddiqui  ,30-Apr-26,Done,
1148,04/08/2026,April,Kashif,Critical / Specialist Audit Plan,Thermography,L 1 Mixing ,Panel Components over heating ,High,ESD,Adeel Siddiqui  ,30-Apr-26,Done,
1149,04/08/2026,April,Kashif,Critical / Specialist Audit Plan,Thermography,L 9 Dough lifter Flexkon Conveyor Panel 2,Various panel accessories are over heating,High,ESD,Adeel Siddiqui  ,30-Apr-26,Done,
1150,04/08/2026,April,Kashif,Critical / Specialist Audit Plan,Thermography,L 5 cutting (Machine),Panel Accessories over heating possibly due to over loading ,High,ESD,Adeel Siddiqui  ,30-Apr-26,Done,
1151,04/08/2026,April,Kashif,Critical / Specialist Audit Plan,Thermography,L 4 cutting Mould lifter panel  ,Various panel accessories are over heating,High,ESD,Adeel Siddiqui  ,30-Apr-26,Done,
1152,04/08/2026,April,Kashif,Critical / Specialist Audit Plan,Thermography,L 1 Oven ,Invertor and contactors over heating.,High,ESD,Adeel Siddiqui  ,30-Apr-26,Done,
1153,04/08/2026,April,Kashif,Critical / Specialist Audit Plan,Thermography,L 1 Oven ,Panel Components over heating ,High,ESD,Adeel Siddiqui  ,30-Apr-26,Done,
1154,04/08/2026,April,Kashif,Critical / Specialist Audit Plan,Thermography,L 1 oven ,Panel Components over heating ,High,ESD,Adeel Siddiqui  ,30-Apr-26,Done,
1155,04/08/2026,April,Kashif,Critical / Specialist Audit Plan,Thermography,L 4 Oven IGF 1,Panel Accessories over heating possibly due to over loading ,High,ESD,Adeel Siddiqui  ,30-Apr-26,Done,
1156,04/08/2026,April,Kashif,Critical / Specialist Audit Plan,Thermography,L 4 Oven DGF ,Contactor Over Heating ,High,ESD,Adeel Siddiqui  ,30-Apr-26,Done,
1157,04/08/2026,April,Kashif,Critical / Specialist Audit Plan,Thermography,L 5 Oven ,Contactor Over Heating ,High,ESD,Adeel Siddiqui  ,30-Apr-26,Done,
1158,04/08/2026,April,Kashif,Critical / Specialist Audit Plan,Thermography,L 5 Oven ,High Heat in Oven and Contactor over heating ,High,ESD,Adeel Siddiqui  ,30-Apr-26,Done,
1159,04/08/2026,April,Kashif,Critical / Specialist Audit Plan,Thermography,L 6 Oven ,High Heat in Oven and Contactor over heating ,High,ESD,Adeel Siddiqui  ,30-Apr-26,Done,
1160,04/08/2026,April,Kashif,Critical / Specialist Audit Plan,Thermography,L 10 oven Main panel ,Contactor and Power Supply over heating ,High,ESD,Adeel Siddiqui  ,30-Apr-26,Done,
1161,04/08/2026,April,Kashif,Critical / Specialist Audit Plan,Thermography,L 9 oven Panel ,Various panel accessories are over heating,High,ESD,Adeel Siddiqui  ,30-Apr-26,Done,
1162,04/08/2026,April,Kashif,Critical / Specialist Audit Plan,Thermography,L 9 cutting Main panel ,Electrical Components heating due to oven heat and loading,High,ESD,Adeel Siddiqui  ,30-Apr-26,Done,
1163,04/08/2026,April,Kashif,Critical / Specialist Audit Plan,Thermography,L 10 Multiplexer Main panel ,Various panel accessories are over heating,High,ESD,Adeel Siddiqui  ,30-Apr-26,Done,
1164,04/08/2026,April,Kashif,Critical / Specialist Audit Plan,Thermography,L 11,High Heat in Oven and Contactor over heating ,High,ESD,Adeel Siddiqui  ,30-Apr-26,Done,
1165,04/08/2026,April,Kashif,Critical / Specialist Audit Plan,Thermography,L 11,High Heat in Oven and Contactor over heating ,High,ESD,Adeel Siddiqui  ,30-Apr-26,Done,
1166,04/08/2026,April,Kashif,Critical / Specialist Audit Plan,Thermography,Chocolate plant ,High Heat in Oven and Contactor over heating ,High,ESD,Adeel Siddiqui  ,30-Apr-26,Done,
1167,04/08/2026,April,Kashif,Critical / Specialist Audit Plan,Thermography,Ro plant area,High Heat in Oven and Contactor over heating ,High,ESD,Adeel Siddiqui  ,30-Apr-26,Done,
1168,04/08/2026,April,Kashif,Critical / Specialist Audit Plan,Thermography,Near TFT tank L 10 A beside L 10 B creaming ,Panel Components over heating ,High,ESD,Adeel Siddiqui  ,30-Apr-26,Done,
1169,04/08/2026,April,Kashif,Critical / Specialist Audit Plan,Thermography,L 10 Creaming ,Panel Components over heating ,High,ESD,Adeel Siddiqui  ,30-Apr-26,Done,
1170,04/08/2026,April,Kashif,Critical / Specialist Audit Plan,Thermography,Panel room ,Panel Components over heating ,High,ESD,Adeel Siddiqui  ,30-Apr-26,Done,
1171,04/08/2026,April,Kashif,Critical / Specialist Audit Plan,Thermography,Under FGS tunnel near FF water reservoir ,Panel Components over heating ,High,ESD,Adeel Siddiqui  ,30-Apr-26,Done,
1172,04/08/2026,April,Kashif,Critical / Specialist Audit Plan,Thermography,Line 7 packing ,Panel Components over heating ,High,ESD,Adeel Siddiqui  ,30-Apr-26,Done,
1173,04/08/2026,April,Kashif,Critical / Specialist Audit Plan,Thermography,Carpenter Work Shop DB,Panel Components over heating ,High,ESD,Adeel Siddiqui  ,30-Apr-26,Done,
1174,04/08/2026,April,Kashif,Critical / Specialist Audit Plan,Thermography,DB near Boys entrance/watchman table,Panel Components over heating ,High,ESD,Adeel Siddiqui  ,30-Apr-26,Done,
1175,04/08/2026,April,Kashif,Critical / Specialist Audit Plan,Thermography,Panel ID 441,Panel Components over heating ,High,ESD,Adeel Siddiqui  ,30-Apr-26,Done,
1176,04/08/2026,April,Kashif,Critical / Specialist Audit Plan,Thermography,L 10 creaming ,Panel Components over heating ,High,ESD,Adeel Siddiqui  ,30-Apr-26,Done,
1177,04/08/2026,April,Kashif,Critical / Specialist Audit Plan,Thermography,Panel 304,Panel Components over heating ,High,ESD,Adeel Siddiqui  ,30-Apr-26,Done,
1178,04/08/2026,April,Kashif,Critical / Specialist Audit Plan,Thermography,Boys canteen roof near cooling tunnel compressors ,Small-Gauged wire used in high load application.,High,ESD,Adeel Siddiqui  ,30-Apr-26,Done,
1179,04/08/2026,April,Kashif,Critical / Specialist Audit Plan,Thermography,Compressor 1 Cake plant roof ,Panel Components over heating ,High,ESD,Adeel Siddiqui  ,30-Apr-26,Done,
1180,04/08/2026,April,Kashif,Critical / Specialist Audit Plan,Thermography,Film Room,Panel Components over heating ,High,ESD,Adeel Siddiqui  ,30-Apr-26,Done,
1181,04/08/2026,April,Kashif,Critical / Specialist Audit Plan,Thermography,Ishida Area ,Panel Components over heating ,High,ESD,Adeel Siddiqui  ,30-Apr-26,Done,
1182,04/08/2026,April,Kashif,Critical / Specialist Audit Plan,Thermography,L 8 oven Main panel ,Panel Components over heating ,High,ESD,Adeel Siddiqui  ,30-Apr-26,Done,
1183,04/08/2026,April,Kashif,Critical / Specialist Audit Plan,Thermography,L 11 ,Various panel accessories are over heating,High,ESD,Adeel Siddiqui  ,30-Apr-26,Done,
1184,04/08/2026,April,Kashif,Critical / Specialist Audit Plan,Thermography,L 11,Various panel accessories are over heating,High,ESD,Adeel Siddiqui  ,30-Apr-26,Done,
1185,04/08/2026,April,Kashif,Critical / Specialist Audit Plan,Thermography,Chemical room L 11,Panel breaker is over heating ,High,ESD,Adeel Siddiqui  ,30-Apr-26,Done,
1186,04/08/2026,April,Kashif,Critical / Specialist Audit Plan,Thermography,LDB 43 PMS show Box area  ,Various panel accessories are over heating,High,ESD,Adeel Siddiqui  ,30-Apr-26,Done,
1187,04/08/2026,April,Kashif,Critical / Specialist Audit Plan,Thermography,Chemical room GF,Various panel accessories are over heating,High,ESD,Adeel Siddiqui  ,30-Apr-26,Done,
1188,04/08/2026,April,Kashif,Critical / Specialist Audit Plan,Thermography,Ice Machine Panel ,Various panel accessories are over heating,High,ESD,Adeel Siddiqui  ,30-Apr-26,Done,
1189,04/08/2026,April,Kashif,Critical / Specialist Audit Plan,Thermography,L 6 dough lift panel ,Panel Components over heating ,High,ESD,Adeel Siddiqui  ,30-Apr-26,Done,
1190,04/08/2026,April,Kashif,Critical / Specialist Audit Plan,Thermography,L 8 Cutting main panel ,Panel Components over heating ,High,ESD,Adeel Siddiqui  ,30-Apr-26,Done,
1191,04/08/2026,April,Kashif,Critical / Specialist Audit Plan,Thermography,L 8 wash web  panel ,Panel Components over heating ,High,ESD,Adeel Siddiqui  ,30-Apr-26,Done,
1192,04/08/2026,April,Kashif,Critical / Specialist Audit Plan,Thermography,RMS Ground Floor,Various panel accessories are over heating,High,ESD,Adeel Siddiqui  ,30-Apr-26,Done,
1193,04/08/2026,April,Kashif,Critical / Specialist Audit Plan,Thermography,Power House Control Room GE 06 CB,Various panel accessories are over heating,High,ESD,Adeel Siddiqui  ,30-Apr-26,Done,
1194,04/08/2026,April,Kashif,Critical / Specialist Audit Plan,Thermography,Power House control room L 3,Relay over heating ,High,ESD,Adeel Siddiqui  ,30-Apr-26,Done,
1195,04/08/2026,April,Kashif,Critical / Specialist Audit Plan,Thermography,L 7 AHU ,Panel breaker is over heating ,High,ESD,Adeel Siddiqui  ,30-Apr-26,Done,
1196,04/08/2026,April,Kashif,Critical / Specialist Audit Plan,Thermography,Adjacent to Chiller 1st floor Panel Room ,Various panel accessories are over heating,High,ESD,Adeel Siddiqui  ,30-Apr-26,Done,
1197,04/08/2026,April,Kashif,Critical / Specialist Audit Plan,Thermography,Chiller 2nd Floor,Various panel accessories are over heating,High,ESD,Adeel Siddiqui  ,30-Apr-26,Done,
1198,04/08/2026,April,Kashif,Critical / Specialist Audit Plan,Thermography,Chiller 8 Secondary pump panel ,Various panel accessories are over heating,High,ESD,Adeel Siddiqui  ,30-Apr-26,Done,
1199,04/08/2026,April,Kashif,Critical / Specialist Audit Plan,Thermography,Fan 3 and Fan 4 panel ,Various panel accessories are over heating,High,ESD,Adeel Siddiqui  ,30-Apr-26,Done,
1200,04/08/2026,April,Kashif,Critical / Specialist Audit Plan,Thermography,Secondary Pump (ASD and VFD ),Various panel accessories are over heating,High,ESD,Adeel Siddiqui  ,30-Apr-26,Done,
1201,04/08/2026,April,Kashif,Critical / Specialist Audit Plan,Thermography,Oven roof wash area DB,Various panel accessories are over heating,High,ESD,Adeel Siddiqui  ,30-Apr-26,Done,
1202,04/08/2026,April,Kashif,Critical / Specialist Audit Plan,Thermography,L 1 Packing ,Panel breaker is over heating ,High,ESD,Adeel Siddiqui  ,30-Apr-26,Done,
1203,04/08/2026,April,Kashif,Critical / Specialist Audit Plan,Thermography,L 5 Conveyor panel ,Panel breaker is over heating ,High,ESD,Adeel Siddiqui  ,30-Apr-26,Done,
1204,04/08/2026,April,Kashif,Critical / Specialist Audit Plan,Thermography,Packing panel ID 335,Various panel accessories are over heating,High,ESD,Adeel Siddiqui  ,30-Apr-26,Done,
1205,04/08/2026,April,Kashif,Critical / Specialist Audit Plan,Thermography,Packing panel ID 492,Various panel accessories are over heating,High,ESD,Adeel Siddiqui  ,30-Apr-26,Done,
1206,04/08/2026,April,Kashif,Critical / Specialist Audit Plan,Thermography,Packing panel ID 122,Panel Components over heating ,High,ESD,Adeel Siddiqui  ,30-Apr-26,Done,
1207,04/08/2026,April,Kashif,Critical / Specialist Audit Plan,Thermography,Near TFT tank L 10 A beside L 10 B creaming ,Panel Components over heating ,High,ESD,Adeel Siddiqui  ,30-Apr-26,Done,
1208,04/08/2026,April,Kashif,Critical / Specialist Audit Plan,Thermography,Web conveyors panel ,Various panel accessories are over heating,High,ESD,Adeel Siddiqui  ,30-Apr-26,Done,
1209,04/08/2026,April,Kashif,Critical / Specialist Audit Plan,Thermography,L 10 B MBD,Panel Components over heating ,High,ESD,Adeel Siddiqui  ,30-Apr-26,Done,
1210,04/08/2026,April,Kashif,Critical / Specialist Audit Plan,Thermography,Creaming Conveyor L 10 ,Panel Components over heating ,High,ESD,Adeel Siddiqui  ,30-Apr-26,Done,
1211,04/08/2026,April,Kashif,Critical / Specialist Audit Plan,Thermography,L 7 Mixing Main Panel,Panel Components over heating ,High,ESD,Adeel Siddiqui  ,30-Apr-26,Done,
1212,04/08/2026,April,Kashif,Critical / Specialist Audit Plan,Thermography,L 7 Mixer DB ,Panel breaker is over heating ,High,ESD,Adeel Siddiqui  ,30-Apr-26,Done,
1213,04/08/2026,April,Kashif,Critical / Specialist Audit Plan,Thermography,L 10 Mixing main panel ,Various panel accessories are over heating,High,ESD,Adeel Siddiqui  ,30-Apr-26,Done,
1214,04/08/2026,April,Kashif,Critical / Specialist Audit Plan,Thermography,Power House Island Selection panel ,Contactor Over Heating ,High,ESD,Adeel Siddiqui  ,30-Apr-26,Done,
1215,04/08/2026,April,Kashif,Critical / Specialist Audit Plan,Thermography,RMS Ground Floor,Contactor Over Heating ,High,ESD,Adeel Siddiqui  ,30-Apr-26,Done,
1216,04/08/2026,April,Kashif,Critical / Specialist Audit Plan,Thermography,RMS 1st Floor,Phase Wire Over heating ,High,ESD,Adeel Siddiqui  ,30-Apr-26,Done,
1217,04/08/2026,April,Kashif,Critical / Specialist Audit Plan,Thermography,White Sugar,Various panel accessories are over heating,High,ESD,Adeel Siddiqui  ,30-Apr-26,Done,
1218,04/08/2026,April,Kashif,Critical / Specialist Audit Plan,Thermography,Ammonia Plant,Contactor Over Heating ,High,ESD,Adeel Siddiqui  ,30-Apr-26,Done,
1219,04/08/2026,April,Kashif,Critical / Specialist Audit Plan,Thermography,L8 Mixing,Various panel accessories are over heating,High,ESD,Adeel Siddiqui  ,30-Apr-26,Done,
1220,04/08/2026,April,Kashif,Critical / Specialist Audit Plan,Thermography,Outside Candi Room,Contactor Over Heating ,High,ESD,Adeel Siddiqui  ,30-Apr-26,Done,
1221,04/08/2026,April,Kashif,Critical / Specialist Audit Plan,Thermography,Line 6 Mixing ,Various panel accessories are over heating,High,ESD,Adeel Siddiqui  ,30-Apr-26,Done,
1222,04/08/2026,April,Kashif,Critical / Specialist Audit Plan,Thermography,Line 5 Cutting,Contactor Over Heating ,High,ESD,Adeel Siddiqui  ,30-Apr-26,Done,
1223,04/08/2026,April,Kashif,Critical / Specialist Audit Plan,Thermography,Mixing area,Various panel accessories are over heating,High,ESD,Adeel Siddiqui  ,30-Apr-26,Done,
1224,04/08/2026,April,Kashif,Critical / Specialist Audit Plan,Thermography,Infront of Chemical Room,Various panel accessories are over heating,High,ESD,Adeel Siddiqui  ,30-Apr-26,Done,
1225,04/08/2026,April,Kashif,Critical / Specialist Audit Plan,Thermography,Line 2 Mixing,Various panel accessories are over heating,High,ESD,Adeel Siddiqui  ,30-Apr-26,Done,
1226,04/08/2026,April,Kashif,Critical / Specialist Audit Plan,Thermography,Line 2 Mixing,Contactor Over Heating ,High,ESD,Adeel Siddiqui  ,30-Apr-26,Done,
1227,04/08/2026,April,Kashif,Critical / Specialist Audit Plan,Thermography,Line 1 Cutting,Panel Components over heating ,High,ESD,Adeel Siddiqui  ,30-Apr-26,Done,
1228,04/08/2026,April,Kashif,Critical / Specialist Audit Plan,Thermography,L1 Creaming,Panel Components over heating ,High,ESD,Adeel Siddiqui  ,30-Apr-26,Done,
1229,04/08/2026,April,Kashif,Critical / Specialist Audit Plan,Thermography,L2 Oven,Various panel accessories are over heating,High,ESD,Adeel Siddiqui  ,30-Apr-26,Done,
1230,04/08/2026,April,Kashif,Critical / Specialist Audit Plan,Thermography,L4 Oven,Panel Components over heating ,High,ESD,Adeel Siddiqui  ,30-Apr-26,Done,
1231,04/08/2026,April,Kashif,Critical / Specialist Audit Plan,Thermography,L4 Oven,Various panel accessories are over heating,High,ESD,Adeel Siddiqui  ,30-Apr-26,Done,
1232,04/08/2026,April,Kashif,Critical / Specialist Audit Plan,Thermography,Line 8A Creaming,Panel Components over heating ,High,ESD,Adeel Siddiqui  ,30-Apr-26,Done,
1233,04/08/2026,April,Kashif,Critical / Specialist Audit Plan,Thermography,Oven Wall,Various panel accessories are over heating,High,ESD,Adeel Siddiqui  ,30-Apr-26,Done,
1234,04/08/2026,April,Kashif,Critical / Specialist Audit Plan,Thermography,Line 8A Packing,Panel Components over heating ,High,ESD,Adeel Siddiqui  ,30-Apr-26,Done,
1235,04/08/2026,April,Kashif,Critical / Specialist Audit Plan,Thermography,Line 8A Packing,Contactor and Power Supply over heating ,High,ESD,Adeel Siddiqui  ,30-Apr-26,Done,
1236,04/08/2026,April,Kashif,Critical / Specialist Audit Plan,Thermography,Line 8A Packing,Various panel accessories are over heating,High,ESD,Adeel Siddiqui  ,30-Apr-26,Done,
1237,04/08/2026,April,Kashif,Critical / Specialist Audit Plan,Thermography,Line 8A Packing,Panel Components over heating ,High,ESD,Adeel Siddiqui  ,30-Apr-26,Done,
1238,04/08/2026,April,Kashif,Critical / Specialist Audit Plan,Thermography,Line 8A Packing,Contactor and Power Supply over heating ,High,ESD,Adeel Siddiqui  ,30-Apr-26,Done,
1239,04/08/2026,April,Kashif,Critical / Specialist Audit Plan,Thermography,Line 8A Packing,Contactor Over Heating ,High,ESD,Adeel Siddiqui  ,30-Apr-26,Done,
1240,04/08/2026,April,Kashif,Critical / Specialist Audit Plan,Thermography,Mechanical Workshop,Contactor Over Heating ,High,ESD,Adeel Siddiqui  ,30-Apr-26,Done,
1241,04/08/2026,April,Kashif,Critical / Specialist Audit Plan,Thermography,Outside DPM Office,Phase Wire Over heating ,High,ESD,Adeel Siddiqui  ,30-Apr-26,Done,
1242,04/08/2026,April,Kashif,Critical / Specialist Audit Plan,Thermography,Chiller 1 Panel - Ground Floor,Contactor Over Heating ,High,ESD,Adeel Siddiqui  ,30-Apr-26,Done,
1243,04/08/2026,April,Kashif,Critical / Specialist Audit Plan,Thermography,Daiken 300 Chiller,Contactor Over Heating ,High,ESD,Adeel Siddiqui  ,30-Apr-26,Done,
1244,04/08/2026,April,Kashif,Critical / Specialist Audit Plan,Thermography,Hot Water Chiller,Phase Wire Over heating ,High,ESD,Adeel Siddiqui  ,30-Apr-26,Done,
1245,04/08/2026,April,Kashif,Critical / Specialist Audit Plan,Thermography,Powerhouse Control Room LT CB 03,Contactor Over Heating ,High,ESD,Adeel Siddiqui  ,30-Apr-26,Done,
1246,04/08/2026,April,Kashif,Critical / Specialist Audit Plan,Thermography,Power House Control Room GE 05 cb,Panel Components over heating ,High,ESD,Adeel Siddiqui  ,30-Apr-26,Done,
1247,04/08/2026,April,Kashif,Critical / Specialist Audit Plan,Thermography,Behind Oil Silo,Panel Components over heating ,High,ESD,Adeel Siddiqui  ,30-Apr-26,Done,
1248,04/08/2026,April,Kashif,Critical / Specialist Audit Plan,Thermography,Behind Oil Silo,Equipment over heating and loose wiring ,High,ESD,Adeel Siddiqui  ,30-Apr-26,Done,
1249,04/08/2026,April,Kashif,Critical / Specialist Audit Plan,Thermography,L5 Packing,Various panel accessories are over heating,High,ESD,Adeel Siddiqui  ,30-Apr-26,Done,
1250,04/08/2026,April,Kashif,Critical / Specialist Audit Plan,Thermography,L8B Creaming,Equipment over heating and loose wiring ,High,ESD,Adeel Siddiqui  ,30-Apr-26,Done,
1251,04/08/2026,April,Kashif,Critical / Specialist Audit Plan,Thermography,Outside Oil tank room one outside,Equipment over heating and loose wiring ,High,ESD,Adeel Siddiqui  ,30-Apr-26,Done,
1252,04/08/2026,April,Kashif,Critical / Specialist Audit Plan,Thermography,Chiller Panel ,Various panel accessories are over heating,High,ESD,Adeel Siddiqui  ,30-Apr-26,Done,
1253,04/08/2026,April,Kashif,Critical / Specialist Audit Plan,Thermography,FGS ,Panel Components over heating ,High,ESD,Adeel Siddiqui  ,30-Apr-26,Done,
1254,04/08/2026,April,Kashif,Critical / Specialist Audit Plan,Thermography,Outside HSE Store near B 100 WH ,Panel Components over heating ,High,ESD,Adeel Siddiqui  ,30-Apr-26,Done,
1255,04/08/2026,April,Kashif,Critical / Specialist Audit Plan,Thermography,LPG + Air  Mixer Control ,Equipment over heating and loose wiring ,High,ESD,Adeel Siddiqui  ,30-Apr-26,Done,
1256,04/08/2026,April,Kashif,Critical / Specialist Audit Plan,Thermography,FGS Near Cold Room & rack 47 ,Panel Components over heating ,High,ESD,Adeel Siddiqui  ,30-Apr-26,Done,
1257,04/08/2026,April,Kashif,Critical / Specialist Audit Plan,Thermography,L 1 Mixing ,Various panel accessories are over heating,High,ESD,Adeel Siddiqui  ,30-Apr-26,Done,
1258,04/08/2026,April,Kashif,Critical / Specialist Audit Plan,Thermography,Mixing ,Equipment over heating and loose wiring ,High,ESD,Adeel Siddiqui  ,30-Apr-26,Done,
1259,04/08/2026,April,Kashif,Critical / Specialist Audit Plan,Thermography,L 9 Dough lifter Flexkon Conveyor Panel 2,Contactor Over Heating ,High,ESD,Adeel Siddiqui  ,30-Apr-26,Done,
1260,04/08/2026,April,Kashif,Critical / Specialist Audit Plan,Thermography,L 5 cutting (Machine),Panel Accessories over heating possibly due to over loading ,High,ESD,Adeel Siddiqui  ,30-Apr-26,Done,
1261,04/08/2026,April,Kashif,Critical / Specialist Audit Plan,Thermography,L 4 cutting Mould lifter panel  ,Equipment over heating and loose wiring ,High,ESD,Adeel Siddiqui  ,30-Apr-26,Done,
1262,04/08/2026,April,Kashif,Critical / Specialist Audit Plan,Thermography,L 1 Oven ,Panel Components over heating ,High,ESD,Adeel Siddiqui  ,30-Apr-26,Done,
1263,04/08/2026,April,Kashif,Critical / Specialist Audit Plan,Thermography,L 1 oven ,Panel Components over heating ,High,ESD,Adeel Siddiqui  ,30-Apr-26,Done,
1264,04/08/2026,April,Kashif,Critical / Specialist Audit Plan,Thermography,L 1 oven DGF Near cutting Section,Panel Components over heating ,High,ESD,Adeel Siddiqui  ,30-Apr-26,Done,
1265,04/08/2026,April,Kashif,Critical / Specialist Audit Plan,Thermography,L 1 oven Opposite L 21 pillar Non Operating side,Panel Components over heating ,High,ESD,Adeel Siddiqui  ,30-Apr-26,Done,
1266,04/08/2026,April,Kashif,Critical / Specialist Audit Plan,Thermography,Line 2 oven ,Panel Components over heating ,High,ESD,Adeel Siddiqui  ,30-Apr-26,Done,
1267,04/08/2026,April,Kashif,Critical / Specialist Audit Plan,Thermography,L 4 Oven IGF 1,Panel Components over heating ,High,ESD,Adeel Siddiqui  ,30-Apr-26,Done,
1268,04/08/2026,April,Kashif,Critical / Specialist Audit Plan,Thermography,L 4 Oven DGF ,Panel Components over heating ,High,ESD,Adeel Siddiqui  ,30-Apr-26,Done,
1269,04/08/2026,April,Kashif,Critical / Specialist Audit Plan,Thermography,L 5 Oven ,Contactor and Heat Sink Over heating ,High,ESD,Adeel Siddiqui  ,30-Apr-26,Done,
1270,04/08/2026,April,Kashif,Critical / Specialist Audit Plan,Thermography,L 5 Oven ,Equipment over heating and loose wiring ,High,ESD,Adeel Siddiqui  ,30-Apr-26,Done,
1271,04/08/2026,April,Kashif,Critical / Specialist Audit Plan,Thermography,L 6 Oven ,High Heat in Oven and Contactor over heating ,High,ESD,Adeel Siddiqui  ,30-Apr-26,Done,
1272,04/08/2026,April,Kashif,Critical / Specialist Audit Plan,Thermography,L 10 oven Main panel ,Contactor and Power Supply over heating ,High,ESD,Adeel Siddiqui  ,30-Apr-26,Done,
1273,04/08/2026,April,Kashif,Critical / Specialist Audit Plan,Thermography,(RO plant near PH),Equipment over heating and loose wiring ,High,ESD,Adeel Siddiqui  ,30-Apr-26,Done,
1274,04/08/2026,April,Kashif,Critical / Specialist Audit Plan,Thermography,Near Floor Silo ,Panel Accessories over heating possibly due to over loading ,High,ESD,Adeel Siddiqui  ,30-Apr-26,Done,
1275,04/08/2026,April,Kashif,Critical / Specialist Audit Plan,Thermography,L 10 Platform degree and Web MCP near PDS 2,Panel Accessories over heating possibly due to over loading ,High,ESD,Adeel Siddiqui  ,30-Apr-26,Done,
1276,04/08/2026,April,Kashif,Critical / Specialist Audit Plan,Thermography,FAHU DB at L 10 creaming exit ,Contactor and Power Supply over heating ,High,ESD,Adeel Siddiqui  ,30-Apr-26,Done,
1277,04/08/2026,April,Kashif,Critical / Specialist Audit Plan,Thermography,L 11,Panel Components over heating ,High,ESD,Adeel Siddiqui  ,30-Apr-26,Done,
1278,04/08/2026,April,Kashif,Critical / Specialist Audit Plan,Thermography,L 11,Contactor and Power Supply over heating ,High,ESD,Adeel Siddiqui  ,30-Apr-26,Done,
1279,04/08/2026,April,Kashif,Critical / Specialist Audit Plan,Thermography,L 11,Panel Components over heating ,High,ESD,Adeel Siddiqui  ,30-Apr-26,Done,
1280,04/08/2026,April,Kashif,Critical / Specialist Audit Plan,Thermography,L 11,Panel Accessories over heating possibly due to over loading ,High,ESD,Adeel Siddiqui  ,30-Apr-26,Done,
1281,04/08/2026,April,Kashif,Critical / Specialist Audit Plan,Thermography,L 11,Contactor and Power Supply over heating ,High,ESD,Adeel Siddiqui  ,30-Apr-26,Done,
1282,04/08/2026,April,Kashif,Critical / Specialist Audit Plan,Thermography,L 11,Panel Components over heating ,High,ESD,Adeel Siddiqui  ,30-Apr-26,Done,
1283,04/08/2026,April,Kashif,Critical / Specialist Audit Plan,Thermography,L 11,Equipment over heating and loose wiring ,High,ESD,Adeel Siddiqui  ,30-Apr-26,Done,
1284,04/08/2026,April,Kashif,Critical / Specialist Audit Plan,Thermography,L 11,Contactor and Power Supply over heating ,High,ESD,Adeel Siddiqui  ,30-Apr-26,Done,
1285,04/08/2026,April,Kashif,Critical / Specialist Audit Plan,Thermography,L 11,Panel Components over heating ,High,ESD,Adeel Siddiqui  ,30-Apr-26,Done,
1286,04/08/2026,April,Kashif,Critical / Specialist Audit Plan,Thermography,L 11,Contactor and Heat Sink Over heating ,High,ESD,Adeel Siddiqui  ,30-Apr-26,Done,
1287,04/08/2026,April,Kashif,Critical / Specialist Audit Plan,Thermography,L11,Panel Accessories over heating possibly due to over loading ,High,ESD,Adeel Siddiqui  ,30-Apr-26,Done,
1288,04/08/2026,April,Kashif,Critical / Specialist Audit Plan,Thermography,L11,Panel Components over heating ,High,ESD,Adeel Siddiqui  ,30-Apr-26,Done,
1289,04/08/2026,April,Kashif,Critical / Specialist Audit Plan,Thermography,L11,Panel Components over heating ,High,ESD,Adeel Siddiqui  ,30-Apr-26,Done,
1290,04/08/2026,April,Kashif,Critical / Specialist Audit Plan,Thermography,Chocolate plant ,Panel Accessories over heating possibly due to over loading ,High,ESD,Adeel Siddiqui  ,30-Apr-26,Done,
1291,04/08/2026,April,Kashif,Critical / Specialist Audit Plan,Thermography,Chocolate plant ,Contactor and Power Supply over heating ,High,ESD,Adeel Siddiqui  ,30-Apr-26,Done,
1292,04/08/2026,April,Kashif,Critical / Specialist Audit Plan,Thermography,ESD Workshop ,Panel Components over heating ,High,ESD,Adeel Siddiqui  ,30-Apr-26,Done,
1293,04/08/2026,April,Kashif,Critical / Specialist Audit Plan,Thermography,ESD Workshop ,Contactor and Power Supply over heating ,High,ESD,Adeel Siddiqui  ,30-Apr-26,Done,
1294,04/08/2026,April,Kashif,Critical / Specialist Audit Plan,Thermography,Brown Sugar Main panel ,Panel Components over heating ,High,ESD,Adeel Siddiqui  ,30-Apr-26,Done,
1295,04/08/2026,April,Kashif,Critical / Specialist Audit Plan,Thermography,Geaser DB near Oil tank room 2,Panel Accessories over heating possibly due to over loading ,High,ESD,Adeel Siddiqui  ,30-Apr-26,Done,
1296,04/08/2026,April,Kashif,Critical / Specialist Audit Plan,Thermography,Outside Oil tank room 3 small DB,Contactor and Power Supply over heating ,High,ESD,Adeel Siddiqui  ,30-Apr-26,Done,
1297,04/08/2026,April,Kashif,Critical / Specialist Audit Plan,Thermography,Exhauster Beside Brown Sugar Lift Machine Room ,Equipment over heating and loose wiring ,High,ESD,Adeel Siddiqui  ,30-Apr-26,Done,
1298,04/08/2026,April,Kashif,Critical / Specialist Audit Plan,Thermography,Line 8 C creaming ,Panel Components over heating ,High,ESD,Adeel Siddiqui  ,30-Apr-26,Done,
1299,04/08/2026,April,Kashif,Critical / Specialist Audit Plan,Thermography,L 10 B creaming main panel ,Contactor and Power Supply over heating ,High,ESD,Adeel Siddiqui  ,30-Apr-26,Done,
1300,04/08/2026,April,Kashif,Critical / Specialist Audit Plan,Thermography,TFT panel Line 10 B,Contactor and Power Supply over heating ,High,ESD,Adeel Siddiqui  ,30-Apr-26,Done,
1301,04/08/2026,April,Kashif,Critical / Specialist Audit Plan,Thermography,Panel room ,Panel Components over heating ,High,ESD,Adeel Siddiqui  ,30-Apr-26,Done,
1302,04/08/2026,April,Kashif,Critical / Specialist Audit Plan,Thermography,Panel room ,Contactor and Power Supply over heating ,High,ESD,Adeel Siddiqui  ,30-Apr-26,Done,
1303,04/08/2026,April,Kashif,Critical / Specialist Audit Plan,Thermography,Panel room ,Panel Components over heating ,High,ESD,Adeel Siddiqui  ,30-Apr-26,Done,
1304,04/08/2026,April,Kashif,Critical / Specialist Audit Plan,Thermography,Panel room ,Panel Accessories over heating possibly due to over loading ,High,ESD,Adeel Siddiqui  ,30-Apr-26,Done,
1305,04/08/2026,April,Kashif,Critical / Specialist Audit Plan,Thermography,Panel room ,Contactor and Power Supply over heating ,High,ESD,Adeel Siddiqui  ,30-Apr-26,Done,
1306,04/08/2026,April,Kashif,Critical / Specialist Audit Plan,Thermography,Near FGS Tunnel & gate 2 gallery ,Panel Components over heating ,High,ESD,Adeel Siddiqui  ,30-Apr-26,Done,
1307,04/08/2026,April,Kashif,Critical / Specialist Audit Plan,Thermography,TFT Panel TB 10,Contactor and Power Supply over heating ,High,ESD,Adeel Siddiqui  ,30-Apr-26,Done,
1308,04/08/2026,April,Kashif,Critical / Specialist Audit Plan,Thermography,Cream Hopper 2,Panel Components over heating ,High,ESD,Adeel Siddiqui  ,30-Apr-26,Done,
1309,04/08/2026,April,Kashif,Critical / Specialist Audit Plan,Thermography,Emergency exit near  Boys FID entrance ,Panel Components over heating ,High,ESD,Adeel Siddiqui  ,30-Apr-26,Done,
1310,04/08/2026,April,Kashif,Critical / Specialist Audit Plan,Thermography,Carpenter Work Shop DB,Panel Components over heating ,High,ESD,Adeel Siddiqui  ,30-Apr-26,Done,
1311,04/08/2026,April,Kashif,Critical / Specialist Audit Plan,Thermography,Fire Fighting Pump Room,Contactor and Power Supply over heating ,High,ESD,Adeel Siddiqui  ,30-Apr-26,Done,
1312,04/08/2026,April,Kashif,Critical / Specialist Audit Plan,Thermography,L 1 Cooling tunnel ,Contactor and Power Supply over heating ,High,ESD,Adeel Siddiqui  ,30-Apr-26,Done,
1313,04/08/2026,April,Kashif,Critical / Specialist Audit Plan,Thermography,L 1 near rotoflex conveyor,Panel Components over heating ,High,ESD,Adeel Siddiqui  ,30-Apr-26,Done,
1314,04/08/2026,April,Kashif,Critical / Specialist Audit Plan,Thermography,L 1 near rotoflex conveyor,Contactor and Power Supply over heating ,High,ESD,Adeel Siddiqui  ,30-Apr-26,Done,
1315,04/08/2026,April,Kashif,Critical / Specialist Audit Plan,Thermography,L 2 packing ,Panel Components over heating ,High,ESD,Adeel Siddiqui  ,30-Apr-26,Done,
1316,04/08/2026,April,Kashif,Critical / Specialist Audit Plan,Thermography,Cama L 8M ,Panel Accessories over heating possibly due to over loading ,High,ESD,Adeel Siddiqui  ,30-Apr-26,Done,
1317,04/08/2026,April,Kashif,Critical / Specialist Audit Plan,Thermography,L 8 M packing,Contactor and Power Supply over heating ,High,ESD,Adeel Siddiqui  ,30-Apr-26,Done,
1318,04/08/2026,April,Kashif,Critical / Specialist Audit Plan,Thermography,L 8M ,Panel Components over heating ,High,ESD,Adeel Siddiqui  ,30-Apr-26,Done,
1319,04/08/2026,April,Kashif,Critical / Specialist Audit Plan,Thermography,L 8 B stacker ,Panel Accessories over heating possibly due to over loading ,High,ESD,Adeel Siddiqui  ,30-Apr-26,Done,
1320,04/08/2026,April,Kashif,Critical / Specialist Audit Plan,Thermography,L 8 B stacker ,Panel Accessories over heating possibly due to over loading ,High,ESD,Adeel Siddiqui  ,30-Apr-26,Done,
1321,04/08/2026,April,Kashif,Critical / Specialist Audit Plan,Thermography,L 8 packing ,Panel Components over heating ,High,ESD,Adeel Siddiqui  ,30-Apr-26,Done,
1322,04/08/2026,April,Kashif,Critical / Specialist Audit Plan,Thermography,L 8M cooling Tunnel ,Panel Accessories over heating possibly due to over loading ,High,ESD,Adeel Siddiqui  ,30-Apr-26,Done,
1323,04/08/2026,April,Kashif,Critical / Specialist Audit Plan,Thermography,Near L 8M Cooling Tunnel ,Equipment over heating and loose wiring ,High,ESD,Adeel Siddiqui  ,30-Apr-26,Done,
1324,04/08/2026,April,Kashif,Critical / Specialist Audit Plan,Thermography,L 6 Vibrator ,Equipment over heating and loose wiring ,High,ESD,Adeel Siddiqui  ,30-Apr-26,Done,
1325,04/08/2026,April,Kashif,Critical / Specialist Audit Plan,Thermography,L 8 M Cooling Tunnel ,Panel Accessories over heating possibly due to over loading ,High,ESD,Adeel Siddiqui  ,30-Apr-26,Done,
1326,04/08/2026,April,Kashif,Critical / Specialist Audit Plan,Thermography,L 8  M Creaming ,Equipment over heating and loose wiring ,High,ESD,Adeel Siddiqui  ,30-Apr-26,Done,
1327,04/08/2026,April,Kashif,Critical / Specialist Audit Plan,Thermography,L 8M creaming ,Panel Accessories over heating possibly due to over loading ,High,ESD,Adeel Siddiqui  ,30-Apr-26,Done,
1328,04/08/2026,April,Kashif,Critical / Specialist Audit Plan,Thermography,L 8M creaming Panel C ,Equipment over heating and loose wiring ,High,ESD,Adeel Siddiqui  ,30-Apr-26,Done,
1329,04/08/2026,April,Kashif,Critical / Specialist Audit Plan,Thermography,L 9 packing ,Equipment over heating and loose wiring ,High,ESD,Adeel Siddiqui  ,30-Apr-26,Done,
1330,04/08/2026,April,Kashif,Critical / Specialist Audit Plan,Thermography,L 7 packing ,Panel Accessories over heating possibly due to over loading ,High,ESD,Adeel Siddiqui  ,30-Apr-26,Done,
1331,04/08/2026,April,Kashif,Critical / Specialist Audit Plan,Thermography,L 7 packing ,Panel Accessories over heating possibly due to over loading ,High,ESD,Adeel Siddiqui  ,30-Apr-26,Done,
1332,04/08/2026,April,Kashif,Critical / Specialist Audit Plan,Thermography,L 7 Packing ,Equipment over heating and loose wiring ,High,ESD,Adeel Siddiqui  ,30-Apr-26,Done,
1333,04/08/2026,April,Kashif,Critical / Specialist Audit Plan,Thermography,Boys FID Entrance area,Equipment over heating and loose wiring ,High,ESD,Adeel Siddiqui  ,30-Apr-26,Done,
1334,04/08/2026,April,Kashif,Critical / Specialist Audit Plan,Thermography,Girl Entrance ,Equipment over heating and loose wiring ,High,ESD,Adeel Siddiqui  ,30-Apr-26,Done,
1335,04/08/2026,April,Kashif,Critical / Specialist Audit Plan,Thermography,Biscuit Grinding Lift panel ,Panel Accessories over heating possibly due to over loading ,High,ESD,Adeel Siddiqui  ,30-Apr-26,Done,
1336,04/08/2026,April,Kashif,Critical / Specialist Audit Plan,Thermography,L 2 Mixer ,Equipment over heating and loose wiring ,High,ESD,Adeel Siddiqui  ,30-Apr-26,Done,
1337,04/08/2026,April,Kashif,Critical / Specialist Audit Plan,Thermography,Panel 304,Panel Components over heating ,High,ESD,Adeel Siddiqui  ,30-Apr-26,Done,
1338,04/08/2026,April,Kashif,Critical / Specialist Audit Plan,Thermography,Boys canteen roof near cooling tunnel compressors ,Equipment over heating and loose wiring ,High,ESD,Adeel Siddiqui  ,30-Apr-26,Done,
1339,04/08/2026,April,Kashif,Critical / Specialist Audit Plan,Thermography,Compressor 1 Cake plant roof ,Panel Components over heating ,High,ESD,Adeel Siddiqui  ,30-Apr-26,Done,
1340,04/08/2026,April,Kashif,Critical / Specialist Audit Plan,Thermography,Film Room,Panel Components over heating ,High,ESD,Adeel Siddiqui  ,30-Apr-26,Done,
1341,04/08/2026,April,Kashif,Critical / Specialist Audit Plan,Thermography,Ishida Area ,Panel Components over heating ,High,ESD,Adeel Siddiqui  ,30-Apr-26,Done,
1342,04/08/2026,April,Kashif,Critical / Specialist Audit Plan,Thermography,L 8 oven Main panel ,Panel Components over heating ,High,ESD,Adeel Siddiqui  ,30-Apr-26,Done,
1343,04/08/2026,April,Kashif,Critical / Specialist Audit Plan,Thermography,L 4 oven Cutting side ,Panel Accessories over heating possibly due to over loading ,High,ESD,Adeel Siddiqui  ,30-Apr-26,Done,
1344,04/08/2026,April,Kashif,Critical / Specialist Audit Plan,Thermography,L 11 ,Panel Accessories over heating possibly due to over loading ,High,ESD,Adeel Siddiqui  ,30-Apr-26,Done,
1345,04/08/2026,April,Kashif,Critical / Specialist Audit Plan,Thermography,L 11,Panel Accessories over heating possibly due to over loading ,High,ESD,Adeel Siddiqui  ,30-Apr-26,Done,
1346,04/08/2026,April,Kashif,Critical / Specialist Audit Plan,Thermography,Chemical room L 11,Panel Accessories over heating possibly due to over loading ,High,ESD,Adeel Siddiqui  ,30-Apr-26,Done,
1347,04/08/2026,April,Kashif,Critical / Specialist Audit Plan,Thermography,LDB 43 PMS show Box area  ,Panel Accessories over heating possibly due to over loading ,High,ESD,Adeel Siddiqui  ,30-Apr-26,Done,
1348,04/08/2026,April,Kashif,Critical / Specialist Audit Plan,Thermography,Chemical room GF,Panel Accessories over heating possibly due to over loading ,High,ESD,Adeel Siddiqui  ,30-Apr-26,Done,
1349,04/08/2026,April,Kashif,Critical / Specialist Audit Plan,Thermography,Ice Machine Panel ,Panel Accessories over heating possibly due to over loading ,High,ESD,Adeel Siddiqui  ,30-Apr-26,Done,
1350,04/08/2026,April,Kashif,Critical / Specialist Audit Plan,Thermography,Hand Washing in chemical room ,Panel Accessories over heating possibly due to over loading ,High,ESD,Adeel Siddiqui  ,30-Apr-26,Done,
1351,04/08/2026,April,Kashif,Critical / Specialist Audit Plan,Thermography,L 6 dough lift panel ,Panel Accessories over heating possibly due to over loading ,High,ESD,Adeel Siddiqui  ,30-Apr-26,Done,
1352,04/08/2026,April,Kashif,Critical / Specialist Audit Plan,Thermography,L 8 main panel Mixer ,Equipment over heating and loose wiring ,High,ESD,Adeel Siddiqui  ,30-Apr-26,Done,
1353,04/08/2026,April,Kashif,Critical / Specialist Audit Plan,Thermography,L 8 Cutting main panel ,Panel Components over heating ,High,ESD,Adeel Siddiqui  ,30-Apr-26,Done,
1354,04/08/2026,April,Kashif,Critical / Specialist Audit Plan,Thermography,L 8 wash web  panel ,Equipment over heating and loose wiring ,High,ESD,Adeel Siddiqui  ,30-Apr-26,Done,
1355,04/08/2026,April,Kashif,Critical / Specialist Audit Plan,Thermography,RMS Ground Floor,Equipment over heating and loose wiring ,High,ESD,Adeel Siddiqui  ,30-Apr-26,Done,
1356,04/08/2026,April,Kashif,Critical / Specialist Audit Plan,Thermography,Power House Control Room GE 06 CB,Panel Accessories over heating possibly due to over loading ,High,ESD,Adeel Siddiqui  ,30-Apr-26,Done,
1357,04/08/2026,April,Kashif,Critical / Specialist Audit Plan,Thermography,Power House Line 2 ,Panel Components over heating ,High,ESD,Adeel Siddiqui  ,30-Apr-26,Done,
1358,04/08/2026,April,Kashif,Critical / Specialist Audit Plan,Thermography,Power House Line 2 ,High Heat in Oven and Contactor over heating ,High,ESD,Adeel Siddiqui  ,30-Apr-26,Done,
1359,04/08/2026,April,Kashif,Critical / Specialist Audit Plan,Thermography,Power House Line 2 ,High Heat in Oven and Contactor over heating ,High,ESD,Adeel Siddiqui  ,30-Apr-26,Done,
1360,04/08/2026,April,Kashif,Critical / Specialist Audit Plan,Thermography,Power House control room L 3,High Heat in Oven and Contactor over heating ,High,ESD,Adeel Siddiqui  ,30-Apr-26,Done,
1361,04/08/2026,April,Kashif,Critical / Specialist Audit Plan,Thermography,L 7 AHU ,High Heat in Oven and Contactor over heating ,High,ESD,Adeel Siddiqui  ,30-Apr-26,Done,
1362,04/08/2026,April,Kashif,Critical / Specialist Audit Plan,Thermography,Adjacent to Chiller 1st floor Panel Room ,High Heat in Oven and Contactor over heating ,High,ESD,Adeel Siddiqui  ,30-Apr-26,Done,
1363,04/08/2026,April,Kashif,Critical / Specialist Audit Plan,Thermography,Chiller 2nd Floor,Panel Components over heating ,High,ESD,Adeel Siddiqui  ,30-Apr-26,Done,
1364,04/08/2026,April,Kashif,Critical / Specialist Audit Plan,Thermography,Chiller 8 Secondary pump panel ,Panel Components over heating ,High,ESD,Adeel Siddiqui  ,30-Apr-26,Done,
1365,04/08/2026,April,Kashif,Critical / Specialist Audit Plan,Thermography,Fan 3 and Fan 4 panel ,Panel Components over heating ,High,ESD,Adeel Siddiqui  ,30-Apr-26,Done,
1366,04/08/2026,April,Kashif,Critical / Specialist Audit Plan,Thermography,Secondary Pump (ASD and VFD ),Panel Components over heating ,High,ESD,Adeel Siddiqui  ,30-Apr-26,Done,
1367,04/08/2026,April,Kashif,Critical / Specialist Audit Plan,Thermography,Oven Roof Oven Ventilation fan main panel ,Panel Components over heating ,High,ESD,Adeel Siddiqui  ,30-Apr-26,Done,
1368,04/08/2026,April,Kashif,Critical / Specialist Audit Plan,Thermography,Oven Roof FAHU Line 1 near oven ventilation fan main panel ,Panel Components over heating ,High,ESD,Adeel Siddiqui  ,30-Apr-26,Done,
1369,04/08/2026,April,Kashif,Critical / Specialist Audit Plan,Thermography,Oven Roof FAHU 2 near DB ,Panel Components over heating ,High,ESD,Adeel Siddiqui  ,30-Apr-26,Done,
1370,04/08/2026,April,Kashif,Critical / Specialist Audit Plan,Thermography,Oven Roof near FAHU 6,Various panel accessories are over heating,High,ESD,Adeel Siddiqui  ,30-Apr-26,Done,
1371,04/08/2026,April,Kashif,Critical / Specialist Audit Plan,Thermography,Oven roof wash area DB,Panel Components over heating ,High,ESD,Adeel Siddiqui  ,30-Apr-26,Done,
1372,04/08/2026,April,Kashif,Critical / Specialist Audit Plan,Thermography,Oven Roof FAHU panel near exit line 10 creaming ,Contactor and Power Supply over heating ,High,ESD,Adeel Siddiqui  ,30-Apr-26,Done,
1373,04/08/2026,April,Kashif,Critical / Specialist Audit Plan,Thermography,L 1 Packing ,Various panel accessories are over heating,High,ESD,Adeel Siddiqui  ,30-Apr-26,Done,
1374,04/08/2026,April,Kashif,Critical / Specialist Audit Plan,Thermography,L 5 Conveyor panel ,Contactor and Power Supply over heating ,High,ESD,Adeel Siddiqui  ,30-Apr-26,Done,
1375,04/08/2026,April,Kashif,Critical / Specialist Audit Plan,Thermography,Packing panel ID 335,Various panel accessories are over heating,High,ESD,Adeel Siddiqui  ,30-Apr-26,Done,
1376,04/08/2026,April,Kashif,Critical / Specialist Audit Plan,Thermography,Packing panel ID 492,Panel Components over heating ,High,ESD,Adeel Siddiqui  ,30-Apr-26,Done,
1377,04/08/2026,April,Kashif,Critical / Specialist Audit Plan,Thermography,Packing panel ID 122,High Heat in Oven and Contactor over heating ,High,ESD,Adeel Siddiqui  ,30-Apr-26,Done,
1378,04/08/2026,April,Kashif,Critical / Specialist Audit Plan,Thermography,Line 8C cooling tunnel ,High Heat in Oven and Contactor over heating ,High,ESD,Adeel Siddiqui  ,30-Apr-26,Done,
1379,04/08/2026,April,Kashif,Critical / Specialist Audit Plan,Thermography,Web conveyors panel ,High Heat in Oven and Contactor over heating ,High,ESD,Adeel Siddiqui  ,30-Apr-26,Done,
1380,04/08/2026,April,Kashif,Critical / Specialist Audit Plan,Thermography,L 10 Cooling Conveyor Panel ,High Heat in Oven and Contactor over heating ,High,ESD,Adeel Siddiqui  ,30-Apr-26,Done,
1381,04/08/2026,April,Kashif,Critical / Specialist Audit Plan,Thermography,L 10 B MBD,High Heat in Oven and Contactor over heating ,High,ESD,Adeel Siddiqui  ,30-Apr-26,Done,
1382,04/08/2026,April,Kashif,Critical / Specialist Audit Plan,Thermography,Creaming Conveyor L 10 ,High Heat in Oven and Contactor over heating ,High,ESD,Adeel Siddiqui  ,30-Apr-26,Done,
1383,04/08/2026,April,Kashif,Critical / Specialist Audit Plan,Thermography,L 7 Mixing Main Panel,Panel Components over heating ,High,ESD,Adeel Siddiqui  ,30-Apr-26,Done,
1384,04/08/2026,April,Kashif,Critical / Specialist Audit Plan,Thermography,L 7 Mixer DB ,Panel Components over heating ,High,ESD,Adeel Siddiqui  ,30-Apr-26,Done,
1385,04/08/2026,April,Kashif,Critical / Specialist Audit Plan,Thermography,L 10 Mixing main panel ,Panel Components over heating ,High,ESD,Adeel Siddiqui  ,30-Apr-26,Done,
1386,28/04/2026,March,Sarfraz Ali,Critical / Specialist Audit Plan,Warehouse Audit,FGS,"Fire extinguishers available, functional, and inspected regularly",High,HSE,Naveed Taqvi,Within 1 Week,Done,
1387,28/04/2026,March,Sarfraz Ali,Critical / Specialist Audit Plan,Warehouse Audit,FGS,"Emergency exit routes clearly marked, unobstructed, and accessible",High,Stores,Muhammad Sheeraz Khan,Within 1 Week,Done,
1388,28/04/2026,March,Sarfraz Ali,Critical / Specialist Audit Plan,Warehouse Audit,FGS,Emergency lights functional along exit routes,High,Stores,Muhammad Sheeraz Khan,Within 1 Week,Done,
1389,28/04/2026,March,Sarfraz Ali,Critical / Specialist Audit Plan,Warehouse Audit,FGS,Fire alarms and detection systems operational,High,HSE,Naveed Taqvi,Within 1 Week,Done,
1390,28/04/2026,March,Sarfraz Ali,Critical / Specialist Audit Plan,Warehouse Audit,FGS,"Sprinkler system installed, accessible, and tested periodically",High,HSE,Naveed Taqvi,Monthly,Done,
1391,28/04/2026,March,Sarfraz Ali,Critical / Specialist Audit Plan,Warehouse Audit,FGS,"Fire drills conducted periodically, staff trained",High,HSE,Naveed Taqvi,Completed,Done,
1392,28/04/2026,March,Sarfraz Ali,Critical / Specialist Audit Plan,Warehouse Audit,FGS,"Electrical panels properly covered, labeled, and maintained",High,ESD,Adeel Siddiqui  ,2 Days,Pending,
1393,28/04/2026,March,Sarfraz Ali,Critical / Specialist Audit Plan,Warehouse Audit,FGS,"No exposed wiring, faulty connections, or overloaded circuits",High,ESD,Adeel Siddiqui  ,2 Days,Pending,
1394,28/04/2026,March,Sarfraz Ali,Critical / Specialist Audit Plan,Warehouse Audit,FGS,Heavy items stored at lower levels; items stacked at proper height,High,Stores,Muhammad Sheeraz Khan,1 Day,Done,
1395,28/04/2026,March,Sarfraz Ali,Critical / Specialist Audit Plan,Warehouse Audit,FGS,Shelving/racks secured; load limits displayed and not exceeded,Low,Stores,Muhammad Sheeraz Khan,1 Day,Done,
1396,28/04/2026,March,Sarfraz Ali,Critical / Specialist Audit Plan,Warehouse Audit,FGS,Operators trained & authorized for equipment use,High,Stores,Muhammad Sheeraz Khan,Completed,Done,
1397,28/04/2026,March,Sarfraz Ali,Critical / Specialist Audit Plan,Warehouse Audit,FGS,Safety guards installed on all moving machinery,High,ESD,Adeel Siddiqui  ,1 Day,Pending,
1398,28/04/2026,March,Sarfraz Ali,Critical / Specialist Audit Plan,Warehouse Audit,FGS,"Floors clean, dry, free from oil, water, or debris",High,ADM IR & HR,Shahid Bashir,1 Week,Done,
1399,28/04/2026,March,Sarfraz Ali,Critical / Specialist Audit Plan,Warehouse Audit,FGS,"Waste properly segregated, stored, and disposed; aisles clear",Medium,ESD,Adeel Siddiqui  ,2 Days,Done,
1400,28/04/2026,March,Sarfraz Ali,Critical / Specialist Audit Plan,Warehouse Audit,FGS,Noise levels monitored; hearing protection provided if required,High,Stores,Muhammad Sheeraz Khan,1 Day,Done,
1401,28/04/2026,March,Sarfraz Ali,Critical / Specialist Audit Plan,Warehouse Audit,FGS,"Warning signs, hazard signs, and PPE requirements displayed",Low,Stores,Muhammad Sheeraz Khan,1 Day,Done,
1402,28/04/2026,March,Sarfraz Ali,Critical / Specialist Audit Plan,Warehouse Audit,FGS,"Workers wearing required PPE (helmets, gloves, shoes, vests, hearing protection)",High,Stores,Muhammad Sheeraz Khan,1 Day,Done,
1403,28/04/2026,March,Sarfraz Ali,Critical / Specialist Audit Plan,Warehouse Audit,FGS,Pedestrian walkways segregated from vehicle movement routes,Medium,HSE,Naveed Taqvi,Completed,Done,
1404,28/04/2026,March,Sarfraz Ali,Critical / Specialist Audit Plan,Warehouse Audit,FGS,Any warehouse incidents or near-misses recorded and investigated,Medium,Stores,Muhammad Sheeraz Khan,Completed,Done,
1405,28/04/2026,March,Sarfraz Ali,Critical / Specialist Audit Plan,Warehouse Audit,FGS,CCTV or monitoring systems operational in critical areas,Medium,ADM IR & HR,Shahid Bashir,Ongoing,Done,
1406,28/04/2026,March,Sarfraz Ali,Critical / Specialist Audit Plan,Warehouse Audit,FGS,Security / access control prevents unauthorized entry,Medium,ADM IR & HR,Shahid Bashir,Ongoing,Done,
1407,28/04/2026,March,Sarfraz Ali,Critical / Specialist Audit Plan,Warehouse Audit,RMS,"Fire extinguishers available, functional, and inspected regularly",Medium,HSE,Naveed Taqvi,Within 1 Week,Done,
1408,28/04/2026,March,Sarfraz Ali,Critical / Specialist Audit Plan,Warehouse Audit,RMS,"Emergency exit routes clearly marked, unobstructed, and accessible",Medium,Stores,Muhammad Sheeraz Khan,Within 1 Week,Done,
1409,28/04/2026,March,Sarfraz Ali,Critical / Specialist Audit Plan,Warehouse Audit,RMS,Emergency lights functional along exit routes,Medium,Stores,Muhammad Sheeraz Khan,Within 1 Week,Done,
1410,28/04/2026,March,Sarfraz Ali,Critical / Specialist Audit Plan,Warehouse Audit,RMS,Fire alarms and detection systems operational,Medium,HSE,Naveed Taqvi,Within 1 Week,Done,
1411,28/04/2026,March,Sarfraz Ali,Critical / Specialist Audit Plan,Warehouse Audit,RMS,"Sprinkler system installed, accessible, and tested periodically",Medium,HSE,Naveed Taqvi,Monthly,Done,
1412,28/04/2026,March,Sarfraz Ali,Critical / Specialist Audit Plan,Warehouse Audit,RMS,"Fire drills conducted periodically, staff trained",Medium,HSE,Naveed Taqvi,Completed,Done,
1413,28/04/2026,March,Sarfraz Ali,Critical / Specialist Audit Plan,Warehouse Audit,RMS,"Electrical panels properly covered, labeled, and maintained",Medium,ESD,Adeel Siddiqui  ,2 Days,Pending,
1414,28/04/2026,March,Sarfraz Ali,Critical / Specialist Audit Plan,Warehouse Audit,RMS,"No exposed wiring, faulty connections, or overloaded circuits",Medium,ESD,Adeel Siddiqui  ,2 Days,Pending,
1415,28/04/2026,March,Sarfraz Ali,Critical / Specialist Audit Plan,Warehouse Audit,RMS,Heavy items stored at lower levels; items stacked at proper height,High,Stores,Muhammad Sheeraz Khan,1 Day,Done,
1416,28/04/2026,March,Sarfraz Ali,Critical / Specialist Audit Plan,Warehouse Audit,RMS,Shelving/racks secured; load limits displayed and not exceeded,High,Stores,Muhammad Sheeraz Khan,1 Day,Done,
1417,28/04/2026,March,Sarfraz Ali,Critical / Specialist Audit Plan,Warehouse Audit,RMS,"Forklifts, pallet trucks, and manual lifting equipment in good condition, defect-free",Medium,Stores,Muhammad Sheeraz Khan,Completed,Done,
1418,28/04/2026,March,Sarfraz Ali,Critical / Specialist Audit Plan,Warehouse Audit,RMS,"Floors clean, dry, free from oil, water, or debris",Low,ADM IR & HR,Shahid Bashir,1 Week,Done,
1419,28/04/2026,March,Sarfraz Ali,Critical / Specialist Audit Plan,Warehouse Audit,RMS,"Flooring condition inspected for cracks, rough patches, uneven surfaces, and water seepage",Low,ADM IR & HR,Shahid Bashir,1 Week,Done,
1420,28/04/2026,March,Sarfraz Ali,Critical / Specialist Audit Plan,Warehouse Audit,B-100,"Fire extinguishers available, functional, and inspected regularly",Medium,HSE,Naveed Taqvi,Within 1 Week,Done,
1421,28/04/2026,March,Sarfraz Ali,Critical / Specialist Audit Plan,Warehouse Audit,B-100,"Emergency exit routes clearly marked, unobstructed, and accessible",Medium,Stores,Muhammad Sheeraz Khan,Within 1 Week,Done,
1422,28/04/2026,March,Sarfraz Ali,Critical / Specialist Audit Plan,Warehouse Audit,B-100,Emergency lights functional along exit routes,Medium,Stores,Muhammad Sheeraz Khan,Within 1 Week,Done,
1423,28/04/2026,March,Sarfraz Ali,Critical / Specialist Audit Plan,Warehouse Audit,B-100,Fire alarms and detection systems operational,Medium,HSE,Naveed Taqvi,Within 1 Week,Done,
1424,28/04/2026,March,Sarfraz Ali,Critical / Specialist Audit Plan,Warehouse Audit,B-100,"Sprinkler system installed, accessible, and tested periodically",Medium,HSE,Naveed Taqvi,Monthly,Pending,Subject to budget approval
1425,28/04/2026,March,Sarfraz Ali,Critical / Specialist Audit Plan,Warehouse Audit,B-100,"Fire drills conducted periodically, staff trained",Medium,HSE,Naveed Taqvi,Completed,Done,
1426,28/04/2026,March,Sarfraz Ali,Critical / Specialist Audit Plan,Warehouse Audit,B-100,"Electrical panels properly covered, labeled, and maintained",Medium,ESD,Adeel Siddiqui  ,2 Days,Pending,
1427,28/04/2026,March,Sarfraz Ali,Critical / Specialist Audit Plan,Warehouse Audit,B-100,"No exposed wiring, faulty connections, or overloaded circuits",Medium,ESD,Adeel Siddiqui  ,2 Days,Done,
1428,28/04/2026,March,Sarfraz Ali,Critical / Specialist Audit Plan,Warehouse Audit,B-100,"Combustible materials (paper, chemicals, packaging) stored away from electrical fittings, panels, and heat sources",Medium,Stores,Muhammad Sheeraz Khan,1 Day,Done,
1429,28/04/2026,March,Sarfraz Ali,Critical / Specialist Audit Plan,Warehouse Audit,B-100,Heavy items stored at lower levels; items stacked at proper height,Medium,Stores,Muhammad Sheeraz Khan,1 Day,Done,
1430,28/04/2026,March,Sarfraz Ali,Critical / Specialist Audit Plan,Warehouse Audit,B-100,Shelving/racks secured; load limits displayed and not exceeded,Medium,Stores,Muhammad Sheeraz Khan,1 Day,Done,
1431,28/04/2026,March,Sarfraz Ali,Critical / Specialist Audit Plan,Warehouse Audit,B-100,Damaged racks repaired or marked out of service,Medium,Stores,Muhammad Sheeraz Khan,1 Week,Done,
1432,28/04/2026,March,Sarfraz Ali,Critical / Specialist Audit Plan,Warehouse Audit,B-100,"Forklifts, pallet trucks, and manual lifting equipment in good condition, defect-free",Medium,Stores,Muhammad Sheeraz Khan,Completed,Done,
1433,28/04/2026,March,Sarfraz Ali,Critical / Specialist Audit Plan,Warehouse Audit,B-100,"Floors clean, dry, free from oil, water, or debris",Medium,ADM IR & HR,Shahid Bashir,1 Week,Done,
1434,28/04/2026,March,Sarfraz Ali,Critical / Specialist Audit Plan,Warehouse Audit,B-100,"Flooring condition inspected for cracks, rough patches, uneven surfaces, and water seepage",Medium,ADM IR & HR,Shahid Bashir,1 Week,Done,
1435,28/04/2026,March,Sarfraz Ali,Critical / Specialist Audit Plan,Warehouse Audit,PMS,"Fire extinguishers available, functional, and inspected regularly",Medium,HSE,Naveed Taqvi,Within 1 Week,Done,
1436,28/04/2026,March,Sarfraz Ali,Critical / Specialist Audit Plan,Warehouse Audit,PMS,"Emergency exit routes clearly marked, unobstructed, and accessible",Medium,Stores,Muhammad Sheeraz Khan,Within 1 Week,Done,
1437,28/04/2026,March,Sarfraz Ali,Critical / Specialist Audit Plan,Warehouse Audit,PMS,Emergency lights functional along exit routes,Medium,Stores,Muhammad Sheeraz Khan,Within 1 Week,Done,
1438,28/04/2026,March,Sarfraz Ali,Critical / Specialist Audit Plan,Warehouse Audit,PMS,Fire alarms and detection systems operational,Medium,HSE,Naveed Taqvi,Within 1 Week,Done,
1439,28/04/2026,March,Sarfraz Ali,Critical / Specialist Audit Plan,Warehouse Audit,PMS,"Sprinkler system installed, accessible, and tested periodically",Medium,HSE,Naveed Taqvi,Monthly,Done,
1440,28/04/2026,March,Sarfraz Ali,Critical / Specialist Audit Plan,Warehouse Audit,PMS,"Fire drills conducted periodically, staff trained",Medium,HSE,Naveed Taqvi,Completed,Done,
1441,28/04/2026,March,Sarfraz Ali,Critical / Specialist Audit Plan,Warehouse Audit,PMS,"Electrical panels properly covered, labeled, and maintained",Medium,ESD,Adeel Siddiqui  ,2 Days,Done,
1442,28/04/2026,March,Sarfraz Ali,Critical / Specialist Audit Plan,Warehouse Audit,PMS,"No exposed wiring, faulty connections, or overloaded circuits",Medium,ESD,Adeel Siddiqui  ,2 Days,Done,
1443,28/04/2026,March,Sarfraz Ali,Critical / Specialist Audit Plan,Warehouse Audit,PMS,"Combustible materials (paper, chemicals, packaging) stored away from electrical fittings, panels, and heat sources",Medium,Stores,Muhammad Sheeraz Khan,1 Day,Done,
1444,28/04/2026,March,Sarfraz Ali,Critical / Specialist Audit Plan,Warehouse Audit,PMS,Heavy items stored at lower levels; items stacked at proper height,High,Stores,Muhammad Sheeraz Khan,1 Day,Done,
1445,28/04/2026,March,Sarfraz Ali,Critical / Specialist Audit Plan,Warehouse Audit,PMS,Shelving/racks secured; load limits displayed and not exceeded,Medium,Stores,Muhammad Sheeraz Khan,1 Day,Done,
1446,28/04/2026,March,Sarfraz Ali,Critical / Specialist Audit Plan,Warehouse Audit,PMS,Damaged racks repaired or marked out of service,High,Stores,Muhammad Sheeraz Khan,1 Week,Done,
1447,28/04/2026,March,Sarfraz Ali,Critical / Specialist Audit Plan,Warehouse Audit,PMS,"Forklifts, pallet trucks, and manual lifting equipment in good condition, defect-free",Low,Stores,Muhammad Sheeraz Khan,Completed,Done,
1448,28/04/2026,March,Sarfraz Ali,Critical / Specialist Audit Plan,Warehouse Audit,PMS,"Floors clean, dry, free from oil, water, or debris",Low,ADM IR & HR,Shahid Bashir,1 Week,Done,
1449,28/04/2026,March,Sarfraz Ali,Critical / Specialist Audit Plan,Warehouse Audit,PMS,"Flooring condition inspected for cracks, rough patches, uneven surfaces, and water seepage",Low,ADM IR & HR,Shahid Bashir,1 Week,Done,
1450,28/04/2026,March,Sarfraz Ali,Critical / Specialist Audit Plan,Warehouse Audit,FGS,Noise levels monitored; hearing protection provided if required,High,Stores,Muhammad Sheeraz Khan,1 Day,Done,
1451,28/04/2026,March,Sarfraz Ali,Critical / Specialist Audit Plan,Warehouse Audit,FGS,"Warning signs, hazard signs, and PPE requirements displayed",Medium,Stores,Muhammad Sheeraz Khan,1 Day,Done,
1452,01/03/2026,January,Muhammad Yaseen,Critical / Specialist Audit Plan,Project Site Audit, 3-Bed Site,"Ensure immediate arrangement of mandatory PPE (safety helmet, full body harness and gloves) to all the workers at site and assign strong supervision to monitor compliance with PPE usage during each shift.",High,PRJ,Khurram Raza,Immediate,Done,
1453,01/03/2026,January,Muhammad Yaseen,Critical / Specialist Audit Plan,Project Site Audit, 3-Bed Site,"Need to address these all issues on highest priority, all the work on scaffolding must be stopped, and damaged planks should be replaced with strong and stable ones. Proper railings should be installed, adequate bracing must be added to ensure stability and safe access such as ladders or secured platform should be provided.",High,PRJ,Khurram Raza,Immediate,Done,
1454,01/03/2026,January,Muhammad Yaseen,Critical / Specialist Audit Plan,Project Site Audit, 3-Bed Site,"All unsafe electrical connections must be repaired immediately, and loose wiring should be secured to prevent accidental contact. Damaged installations should be replaced with safe and secure condition",High,PRJ,Khurram Raza,Immediate,Done,
1455,01/03/2026,January,Muhammad Yaseen,Critical / Specialist Audit Plan,Project Site Audit, 3-Bed Site,"All open ends must be immediately secured
with sturdy railings and appropriate barricades to prevent falling hazard.",High,PRJ,Khurram Raza,Immediate,Done,
1456,01/03/2026,January,Muhammad Yaseen,Critical / Specialist Audit Plan,Project Site Audit, 3-Bed Site,"Immediate steps should be taken to clear all walkways and work areas of debris, tools, and materials, ensuring safe passage. All tools, equipment, and materials must be properly stored in designated areas when not in use. Walkways should be clear all the times, with daily housekeeping routines put in place.",Medium,PRJ,Khurram Raza,Immediate,Done,
1457,01/03/2026,January,Muhammad Yaseen,Critical / Specialist Audit Plan,Project Site Audit, 3-Bed Site,"Need to cover the moving parts of concrete mixer with appropriate guards to prevent any accidental contact. The concrete lifter must be inspected and repaired to restore its functionality and stability, ensuring it is properly aligned and in safe working condition.",High,PRJ,Khurram Raza,Immediate,Done,
1458,01/03/2026,January,Muhammad Yaseen,Critical / Specialist Audit Plan,Project Site Audit, 3-Bed Site,"Immediate steps must be taken to ensure chemicals are handled strictly according to their Material Safety Data Sheets (MSDS) guidelines. Workers should be provided with the required PPE and trained on proper chemical handling practices, labels and MSDS instructions.",Low,PRJ,Khurram Raza,Immediate,Done,
1459,01/03/2026,January,Muhammad Yaseen,Critical / Specialist Audit Plan,Project Site Audit, 3-Bed Site,"Prompt measures should be implemented to strictly prohibit the use of open flames for any purpose on-site. A designated and safe cooking area should be established far from combustible materials, equipped with fire extinguishers and other safety measures.",High,PRJ,Khurram Raza,Immediate,Done,
1460,01/03/2026,January,Muhammad Yaseen,Critical / Specialist Audit Plan,Project Site Audit, 3-Bed Site,"Strick no-smoking policies should be enforced across the construction site, 
especially in areas with flammable or combustible materials. Designated smoking zones, located at a safe distance from hazardous areas, should be established equipped with proper waste disposal facilities.",High,PRJ,Khurram Raza,Immediate,Done,
1461,01/03/2026,January,Muhammad Yaseen,Critical / Specialist Audit Plan,Project Site Audit, 3-Bed Site,"Need to provide workers with a proper,
safe shelter for resting, equipped with stable surfaces and protection from environmental hazards like mosquitos.",Low,PRJ,Khurram Raza,Immediate,Done,
1462,01/03/2026,January,Muhammad Yaseen,Critical / Specialist Audit Plan,Project Site Audit, 3-Bed Site,The open corners of lift pit must be immediately barricaded with sturdy guardrails or protective barriers to prevents falls.,High,PRJ,Khurram Raza,Immediate,Done,
1463,01/03/2026,January,Muhammad Yaseen,Critical / Specialist Audit Plan,Project Site Audit, 3-Bed Site,"All Loose materials at roof edges must be 
immediately secured or removed to prevent any fall hazard. Regular inspection must be carried out to ensure materials are stored safely, away from edges, and comply with safety protocols",High,PRJ,Khurram Raza,Immediate,Done,
1464,01/03/2026,January,Muhammad Yaseen,Critical / Specialist Audit Plan,Project Site Audit, 3-Bed Site,"A safe and secure access route, 
such as a properly constructed staircase or ladder, must be provided to reach the top floor. The access should be regularly inspected to ensure its stability and safety",Medium,PRJ,Khurram Raza,Immediate,Done,
1465,01/03/2026,January,Muhammad Yaseen,Critical / Specialist Audit Plan,Project Site Audit,3-Bed Site,"Impose madatory PPEs (helmets with chin strap, gloves, goggles)",Medium,PRJ,Khurram Raza,Immediate,Done,
1466,01/03/2026,January,Muhammad Yaseen,Critical / Specialist Audit Plan,Project Site Audit,3-Bed Site,update inventory and it should be with 25% above.,Medium,PRJ,Khurram Raza,Immediate,Done,
1467,01/03/2026,January,Muhammad Yaseen,Critical / Specialist Audit Plan,Project Site Audit,3-Bed Site,replace damaged wires with proper insulated ones,High,PRJ,Khurram Raza,Immediate,Done,
1468,01/03/2026,January,Muhammad Yaseen,Critical / Specialist Audit Plan,Project Site Audit,3-Bed Site,"apply  mid rails, guardrails, toe boards.",High,PRJ,Khurram Raza,Immediate,Done,
1469,01/03/2026,January,Muhammad Yaseen,Critical / Specialist Audit Plan,Project Site Audit,3-Bed Site,apply ladder and inspect them on regular babsis,Medium,PRJ,Khurram Raza,Immediate,Done,
1470,01/03/2026,January,Muhammad Yaseen,Critical / Specialist Audit Plan,Project Site Audit,3-Bed Site,"regular housekeeping required, dedictaed team for clearing site.",Medium,PRJ,Khurram Raza,Immediate,Done,
1471,01/03/2026,January,Muhammad Yaseen,Critical / Specialist Audit Plan,Project Site Audit,3-Bed Site,"fire extinghuisher should be present, especially for hot works.",High,PRJ,Khurram Raza,Immediate,Done,
1472,01/03/2026,January,Muhammad Yaseen,Critical / Specialist Audit Plan,Project Site Audit,3-Bed Site,fire watch should be present while hot work job is being carried out,Medium,PRJ,Khurram Raza,Immediate,Done,
1473,01/03/2026,January,Muhammad Yaseen,Critical / Specialist Audit Plan,Project Site Audit,3-Bed Site,monthly inspection is mandatory for tools,Medium,PRJ,Khurram Raza,Immediate,Done,
1474,01/03/2026,January,Muhammad Yaseen,Critical / Specialist Audit Plan,Project Site Audit,3-Bed Site,signages are required across the site,Low,PRJ,Khurram Raza,Immediate,Done,
1475,01/03/2026,January,Muhammad Yaseen,Critical / Specialist Audit Plan,Project Site Audit,3-Bed Site,lighting source is required in areas with low illumination,Medium,PRJ,Khurram Raza,Immediate,Done,
1476,01/03/2026,January,Muhammad Yaseen,Critical / Specialist Audit Plan,Project Site Audit,3-Bed Site,identify and put signages at exit routes,Medium,PRJ,Khurram Raza,Immediate,Done,
1477,01/03/2026,January,Muhammad Yaseen,Critical / Specialist Audit Plan,Project Site Audit,3-Bed Site,"apply  mid rails, guardrails, toe boards. And access ladder.",High,PRJ,Khurram Raza,Immediate,Done,
1478,01/03/2026,January,Muhammad Yaseen,Critical / Specialist Audit Plan,Project Site Audit,3-Bed Site,Arrange approved fire-rated  cabinets for site.,Medium,PRJ,Khurram Raza,Immediate,Done,
1479,01/03/2026,January,Muhammad Yaseen,Critical / Specialist Audit Plan,Project Site Audit,3-Bed Site,ladders are required for scaffolding.,High,PRJ,Khurram Raza,Immediate,Done,
1480,01/03/2026,January,Muhammad Yaseen,Critical / Specialist Audit Plan,Project Site Audit,3-Bed Site,training should be conducted on ERP.,Medium,PRJ,Khurram Raza,Immediate,Done,
1481,01/03/2026,January,Muhammad Yaseen,Critical / Specialist Audit Plan,Project Site Audit,3-Bed Site,Fire blankets are required fot hot hot work.,High,PRJ,Khurram Raza,Immediate,Done,
1482,01/03/2026,January,Muhammad Yaseen,Critical / Specialist Audit Plan,Project Site Audit,3-Bed Site,"labeling should be done on tools, scaffolding",Medium,PRJ,Khurram Raza,Immediate,Done,
1483,01/03/2026,January,Muhammad Yaseen,Critical / Specialist Audit Plan,Project Site Audit,3-Bed Site,"regular housekeeping required, dedictaed team for clearing site.",Medium,PRJ,Khurram Raza,Immediate,Done,
1484,01/03/2026,January,Muhammad Yaseen,Critical / Specialist Audit Plan,Project Site Audit,3-Bed Site,training should be conducted on hand tool safety.,Medium,PRJ,Khurram Raza,Immediate,Done,
1485,01/03/2026,January,Muhammad Yaseen,Critical / Specialist Audit Plan,Project Site Audit,3-Bed Site,grounding and bonding are required for electrical panels.,Medium,PRJ,Khurram Raza,Immediate,Done,
1486,01/03/2026,January,Muhammad Yaseen,Critical / Specialist Audit Plan,Project Site Audit,3-Bed Site,ememrgency contact should be displayed across site.,Medium,PRJ,Khurram Raza,Immediate,Done,
1487,01/03/2026,January,Muhammad Yaseen,Critical / Specialist Audit Plan,Project Site Audit,3-Bed Site,Fire watch is mandatory for hot work. ,Medium,PRJ,Khurram Raza,Immediate,Done,
1488,01/03/2026,January,Muhammad Yaseen,Critical / Specialist Audit Plan,Project Site Audit,3-Bed Site,impose use of double point full  body harness,High,PRJ,Khurram Raza,Immediate,Done,
1489,01/03/2026,January,Muhammad Yaseen,Critical / Specialist Audit Plan,Project Site Audit,3-Bed Site,Barrication required for areas.,High,PRJ,Khurram Raza,Immediate,Done,
1490,01/03/2026,January,Muhammad Yaseen,Critical / Specialist Audit Plan,Project Site Audit,3-Bed Site,Toe boards should be installed at open edges.,High,PRJ,Khurram Raza,Immediate,Done,
1491,01/03/2026,January,Muhammad Yaseen,Critical / Specialist Audit Plan,Project Site Audit,3-Bed Site,Conduct a training regarding use of ladder.,Medium,PRJ,Khurram Raza,Immediate,Done,
1492,01/03/2026,January,Muhammad Yaseen,Critical / Specialist Audit Plan,Project Site Audit,3-Bed Site,Regularly removal of debris is required.,Medium,PRJ,Khurram Raza,Immediate,Done,
1493,01/03/2026,January,Muhammad Yaseen,Critical / Specialist Audit Plan,Project Site Audit,3-Bed Site,"Labelling required for storage area, and material should be seggregated.",High,PRJ,Khurram Raza,Immediate,Done,
1494,01/03/2026,January,Muhammad Yaseen,Critical / Specialist Audit Plan,Project Site Audit,3-Bed Site,"Clear walkways, stairs of material.",Medium,PRJ,Khurram Raza,Immediate,Done,
1495,01/03/2026,January,Muhammad Yaseen,Critical / Specialist Audit Plan,Project Site Audit,3-Bed Site,signages are required across the site,Medium,PRJ,Khurram Raza,Immediate,Done,
1496,01/03/2026,January,Muhammad Yaseen,Critical / Specialist Audit Plan,Project Site Audit,3-Bed Site,Make pathways for electrical cords and hoses.,Medium,PRJ,Khurram Raza,Immediate,Done,
1497,01/03/2026,January,Muhammad Yaseen,Critical / Specialist Audit Plan,Project Site Audit,3-Bed Site,Ensure cleaning of toilets for labour.,Medium,PRJ,Khurram Raza,Immediate,Done,
1498,01/03/2026,January,Muhammad Yaseen,Critical / Specialist Audit Plan,Project Site Audit,3-Bed Site,waste bins should be present for waste.,Medium,PRJ,Khurram Raza,Immediate,Done,
1499,01/03/2026,January,Muhammad Yaseen,Critical / Specialist Audit Plan,Project Site Audit,3-Bed Site,Arrange trained scaffolders.,Medium,PRJ,Khurram Raza,Immediate,Done,
1500,01/03/2026,January,Muhammad Yaseen,Critical / Specialist Audit Plan,Project Site Audit,3-Bed Site,Minimise the gap between wall and scaffolding.,Medium,PRJ,Khurram Raza,Immediate,Done,
1501,01/03/2026,January,Muhammad Yaseen,Critical / Specialist Audit Plan,Project Site Audit,3-Bed Site,Remove substandard connections from the site and replace with 3-pin switches.,High,PRJ,Khurram Raza,Immediate,Done,
1502,01/03/2026,January,Muhammad Yaseen,Critical / Specialist Audit Plan,Project Site Audit,3-Bed Site,Remove substandard connections from the site and replace with 3-pin switches.,High,PRJ,Khurram Raza,Immediate,Done,
1503,01/03/2026,January,Muhammad Yaseen,Critical / Specialist Audit Plan,Project Site Audit,3-Bed Site,Remove substandard connections from the site and replace with 3-pin switches.,High,PRJ,Khurram Raza,Immediate,Done,
1504,01/03/2026,January,Muhammad Yaseen,Critical / Specialist Audit Plan,Project Site Audit,3-Bed Site,Remove substandard connections from the site and replace with 3-pin switches.,High,PRJ,Khurram Raza,Immediate,Done,
1505,01/03/2026,January,Muhammad Yaseen,Critical / Specialist Audit Plan,Project Site Audit,3-Bed Site,Remove substandard connections from the site and replace with 3-pin switches.,High,PRJ,Khurram Raza,Immediate,Done,
1506,01/03/2026,January,Muhammad Yaseen,Critical / Specialist Audit Plan,Project Site Audit,3-Bed Site,Install safety cover of grinder,High,PRJ,Khurram Raza,Immediate,Done,
1507,01/03/2026,January,Muhammad Yaseen,Critical / Specialist Audit Plan,Project Site Audit,3-Bed Site,Install safety cover of grinder,High,PRJ,Khurram Raza,Immediate,Done,
1508,01/03/2026,January,Muhammad Yaseen,Critical / Specialist Audit Plan,Project Site Audit,3-Bed Site,Area clearence required,Medium,PRJ,Khurram Raza,Immediate,Done,
1509,01/03/2026,January,Muhammad Yaseen,Critical / Specialist Audit Plan,Project Site Audit,3-Bed Site,Area clearence required,Medium,PRJ,Khurram Raza,Immediate,Done,
1510,01/03/2026,January,Muhammad Yaseen,Critical / Specialist Audit Plan,Project Site Audit,Cake Plant,Remove substandard connections from the site and replace with 3-pin switches.,High,PRJ,Khurram Raza,Immediate,Done,
1511,01/03/2026,January,Muhammad Yaseen,Critical / Specialist Audit Plan,Project Site Audit,Cake Plant,Remove substandard connections from the site and replace with 3-pin switches.,High,PRJ,Khurram Raza,Immediate,Done,
1512,01/03/2026,January,Muhammad Yaseen,Critical / Specialist Audit Plan,Project Site Audit,Cake Plant,Remove substandard connections from the site and replace with 3-pin switches.,High,PRJ,Khurram Raza,Immediate,Done,
1513,01/03/2026,January,Muhammad Yaseen,Critical / Specialist Audit Plan,Project Site Audit,Cake Plant,Install safety cover of grinder,High,PRJ,Khurram Raza,Immediate,Done,
1514,01/03/2026,January,Muhammad Yaseen,Critical / Specialist Audit Plan,Project Site Audit,Cake Plant,Area clearence required,Medium,PRJ,Khurram Raza,Immediate,Done,
1515,01/03/2026,January,Muhammad Yaseen,Critical / Specialist Audit Plan,Project Site Audit,Cake Plant,Worker Without PPEs,Medium,PRJ,Khurram Raza,Immediate,Done,
1516,01/03/2026,January,Muhammad Yaseen,Critical / Specialist Audit Plan,Project Site Audit,Cake Plant,training should be conducted on ERP.,Medium,PRJ,Khurram Raza,Immediate,Done,
1517,01/03/2026,January,Muhammad Yaseen,Critical / Specialist Audit Plan,Project Site Audit,Cake Plant,"Impose madatory PPEs (helmets with chin strap, gloves, goggles)",Medium,PRJ,Khurram Raza,Immediate,Done,
1518,01/03/2026,January,Muhammad Yaseen,Critical / Specialist Audit Plan,Project Site Audit,Cake Plant,"Strick no-smoking policies should be enforced across the construction site, 
especially in areas with flammable or combustible materials. Designated smoking zones, located at a safe distance from hazardous areas, should be established equipped with proper waste disposal facilities.",High,PRJ,Khurram Raza,Immediate,Done,
1519,01/03/2026,January,Muhammad Yaseen,Critical / Specialist Audit Plan,Project Site Audit,Compressor room,Area clearence required,Low,PRJ,Khurram Raza,Immediate,Done,
1520,01/03/2026,January,Muhammad Yaseen,Critical / Specialist Audit Plan,Project Site Audit,Compressor room,work at height without hooking harness,High,PRJ,Khurram Raza,Immediate,Done,
1521,01/03/2026,January,Muhammad Yaseen,Critical / Specialist Audit Plan,Project Site Audit,Compressor room,Unsafe method of Manual Lifting,Medium,PRJ,Khurram Raza,Immediate,Done,
1522,07/10/2025,July,Yaseen/Sarfaraz,Critical / Specialist Audit Plan,Oven Audit,Line-1 Oven,BAND Tension pressure was ok,High,ESD,Adeel Siddiqui  ,Immediate,Done,
1523,07/10/2025,July,Yaseen/Sarfaraz,Critical / Specialist Audit Plan,Oven Audit,Line-1 Oven,Gas Pressure sensors was ok (HIGH & LOW),High,ESD,Adeel Siddiqui  ,Immediate,Done,
1524,07/10/2025,July,Yaseen/Sarfaraz,Critical / Specialist Audit Plan,Oven Audit,Line-1 Oven,Purging operations checked (SAFE TO LIGHT),High,PRD,Hammad Ali Khan,Immediate,Done,
1525,07/10/2025,July,Yaseen/Sarfaraz,Critical / Specialist Audit Plan,Oven Audit,Line-1 Oven,Band/mesh motion checked and checked for tripping,High,ESD,Adeel Siddiqui  ,Immediate,Done,
1526,07/10/2025,July,Yaseen/Sarfaraz,Critical / Specialist Audit Plan,Oven Audit,Line-1 Oven,Euncher safety checked (BAND WANDER ALARMS),High,ESD,Adeel Siddiqui  ,Immediate,Done,
1527,07/10/2025,July,Yaseen/Sarfaraz,Critical / Specialist Audit Plan,Oven Audit,Line-1 Oven,Main drive overloading checked,High,ESD,Adeel Siddiqui  ,Immediate,Done,
1528,07/10/2025,July,Yaseen/Sarfaraz,Critical / Specialist Audit Plan,Oven Audit,Line-1 Oven,ZONE Safeties checked,High,ESD,Adeel Siddiqui  ,Immediate,Done,
1529,07/10/2025,July,Yaseen/Sarfaraz,Critical / Specialist Audit Plan,Oven Audit,Line-1 Oven,DGF safeties checked,High,ESD,Adeel Siddiqui  ,Immediate,Done,
1530,07/10/2025,July,Yaseen/Sarfaraz,Critical / Specialist Audit Plan,Oven Audit,Line-1 Oven,Emergency Stop Buttons were found working,High,ESD,Adeel Siddiqui  ,Immediate,Done,
1531,07/10/2025,July,Yaseen/Sarfaraz,Critical / Specialist Audit Plan,Oven Audit,Line-1 Oven,SAFETY IN THE EVENT OF POWER FAILURE,High,ESD,Adeel Siddiqui  ,Immediate,Done,
1532,07/10/2025,July,Yaseen/Sarfaraz,Critical / Specialist Audit Plan,Oven Audit,Line-1 Oven,Manual Windout system was not available,High,ESD,Adeel Siddiqui  ,Q3-2026,Pending,
1533,07/10/2025,July,Yaseen/Sarfaraz,Critical / Specialist Audit Plan,Oven Audit,Line-1 Oven,Electrical Loose Wiring,High,ESD,Adeel Siddiqui  ,Immediate,Done,
1534,07/10/2025,July,Yaseen/Sarfaraz,Critical / Specialist Audit Plan,Oven Audit,Line-1 Oven,Combustible Material was found inside the oven area,High,PRD,Hammad Ali Khan,Immediate,Done,
1535,07/10/2025,July,Yaseen/Sarfaraz,Critical / Specialist Audit Plan,Oven Audit,Line-1 Oven,FireEquipment Access found Blocked,High,PRD,Hammad Ali Khan,Immediate,Done,
1536,07/10/2025,July,Yaseen/Sarfaraz,Critical / Specialist Audit Plan,Oven Audit,Line-2 Oven,All Moving Machinery guards were not intact,High,ESD,Adeel Siddiqui  ,Q2-2026,WIP,
1537,07/10/2025,July,Yaseen/Sarfaraz,Critical / Specialist Audit Plan,Oven Audit,Line-2 Oven,BAND Tension pressure was ok,High,ESD,Adeel Siddiqui  ,Immediate,Done,
1538,07/10/2025,July,Yaseen/Sarfaraz,Critical / Specialist Audit Plan,Oven Audit,Line-2 Oven,Gas Pressure sensors was ok (HIGH & LOW),High,ESD,Adeel Siddiqui  ,Immediate,Done,
1539,07/10/2025,July,Yaseen/Sarfaraz,Critical / Specialist Audit Plan,Oven Audit,Line-2 Oven,Purging operations checked (SAFE TO LIGHT),High,PRD,Hammad Ali Khan,Immediate,Done,
1540,07/10/2025,July,Yaseen/Sarfaraz,Critical / Specialist Audit Plan,Oven Audit,Line-2 Oven,Band/mesh motion checked and checked for tripping,High,ESD,Adeel Siddiqui  ,Immediate,Done,
1541,07/10/2025,July,Yaseen/Sarfaraz,Critical / Specialist Audit Plan,Oven Audit,Line-2 Oven,Euncher safety checked (BAND WANDER ALARMS),High,ESD,Adeel Siddiqui  ,Immediate,Done,
1542,07/10/2025,July,Yaseen/Sarfaraz,Critical / Specialist Audit Plan,Oven Audit,Line-2 Oven,Main drive overloading checked,High,ESD,Adeel Siddiqui  ,Immediate,Done,
1543,07/10/2025,July,Yaseen/Sarfaraz,Critical / Specialist Audit Plan,Oven Audit,Line-2 Oven,ZONE Safeties checked,High,ESD,Adeel Siddiqui  ,Immediate,Done,
1544,07/10/2025,July,Yaseen/Sarfaraz,Critical / Specialist Audit Plan,Oven Audit,Line-2 Oven,DGF safeties checked,High,ESD,Adeel Siddiqui  ,Immediate,Done,
1545,07/10/2025,July,Yaseen/Sarfaraz,Critical / Specialist Audit Plan,Oven Audit,Line-2 Oven,Emergency Stop Buttons were found working,High,ESD,Adeel Siddiqui  ,Immediate,Done,
1546,07/10/2025,July,Yaseen/Sarfaraz,Critical / Specialist Audit Plan,Oven Audit,Line-2 Oven,SAFETY IN THE EVENT OF POWER FAILURE,High,ESD,Adeel Siddiqui  ,Immediate,Done,
1547,07/10/2025,July,Yaseen/Sarfaraz,Critical / Specialist Audit Plan,Oven Audit,Line-2 Oven,Manual Windout system was not available,High,ESD,Adeel Siddiqui  ,Q3-2026,Pending,
1548,07/10/2025,July,Yaseen/Sarfaraz,Critical / Specialist Audit Plan,Oven Audit,Line-2 Oven,Electrical Loose Wiring,High,ESD,Adeel Siddiqui  ,Immediate,Done,
1549,07/10/2025,July,Yaseen/Sarfaraz,Critical / Specialist Audit Plan,Oven Audit,Line-2 Oven,Combustible Material was found inside the oven area,High,PRD,Hammad Ali Khan,Immediate,Done,
1550,07/10/2025,July,Yaseen/Sarfaraz,Critical / Specialist Audit Plan,Oven Audit,Line-2 Oven,FireEquipment Access found Blocked,High,PRD,Hammad Ali Khan,Immediate,Done,
1551,07/10/2025,July,Yaseen/Sarfaraz,Critical / Specialist Audit Plan,Oven Audit,Line-2 Oven,All Moving Machinery guards were not intact,High,ESD,Adeel Siddiqui  ,Q2-2026,WIP,
1552,07/10/2025,July,Yaseen/Sarfaraz,Critical / Specialist Audit Plan,Oven Audit,Line-3 Oven,BAND Tension pressure was ok,High,ESD,Adeel Siddiqui  ,Immediate,Done,
1553,07/10/2025,July,Yaseen/Sarfaraz,Critical / Specialist Audit Plan,Oven Audit,Line-3 Oven,Gas Pressure sensors was ok (HIGH & LOW),High,ESD,Adeel Siddiqui  ,Immediate,Done,
1554,07/10/2025,July,Yaseen/Sarfaraz,Critical / Specialist Audit Plan,Oven Audit,Line-3 Oven,Purging operations checked (SAFE TO LIGHT),High,PRD,Hammad Ali Khan,Immediate,Done,
1555,07/10/2025,July,Yaseen/Sarfaraz,Critical / Specialist Audit Plan,Oven Audit,Line-3 Oven,Band/mesh motion checked and checked for tripping,High,ESD,Adeel Siddiqui  ,Immediate,Done,
1556,07/10/2025,July,Yaseen/Sarfaraz,Critical / Specialist Audit Plan,Oven Audit,Line-3 Oven,Euncher safety checked (BAND WANDER ALARMS),High,ESD,Adeel Siddiqui  ,Immediate,Done,
1557,07/10/2025,July,Yaseen/Sarfaraz,Critical / Specialist Audit Plan,Oven Audit,Line-3 Oven,Main drive overloading checked,High,ESD,Adeel Siddiqui  ,Immediate,Done,
1558,07/10/2025,July,Yaseen/Sarfaraz,Critical / Specialist Audit Plan,Oven Audit,Line-3 Oven,ZONE Safeties checked,High,ESD,Adeel Siddiqui  ,Immediate,Done,
1559,07/10/2025,July,Yaseen/Sarfaraz,Critical / Specialist Audit Plan,Oven Audit,Line-3 Oven,DGF safeties checked,High,ESD,Adeel Siddiqui  ,Immediate,Done,
1560,07/10/2025,July,Yaseen/Sarfaraz,Critical / Specialist Audit Plan,Oven Audit,Line-3 Oven,Emergency Stop Buttons were found working,High,ESD,Adeel Siddiqui  ,Immediate,Done,
1561,07/10/2025,July,Yaseen/Sarfaraz,Critical / Specialist Audit Plan,Oven Audit,Line-3 Oven,SAFETY IN THE EVENT OF POWER FAILURE,High,ESD,Adeel Siddiqui  ,Immediate,Done,
1562,07/10/2025,July,Yaseen/Sarfaraz,Critical / Specialist Audit Plan,Oven Audit,Line-3 Oven,Manual Windout system was not available,High,ESD,Adeel Siddiqui  ,Q3-2026,Pending,
1563,07/10/2025,July,Yaseen/Sarfaraz,Critical / Specialist Audit Plan,Oven Audit,Line-3 Oven,Electrical Loose Wiring,High,ESD,Adeel Siddiqui  ,Immediate,Done,
1564,07/10/2025,July,Yaseen/Sarfaraz,Critical / Specialist Audit Plan,Oven Audit,Line-3 Oven,Combustible Material was found inside the oven area,High,PRD,Hammad Ali Khan,Immediate,Done,
1565,07/10/2025,July,Yaseen/Sarfaraz,Critical / Specialist Audit Plan,Oven Audit,Line-3 Oven,FireEquipment Access found Blocked,High,PRD,Hammad Ali Khan,Immediate,Done,
1566,07/10/2025,July,Yaseen/Sarfaraz,Critical / Specialist Audit Plan,Oven Audit,Line-3 Oven,All Moving Machinery guards were not intact,High,ESD,Adeel Siddiqui  ,Q2-2026,WIP,
1567,07/10/2025,July,Yaseen/Sarfaraz,Critical / Specialist Audit Plan,Oven Audit,Line-4 Oven,BAND Tension pressure was ok,High,ESD,Adeel Siddiqui  ,Immediate,Done,
1568,07/10/2025,July,Yaseen/Sarfaraz,Critical / Specialist Audit Plan,Oven Audit,Line-4 Oven,Gas Pressure sensors was ok (HIGH & LOW),High,ESD,Adeel Siddiqui  ,Immediate,Done,
1569,07/10/2025,July,Yaseen/Sarfaraz,Critical / Specialist Audit Plan,Oven Audit,Line-4 Oven,Purging operations checked (SAFE TO LIGHT),High,PRD,Hammad Ali Khan,Immediate,Done,
1570,07/10/2025,July,Yaseen/Sarfaraz,Critical / Specialist Audit Plan,Oven Audit,Line-4 Oven,Band/mesh motion checked and checked for tripping,High,ESD,Adeel Siddiqui  ,Immediate,Done,
1571,07/10/2025,July,Yaseen/Sarfaraz,Critical / Specialist Audit Plan,Oven Audit,Line-4 Oven,Euncher safety checked (BAND WANDER ALARMS),High,ESD,Adeel Siddiqui  ,Immediate,Done,
1572,07/10/2025,July,Yaseen/Sarfaraz,Critical / Specialist Audit Plan,Oven Audit,Line-4 Oven,Main drive overloading checked,High,ESD,Adeel Siddiqui  ,Immediate,Done,
1573,07/10/2025,July,Yaseen/Sarfaraz,Critical / Specialist Audit Plan,Oven Audit,Line-4 Oven,ZONE Safeties checked,High,ESD,Adeel Siddiqui  ,Immediate,Done,
1574,07/10/2025,July,Yaseen/Sarfaraz,Critical / Specialist Audit Plan,Oven Audit,Line-4 Oven,DGF safeties checked,High,ESD,Adeel Siddiqui  ,Immediate,Done,
1575,07/10/2025,July,Yaseen/Sarfaraz,Critical / Specialist Audit Plan,Oven Audit,Line-4 Oven,Emergency Stop Buttons were found working,High,ESD,Adeel Siddiqui  ,Immediate,Done,
1576,07/10/2025,July,Yaseen/Sarfaraz,Critical / Specialist Audit Plan,Oven Audit,Line-4 Oven,SAFETY IN THE EVENT OF POWER FAILURE,High,ESD,Adeel Siddiqui  ,Immediate,Done,
1577,07/10/2025,July,Yaseen/Sarfaraz,Critical / Specialist Audit Plan,Oven Audit,Line-4 Oven,Manual Windout system was available,High,ESD,Adeel Siddiqui  ,Immediate,Done,
1578,07/10/2025,July,Yaseen/Sarfaraz,Critical / Specialist Audit Plan,Oven Audit,Line-4 Oven,Electrical Loose Wiring,High,ESD,Adeel Siddiqui  ,Immediate,Done,
1579,07/10/2025,July,Yaseen/Sarfaraz,Critical / Specialist Audit Plan,Oven Audit,Line-4 Oven,Combustible Material was found inside the oven area,High,PRD,Hammad Ali Khan,Immediate,Done,
1580,07/10/2025,July,Yaseen/Sarfaraz,Critical / Specialist Audit Plan,Oven Audit,Line-4 Oven,FireEquipment Access found Blocked,High,PRD,Hammad Ali Khan,Immediate,Done,
1581,07/10/2025,July,Yaseen/Sarfaraz,Critical / Specialist Audit Plan,Oven Audit,Line-4 Oven,All Moving Machinery guards were not intact,High,ESD,Adeel Siddiqui  ,Q2-2026,WIP,
1582,07/10/2025,July,Yaseen/Sarfaraz,Critical / Specialist Audit Plan,Oven Audit,Line-5 Oven,BAND Tension pressure was ok,High,ESD,Adeel Siddiqui  ,Immediate,Done,
1583,07/10/2025,July,Yaseen/Sarfaraz,Critical / Specialist Audit Plan,Oven Audit,Line-5 Oven,Gas Pressure sensors was ok (HIGH & LOW),High,ESD,Adeel Siddiqui  ,Immediate,Done,
1584,07/10/2025,July,Yaseen/Sarfaraz,Critical / Specialist Audit Plan,Oven Audit,Line-5 Oven,Purging operations checked (SAFE TO LIGHT),High,PRD,Hammad Ali Khan,Immediate,Done,
1585,07/10/2025,July,Yaseen/Sarfaraz,Critical / Specialist Audit Plan,Oven Audit,Line-5 Oven,Band/mesh motion checked and checked for tripping,High,ESD,Adeel Siddiqui  ,Immediate,Done,
1586,07/10/2025,July,Yaseen/Sarfaraz,Critical / Specialist Audit Plan,Oven Audit,Line-5 Oven,Euncher safety checked (BAND WANDER ALARMS),High,ESD,Adeel Siddiqui  ,Immediate,Done,
1587,07/10/2025,July,Yaseen/Sarfaraz,Critical / Specialist Audit Plan,Oven Audit,Line-5 Oven,Main drive overloading checked,High,ESD,Adeel Siddiqui  ,Immediate,Done,
1588,07/10/2025,July,Yaseen/Sarfaraz,Critical / Specialist Audit Plan,Oven Audit,Line-5 Oven,ZONE Safeties checked,High,ESD,Adeel Siddiqui  ,Immediate,Done,
1589,07/10/2025,July,Yaseen/Sarfaraz,Critical / Specialist Audit Plan,Oven Audit,Line-5 Oven,DGF safeties checked,High,ESD,Adeel Siddiqui  ,Immediate,Done,
1590,07/10/2025,July,Yaseen/Sarfaraz,Critical / Specialist Audit Plan,Oven Audit,Line-5 Oven,Emergency Stop Buttons were found working,High,ESD,Adeel Siddiqui  ,Immediate,Done,
1591,07/10/2025,July,Yaseen/Sarfaraz,Critical / Specialist Audit Plan,Oven Audit,Line-5 Oven,SAFETY IN THE EVENT OF POWER FAILURE,High,ESD,Adeel Siddiqui  ,Immediate,Done,
1592,07/10/2025,July,Yaseen/Sarfaraz,Critical / Specialist Audit Plan,Oven Audit,Line-5 Oven,Manual Windout system was not available,High,ESD,Adeel Siddiqui  ,Q3-2026,Pending,
1593,07/10/2025,July,Yaseen/Sarfaraz,Critical / Specialist Audit Plan,Oven Audit,Line-5 Oven,Electrical Loose Wiring,High,ESD,Adeel Siddiqui  ,Immediate,Done,
1594,07/10/2025,July,Yaseen/Sarfaraz,Critical / Specialist Audit Plan,Oven Audit,Line-5 Oven,Combustible Material was found inside the oven area,High,PRD,Hammad Ali Khan,Immediate,Done,
1595,07/10/2025,July,Yaseen/Sarfaraz,Critical / Specialist Audit Plan,Oven Audit,Line-5 Oven,FireEquipment Access found Blocked,High,PRD,Hammad Ali Khan,Immediate,Done,
1596,07/10/2025,July,Yaseen/Sarfaraz,Critical / Specialist Audit Plan,Oven Audit,Line-5 Oven,All Moving Machinery guards were not intact,High,ESD,Adeel Siddiqui  ,Q2-2026,WIP,
1597,07/10/2025,July,Yaseen/Sarfaraz,Critical / Specialist Audit Plan,Oven Audit,Line-6 Oven,BAND Tension pressure was ok,High,ESD,Adeel Siddiqui  ,Immediate,Done,
1598,07/10/2025,July,Yaseen/Sarfaraz,Critical / Specialist Audit Plan,Oven Audit,Line-6 Oven,Gas Pressure sensors was ok (HIGH & LOW),High,ESD,Adeel Siddiqui  ,Immediate,Done,
1599,07/10/2025,July,Yaseen/Sarfaraz,Critical / Specialist Audit Plan,Oven Audit,Line-6 Oven,Purging operations checked (SAFE TO LIGHT),High,PRD,Hammad Ali Khan,Immediate,Done,
1600,07/10/2025,July,Yaseen/Sarfaraz,Critical / Specialist Audit Plan,Oven Audit,Line-6 Oven,Band/mesh motion checked and checked for tripping,High,ESD,Adeel Siddiqui  ,Immediate,Done,
1601,07/10/2025,July,Yaseen/Sarfaraz,Critical / Specialist Audit Plan,Oven Audit,Line-6 Oven,Euncher safety checked (BAND WANDER ALARMS),High,ESD,Adeel Siddiqui  ,Immediate,Done,
1602,07/10/2025,July,Yaseen/Sarfaraz,Critical / Specialist Audit Plan,Oven Audit,Line-6 Oven,Main drive overloading checked,High,ESD,Adeel Siddiqui  ,Immediate,Done,
1603,07/10/2025,July,Yaseen/Sarfaraz,Critical / Specialist Audit Plan,Oven Audit,Line-6 Oven,ZONE Safeties checked,High,ESD,Adeel Siddiqui  ,Immediate,Done,
1604,07/10/2025,July,Yaseen/Sarfaraz,Critical / Specialist Audit Plan,Oven Audit,Line-6 Oven,DGF safeties checked,High,ESD,Adeel Siddiqui  ,Immediate,Done,
1605,07/10/2025,July,Yaseen/Sarfaraz,Critical / Specialist Audit Plan,Oven Audit,Line-6 Oven,Emergency Stop Buttons were found working,High,ESD,Adeel Siddiqui  ,Immediate,Done,
1606,07/10/2025,July,Yaseen/Sarfaraz,Critical / Specialist Audit Plan,Oven Audit,Line-6 Oven,SAFETY IN THE EVENT OF POWER FAILURE,High,ESD,Adeel Siddiqui  ,Immediate,Done,
1607,07/10/2025,July,Yaseen/Sarfaraz,Critical / Specialist Audit Plan,Oven Audit,Line-6 Oven,Manual Windout system was available,High,ESD,Adeel Siddiqui  ,Immediate,Done,
1608,07/10/2025,July,Yaseen/Sarfaraz,Critical / Specialist Audit Plan,Oven Audit,Line-6 Oven,Electrical Loose Wiring,High,ESD,Adeel Siddiqui  ,Immediate,Done,
1609,07/10/2025,July,Yaseen/Sarfaraz,Critical / Specialist Audit Plan,Oven Audit,Line-6 Oven,Combustible Material was found inside the oven area,High,PRD,Hammad Ali Khan,Immediate,Done,
1610,07/10/2025,July,Yaseen/Sarfaraz,Critical / Specialist Audit Plan,Oven Audit,Line-6 Oven,FireEquipment Access found Blocked,High,PRD,Hammad Ali Khan,Immediate,Done,
1611,07/10/2025,July,Yaseen/Sarfaraz,Critical / Specialist Audit Plan,Oven Audit,Line-6 Oven,All Moving Machinery guards were not intact,High,ESD,Adeel Siddiqui  ,Q2-2026,WIP,
1612,07/10/2025,July,Yaseen/Sarfaraz,Critical / Specialist Audit Plan,Oven Audit,Line-7 Oven,BAND Tension pressure was ok,High,ESD,Adeel Siddiqui  ,Immediate,Done,
1613,07/10/2025,July,Yaseen/Sarfaraz,Critical / Specialist Audit Plan,Oven Audit,Line-7 Oven,Gas Pressure sensors was ok (HIGH & LOW),High,ESD,Adeel Siddiqui  ,Immediate,Done,
1614,07/10/2025,July,Yaseen/Sarfaraz,Critical / Specialist Audit Plan,Oven Audit,Line-7 Oven,Purging operations checked (SAFE TO LIGHT),High,PRD,Hammad Ali Khan,Immediate,Done,
1615,07/10/2025,July,Yaseen/Sarfaraz,Critical / Specialist Audit Plan,Oven Audit,Line-7 Oven,Band/mesh motion checked and checked for tripping,High,ESD,Adeel Siddiqui  ,Immediate,Done,
1616,07/10/2025,July,Yaseen/Sarfaraz,Critical / Specialist Audit Plan,Oven Audit,Line-7 Oven,Euncher safety checked (BAND WANDER ALARMS),High,ESD,Adeel Siddiqui  ,Immediate,Done,
1617,07/10/2025,July,Yaseen/Sarfaraz,Critical / Specialist Audit Plan,Oven Audit,Line-7 Oven,Main drive overloading checked,High,ESD,Adeel Siddiqui  ,Immediate,Done,
1618,07/10/2025,July,Yaseen/Sarfaraz,Critical / Specialist Audit Plan,Oven Audit,Line-7 Oven,ZONE Safeties checked,High,ESD,Adeel Siddiqui  ,Immediate,Done,
1619,07/10/2025,July,Yaseen/Sarfaraz,Critical / Specialist Audit Plan,Oven Audit,Line-7 Oven,DGF safeties checked,High,ESD,Adeel Siddiqui  ,Immediate,Done,
1620,07/10/2025,July,Yaseen/Sarfaraz,Critical / Specialist Audit Plan,Oven Audit,Line-7 Oven,Emergency Stop Buttons were found working,High,ESD,Adeel Siddiqui  ,Immediate,Done,
1621,07/10/2025,July,Yaseen/Sarfaraz,Critical / Specialist Audit Plan,Oven Audit,Line-7 Oven,SAFETY IN THE EVENT OF POWER FAILURE,High,ESD,Adeel Siddiqui  ,Immediate,Done,
1622,07/10/2025,July,Yaseen/Sarfaraz,Critical / Specialist Audit Plan,Oven Audit,Line-7 Oven,Manual Windout system was not available,High,ESD,Adeel Siddiqui  ,Q3-2026,Done,
1623,07/10/2025,July,Yaseen/Sarfaraz,Critical / Specialist Audit Plan,Oven Audit,Line-7 Oven,Electrical Loose Wiring,High,ESD,Adeel Siddiqui  ,Immediate,Done,
1624,07/10/2025,July,Yaseen/Sarfaraz,Critical / Specialist Audit Plan,Oven Audit,Line-7 Oven,Combustible Material was found inside the oven area,High,PRD,Hammad Ali Khan,Immediate,Done,
1625,07/10/2025,July,Yaseen/Sarfaraz,Critical / Specialist Audit Plan,Oven Audit,Line-7 Oven,FireEquipment Access found Blocked,High,PRD,Hammad Ali Khan,Immediate,Done,
1626,07/10/2025,July,Yaseen/Sarfaraz,Critical / Specialist Audit Plan,Oven Audit,Line-7 Oven,All Moving Machinery guards were not intact,High,ESD,Adeel Siddiqui  ,Q2-2026,WIP,
1627,07/10/2025,July,Yaseen/Sarfaraz,Critical / Specialist Audit Plan,Oven Audit,Line-8 Oven,BAND Tension pressure was ok,High,ESD,Adeel Siddiqui  ,Immediate,Done,
1628,07/10/2025,July,Yaseen/Sarfaraz,Critical / Specialist Audit Plan,Oven Audit,Line-8 Oven,Gas Pressure sensors was ok (HIGH & LOW),High,ESD,Adeel Siddiqui  ,Immediate,Done,
1629,07/10/2025,July,Yaseen/Sarfaraz,Critical / Specialist Audit Plan,Oven Audit,Line-8 Oven,Purging operations checked (SAFE TO LIGHT),High,PRD,Hammad Ali Khan,Immediate,Done,
1630,07/10/2025,July,Yaseen/Sarfaraz,Critical / Specialist Audit Plan,Oven Audit,Line-8 Oven,Band/mesh motion checked and checked for tripping,High,ESD,Adeel Siddiqui  ,Immediate,Done,
1631,07/10/2025,July,Yaseen/Sarfaraz,Critical / Specialist Audit Plan,Oven Audit,Line-8 Oven,Euncher safety checked (BAND WANDER ALARMS),High,ESD,Adeel Siddiqui  ,Immediate,Done,
1632,07/10/2025,July,Yaseen/Sarfaraz,Critical / Specialist Audit Plan,Oven Audit,Line-8 Oven,Main drive overloading checked,High,ESD,Adeel Siddiqui  ,Immediate,Done,
1633,07/10/2025,July,Yaseen/Sarfaraz,Critical / Specialist Audit Plan,Oven Audit,Line-8 Oven,ZONE Safeties checked,High,ESD,Adeel Siddiqui  ,Immediate,Done,
1634,07/10/2025,July,Yaseen/Sarfaraz,Critical / Specialist Audit Plan,Oven Audit,Line-8 Oven,DGF safeties checked,High,ESD,Adeel Siddiqui  ,Immediate,Done,
1635,07/10/2025,July,Yaseen/Sarfaraz,Critical / Specialist Audit Plan,Oven Audit,Line-8 Oven,Emergency Stop Buttons were found working,High,ESD,Adeel Siddiqui  ,Immediate,Done,
1636,07/10/2025,July,Yaseen/Sarfaraz,Critical / Specialist Audit Plan,Oven Audit,Line-8 Oven,SAFETY IN THE EVENT OF POWER FAILURE,High,ESD,Adeel Siddiqui  ,Immediate,Done,
1637,07/10/2025,July,Yaseen/Sarfaraz,Critical / Specialist Audit Plan,Oven Audit,Line-8 Oven,Manual Windout system was available,High,ESD,Adeel Siddiqui  ,Immediate,Done,
1638,07/10/2025,July,Yaseen/Sarfaraz,Critical / Specialist Audit Plan,Oven Audit,Line-8 Oven,Electrical Loose Wiring,High,ESD,Adeel Siddiqui  ,Immediate,Done,
1639,07/10/2025,July,Yaseen/Sarfaraz,Critical / Specialist Audit Plan,Oven Audit,Line-8 Oven,Combustible Material was found inside the oven area,High,PRD,Hammad Ali Khan,Immediate,Done,
1640,07/10/2025,July,Yaseen/Sarfaraz,Critical / Specialist Audit Plan,Oven Audit,Line-8 Oven,FireEquipment Access found Blocked,High,PRD,Hammad Ali Khan,Immediate,Done,
1641,07/10/2025,July,Yaseen/Sarfaraz,Critical / Specialist Audit Plan,Oven Audit,Line-8 Oven,All Moving Machinery guards were not intact,High,ESD,Adeel Siddiqui  ,Q2-2026,WIP,
1642,07/10/2025,July,Yaseen/Sarfaraz,Critical / Specialist Audit Plan,Oven Audit,Line-9 Oven,BAND Tension pressure was ok,High,ESD,Adeel Siddiqui  ,Immediate,Done,
1643,07/10/2025,July,Yaseen/Sarfaraz,Critical / Specialist Audit Plan,Oven Audit,Line-9 Oven,Gas Pressure sensors was ok (HIGH & LOW),High,ESD,Adeel Siddiqui  ,Immediate,Done,
1644,07/10/2025,July,Yaseen/Sarfaraz,Critical / Specialist Audit Plan,Oven Audit,Line-9 Oven,Purging operations checked (SAFE TO LIGHT),High,PRD,Hammad Ali Khan,Immediate,Done,
1645,07/10/2025,July,Yaseen/Sarfaraz,Critical / Specialist Audit Plan,Oven Audit,Line-9 Oven,Band/mesh motion checked and checked for tripping,High,ESD,Adeel Siddiqui  ,Immediate,Done,
1646,07/10/2025,July,Yaseen/Sarfaraz,Critical / Specialist Audit Plan,Oven Audit,Line-9 Oven,Euncher safety checked (BAND WANDER ALARMS),High,ESD,Adeel Siddiqui  ,Immediate,Done,
1647,07/10/2025,July,Yaseen/Sarfaraz,Critical / Specialist Audit Plan,Oven Audit,Line-9 Oven,Main drive overloading checked,High,ESD,Adeel Siddiqui  ,Immediate,Done,
1648,07/10/2025,July,Yaseen/Sarfaraz,Critical / Specialist Audit Plan,Oven Audit,Line-9 Oven,ZONE Safeties checked,High,ESD,Adeel Siddiqui  ,Immediate,Done,
1649,07/10/2025,July,Yaseen/Sarfaraz,Critical / Specialist Audit Plan,Oven Audit,Line-9 Oven,DGF safeties checked,High,ESD,Adeel Siddiqui  ,Immediate,Done,
1650,07/10/2025,July,Yaseen/Sarfaraz,Critical / Specialist Audit Plan,Oven Audit,Line-9 Oven,Emergency Stop Buttons were found working,High,ESD,Adeel Siddiqui  ,Immediate,Done,
1651,07/10/2025,July,Yaseen/Sarfaraz,Critical / Specialist Audit Plan,Oven Audit,Line-9 Oven,SAFETY IN THE EVENT OF POWER FAILURE,High,ESD,Adeel Siddiqui  ,Immediate,Done,
1652,07/10/2025,July,Yaseen/Sarfaraz,Critical / Specialist Audit Plan,Oven Audit,Line-9 Oven,Manual Windout system was available,High,ESD,Adeel Siddiqui  ,Immediate,Done,
1653,07/10/2025,July,Yaseen/Sarfaraz,Critical / Specialist Audit Plan,Oven Audit,Line-9 Oven,Electrical Loose Wiring,High,ESD,Adeel Siddiqui  ,Immediate,Done,
1654,07/10/2025,July,Yaseen/Sarfaraz,Critical / Specialist Audit Plan,Oven Audit,Line-9 Oven,Combustible Material was found inside the oven area,High,PRD,Hammad Ali Khan,Immediate,Done,
1655,07/10/2025,July,Yaseen/Sarfaraz,Critical / Specialist Audit Plan,Oven Audit,Line-9 Oven,FireEquipment Access found Blocked,High,PRD,Hammad Ali Khan,Immediate,Done,
1656,07/10/2025,July,Yaseen/Sarfaraz,Critical / Specialist Audit Plan,Oven Audit,Line-9 Oven,All Moving Machinery guards were not intact,High,ESD,Adeel Siddiqui  ,Q2-2026,WIP,
1657,07/10/2025,July,Yaseen/Sarfaraz,Critical / Specialist Audit Plan,Oven Audit,Line-9 Oven,Rf dryers door key are secured?,High,PRD,Hammad Ali Khan,Immediate,Done,
1658,07/10/2025,July,Yaseen/Sarfaraz,Critical / Specialist Audit Plan,Oven Audit,Line-9 Oven,Rf dryers door closing,High,PRD,Hammad Ali Khan,Immediate,Done,
1659,07/10/2025,July,Yaseen/Sarfaraz,Critical / Specialist Audit Plan,Oven Audit,Line-10 Oven,BAND Tension pressure was ok,High,ESD,Adeel Siddiqui  ,Immediate,Done,
1660,07/10/2025,July,Yaseen/Sarfaraz,Critical / Specialist Audit Plan,Oven Audit,Line-10 Oven,Gas Pressure sensors was ok (HIGH & LOW),High,ESD,Adeel Siddiqui  ,Immediate,Done,
1661,07/10/2025,July,Yaseen/Sarfaraz,Critical / Specialist Audit Plan,Oven Audit,Line-10 Oven,Purging operations checked (SAFE TO LIGHT),High,PRD,Hammad Ali Khan,Immediate,Done,
1662,07/10/2025,July,Yaseen/Sarfaraz,Critical / Specialist Audit Plan,Oven Audit,Line-10 Oven,Band/mesh motion checked and checked for tripping,High,ESD,Adeel Siddiqui  ,Immediate,Done,
1663,07/10/2025,July,Yaseen/Sarfaraz,Critical / Specialist Audit Plan,Oven Audit,Line-10 Oven,Euncher safety checked (BAND WANDER ALARMS),High,ESD,Adeel Siddiqui  ,Immediate,Done,
1664,07/10/2025,July,Yaseen/Sarfaraz,Critical / Specialist Audit Plan,Oven Audit,Line-10 Oven,Main drive overloading checked,High,ESD,Adeel Siddiqui  ,Immediate,Done,
1665,07/10/2025,July,Yaseen/Sarfaraz,Critical / Specialist Audit Plan,Oven Audit,Line-10 Oven,ZONE Safeties checked,High,ESD,Adeel Siddiqui  ,Immediate,Done,
1666,07/10/2025,July,Yaseen/Sarfaraz,Critical / Specialist Audit Plan,Oven Audit,Line-10 Oven,DGF safeties checked,High,ESD,Adeel Siddiqui  ,Immediate,Done,
1667,07/10/2025,July,Yaseen/Sarfaraz,Critical / Specialist Audit Plan,Oven Audit,Line-10 Oven,Emergency Stop Buttons were found working,High,ESD,Adeel Siddiqui  ,Immediate,Done,
1668,07/10/2025,July,Yaseen/Sarfaraz,Critical / Specialist Audit Plan,Oven Audit,Line-10 Oven,SAFETY IN THE EVENT OF POWER FAILURE,High,ESD,Adeel Siddiqui  ,Immediate,Done,
1669,07/10/2025,July,Yaseen/Sarfaraz,Critical / Specialist Audit Plan,Oven Audit,Line-10 Oven,Manual Windout system was available,High,ESD,Adeel Siddiqui  ,Immediate,Done,
1670,07/10/2025,July,Yaseen/Sarfaraz,Critical / Specialist Audit Plan,Oven Audit,Line-10 Oven,Electrical Loose Wiring,High,ESD,Adeel Siddiqui  ,Immediate,Done,
1671,07/10/2025,July,Yaseen/Sarfaraz,Critical / Specialist Audit Plan,Oven Audit,Line-10 Oven,Combustible Material was found inside the oven area,High,PRD,Hammad Ali Khan,Immediate,Done,
1672,07/10/2025,July,Yaseen/Sarfaraz,Critical / Specialist Audit Plan,Oven Audit,Line-10 Oven,FireEquipment Access found Blocked,High,PRD,Hammad Ali Khan,Immediate,Done,
1673,07/10/2025,July,Yaseen/Sarfaraz,Critical / Specialist Audit Plan,Oven Audit,Line-10 Oven,All Moving Machinery guards were not intact,High,ESD,Adeel Siddiqui  ,Q2-2026,WIP,
1674,07/10/2025,July,Yaseen/Sarfaraz,Critical / Specialist Audit Plan,Oven Audit,Line-11 Oven,BAND Tension pressure was ok,High,ESD,Adeel Siddiqui  ,Immediate,Done,
1675,07/10/2025,July,Yaseen/Sarfaraz,Critical / Specialist Audit Plan,Oven Audit,Line-11 Oven,Gas Pressure sensors was ok (HIGH & LOW),High,ESD,Adeel Siddiqui  ,Immediate,Done,
1676,07/10/2025,July,Yaseen/Sarfaraz,Critical / Specialist Audit Plan,Oven Audit,Line-11 Oven,Purging operations checked (SAFE TO LIGHT),High,PRD,Hammad Ali Khan,Immediate,Done,
1677,07/10/2025,July,Yaseen/Sarfaraz,Critical / Specialist Audit Plan,Oven Audit,Line-11 Oven,Band/mesh motion checked and checked for tripping,High,ESD,Adeel Siddiqui  ,Immediate,Done,
1678,07/10/2025,July,Yaseen/Sarfaraz,Critical / Specialist Audit Plan,Oven Audit,Line-11 Oven,Euncher safety checked (BAND WANDER ALARMS),High,ESD,Adeel Siddiqui  ,Immediate,Done,
1679,07/10/2025,July,Yaseen/Sarfaraz,Critical / Specialist Audit Plan,Oven Audit,Line-11 Oven,Main drive overloading checked,High,ESD,Adeel Siddiqui  ,Immediate,Done,
1680,07/10/2025,July,Yaseen/Sarfaraz,Critical / Specialist Audit Plan,Oven Audit,Line-11 Oven,ZONE Safeties checked,High,ESD,Adeel Siddiqui  ,Immediate,Done,
1681,07/10/2025,July,Yaseen/Sarfaraz,Critical / Specialist Audit Plan,Oven Audit,Line-11 Oven,DGF safeties checked,High,ESD,Adeel Siddiqui  ,Immediate,Done,
1682,07/10/2025,July,Yaseen/Sarfaraz,Critical / Specialist Audit Plan,Oven Audit,Line-11 Oven,Emergency Stop Buttons were found working,High,ESD,Adeel Siddiqui  ,Immediate,Done,
1683,07/10/2025,July,Yaseen/Sarfaraz,Critical / Specialist Audit Plan,Oven Audit,Line-11 Oven,SAFETY IN THE EVENT OF POWER FAILURE,High,ESD,Adeel Siddiqui  ,Immediate,Done,
1684,07/10/2025,July,Yaseen/Sarfaraz,Critical / Specialist Audit Plan,Oven Audit,Line-11 Oven,Manual Windout system was available,High,ESD,Adeel Siddiqui  ,Immediate,Done,
1685,07/10/2025,July,Yaseen/Sarfaraz,Critical / Specialist Audit Plan,Oven Audit,Line-11 Oven,Electrical Loose Wiring,High,ESD,Adeel Siddiqui  ,Immediate,Done,
1686,07/10/2025,July,Yaseen/Sarfaraz,Critical / Specialist Audit Plan,Oven Audit,Line-11 Oven,Combustible Material was found inside the oven area,High,PRD,Hammad Ali Khan,Immediate,Done,
1687,07/10/2025,July,Yaseen/Sarfaraz,Critical / Specialist Audit Plan,Oven Audit,Line-11 Oven,FireEquipment Access found Blocked,High,PRD,Hammad Ali Khan,Immediate,Done,
1688,07/10/2025,July,Yaseen/Sarfaraz,Critical / Specialist Audit Plan,Oven Audit,Line-11 Oven,All Moving Machinery guards were not intact,High,ESD,Adeel Siddiqui  ,Q2-2026,WIP,
1689,25/12/2025,Dec,Inspectest,Third Party Inspection/ Audit,Inspection of Lifting Equipments,Passenger Elevator - COLONY,No any Major Observation,High,ADM IR & HR,Shahid Bashir,01-Mar-26,Done,
1690,25/12/2026,Dec,Inspectest,Third Party Inspection/ Audit,Inspection of Lifting Equipments,Passenger Elevator - COLONY,Fire Extinguisher not avaialble,Low,ADM IR & HR,Shahid Bashir,01-Mar-26,Done,
1691,25/12/2025,Dec,Inspectest,Third Party Inspection/ Audit,Inspection of Lifting Equipments,Passenger Elevator - ADMIN BLOCK,No any Major Observation,High,ADM IR & HR,Shahid Bashir,01-Mar-26,Done,
1692,25/12/2026,Dec,Inspectest,Third Party Inspection/ Audit,Inspection of Lifting Equipments,Passenger Elevator - ADMIN BLOCK,Fire Extinguisher not avaialble,Low,ADM IR & HR,Shahid Bashir,01-Mar-26,Done,
1693,25/12/2025,Dec,Inspectest,Third Party Inspection/ Audit,Inspection of Lifting Equipments,Ishida hall-Cargo Hoist," Safe working Limit should be marked properly.
",High,PRD,Hammad Ali Khan,01-Mar-26,Done,
1694,25/12/2026,Dec,Inspectest,Third Party Inspection/ Audit,Inspection of Lifting Equipments,Ishida hall-Cargo Hoist, Fire extinguisher should be provided.,High,Stores,Muhammad Sheeraz Khan,01-Mar-26,Pending,
1695,25/12/2027,Dec,Inspectest,Third Party Inspection/ Audit,Inspection of Lifting Equipments,Ishida hall-Cargo Hoist,Safe access should be availaible to machine room.,High,Stores,Muhammad Sheeraz Khan,01-Mar-26,Pending,
1696,25/12/2028,Dec,Inspectest,Third Party Inspection/ Audit,Inspection of Lifting Equipments,Ishida hall-Cargo Hoist,Fire Extinguisher not avaialble,High,Stores,Muhammad Sheeraz Khan,01-Mar-26,Pending,
1697,25/12/2029,Dec,Inspectest,Third Party Inspection/ Audit,Inspection of Lifting Equipments,Ishida hall-Cargo Hoist,Cleaning of equipment is required,High,PRD,Hammad Ali Khan,01-Mar-26,Done,
1698,25/12/2025,Dec,Inspectest,Third Party Inspection/ Audit,Inspection of Lifting Equipments,ESD-Cargo Hoist,"Safe working limit not marked should be marked properly.
",High,Stores,Muhammad Sheeraz Khan,01-Mar-26,Done,
1699,25/12/2025,Dec,Inspectest,Third Party Inspection/ Audit,Inspection of Lifting Equipments,ESD-Cargo Hoist,Leveling accuracy path of lift should be maintained.,High,Stores,Muhammad Sheeraz Khan,01-Mar-26,Pending,
1700,25/12/2025,Dec,Inspectest,Third Party Inspection/ Audit,Inspection of Lifting Equipments,ESD-Cargo Hoist,Fire extinguisher & proper vantilation not availaible in machine room.,High,Stores,Muhammad Sheeraz Khan,01-Mar-26,Pending,
1701,25/12/2025,Dec,Inspectest,Third Party Inspection/ Audit,Inspection of Lifting Equipments,ESD-Cargo Hoist,"Safety latch should be provided, cargo cabin platform should be proper welded.",High,Stores,Muhammad Sheeraz Khan,01-Mar-26,Pending,
1702,25/12/2025,Dec,Inspectest,Third Party Inspection/ Audit,Inspection of Lifting Equipments,ESD-Cargo Hoist,Safe access should be availaible to machine room.,High,Stores,Muhammad Sheeraz Khan,01-Mar-26,Pending,
1703,25/12/2026,Dec,Inspectest,Third Party Inspection/ Audit,Inspection of Lifting Equipments,ESD-Cargo Hoist,Fire Extinguisher not avaialble,High,Stores,Muhammad Sheeraz Khan,01-Mar-26,Pending,
1704,25/12/2027,Dec,Inspectest,Third Party Inspection/ Audit,Inspection of Lifting Equipments,ESD-Cargo Hoist,Cleaning of equipment is required,Low,Stores,Muhammad Sheeraz Khan,01-Mar-26,Done,
1705,25/12/2025,Dec,Inspectest,Third Party Inspection/ Audit,Inspection of Lifting Equipments,Packing Line-11-2 cargo lift,"Safe working limit not marked should be marked properly.
",High,PRD,Hammad Ali Khan,01-Mar-26,Done,
1706,25/12/2025,Dec,Inspectest,Third Party Inspection/ Audit,Inspection of Lifting Equipments,Packing Line-11-2 cargo lift,Fire extinguisher & proper vantilation not availaible in machine room.,High,Stores,Muhammad Sheeraz Khan,01-Mar-26,Pending,
1707,25/12/2025,Dec,Inspectest,Third Party Inspection/ Audit,Inspection of Lifting Equipments,Packing Line-11-2 cargo lift,"Safe guarding on rotary parts of machines, overaspeed governor not available should be install.",High,Stores,Muhammad Sheeraz Khan,01-Mar-26,Pending,
1708,25/12/2025,Dec,Inspectest,Third Party Inspection/ Audit,Inspection of Lifting Equipments,Packing Line-11-2 cargo lift, Car top ligjht should be provided. Proper lightning should be available in machine room.,High,Stores,Muhammad Sheeraz Khan,01-Mar-26,Pending,
1709,25/12/2025,Dec,Inspectest,Third Party Inspection/ Audit,Inspection of Lifting Equipments,Packing Line-11-2 cargo lift,Safe access should be availaible to machine room.,High,Stores,Muhammad Sheeraz Khan,01-Mar-26,Pending,
1710,25/12/2026,Dec,Inspectest,Third Party Inspection/ Audit,Inspection of Lifting Equipments,Packing Line-11-2 cargo lift,Fire Extinguisher not avaialble,High,Stores,Muhammad Sheeraz Khan,02-Mar-26,Pending,
1711,25/12/2027,Dec,Inspectest,Third Party Inspection/ Audit,Inspection of Lifting Equipments,Packing Line-11-2 cargo lift,Cleaning of equipment is required,Low,PRD,Hammad Ali Khan,03-Mar-26,Done,
1712,25/12/2025,Dec,Inspectest,Third Party Inspection/ Audit,Inspection of Lifting Equipments,L-11 RMS- Cargo Lift,"Safe working limit not marked should be marked properly.
",High,Stores,Muhammad Sheeraz Khan,01-Mar-26,Done,
1713,25/12/2025,Dec,Inspectest,Third Party Inspection/ Audit,Inspection of Lifting Equipments,L-11 RMS- Cargo Lift,Fire extinguisher & proper vantilation not availaible in machine room.,High,Stores,Muhammad Sheeraz Khan,01-Mar-26,Pending,
1714,25/12/2025,Dec,Inspectest,Third Party Inspection/ Audit,Inspection of Lifting Equipments,L-11 RMS- Cargo Lift,"Safe guarding on rotary parts of machines, overaspeed governor not available should be install.",High,Stores,Muhammad Sheeraz Khan,01-Mar-26,Pending,
1715,25/12/2025,Dec,Inspectest,Third Party Inspection/ Audit,Inspection of Lifting Equipments,L-11 RMS- Cargo Lift,Car top light should be provided. Proper lightning should be available in machine room,High,Stores,Muhammad Sheeraz Khan,01-Mar-26,Pending,
1716,25/12/2025,Dec,Inspectest,Third Party Inspection/ Audit,Inspection of Lifting Equipments,L-11 RMS- Cargo Lift,"Car Allignment on ground level, Track rollers should be maintained.",High,Stores,Muhammad Sheeraz Khan,01-Mar-26,Pending,
1717,25/12/2026,Dec,Inspectest,Third Party Inspection/ Audit,Inspection of Lifting Equipments,L-11 RMS- Cargo Lift,Fire Extinguisher not avaialble,High,Stores,Muhammad Sheeraz Khan,02-Mar-26,Pending,
1718,25/12/2027,Dec,Inspectest,Third Party Inspection/ Audit,Inspection of Lifting Equipments,L-11 RMS- Cargo Lift,Cleaning of equipment is required,Low,Stores,Muhammad Sheeraz Khan,03-Mar-26,Done,
1719,25/12/2025,Dec,Inspectest,Third Party Inspection/ Audit,Inspection of Lifting Equipments,Cargo Lift - Packing lift-1," Safe working limit not marked should be marked properly.
",High,Stores,Muhammad Sheeraz Khan,01-Mar-26,Pending,
1720,25/12/2025,Dec,Inspectest,Third Party Inspection/ Audit,Inspection of Lifting Equipments,Cargo Lift - Packing lift-1,Fire extinguisher & proper vantilation not availaible in machine room.,High,Stores,Muhammad Sheeraz Khan,01-Mar-26,Pending,
1721,25/12/2025,Dec,Inspectest,Third Party Inspection/ Audit,Inspection of Lifting Equipments,Cargo Lift - Packing lift-1,"Safe guarding on rotary parts of machines, overaspeed governor not available should be install.",High,Stores,Muhammad Sheeraz Khan,01-Mar-26,Pending,
1722,25/12/2025,Dec,Inspectest,Third Party Inspection/ Audit,Inspection of Lifting Equipments,Cargo Lift - Packing lift-1,Car top light should be provided. Proper lightning should be available in machine room.,High,Stores,Muhammad Sheeraz Khan,01-Mar-26,Pending,
1723,25/12/2025,Dec,Inspectest,Third Party Inspection/ Audit,Inspection of Lifting Equipments,Cargo Lift - Packing lift-1,"Car Allignment on ground level, Track rollers should be maintained.",High,Stores,Muhammad Sheeraz Khan,01-Mar-26,Pending,
1724,25/12/2025,Dec,Inspectest,Third Party Inspection/ Audit,Inspection of Lifting Equipments,Cargo Lift - Packing lift-1,Buffer (Shock Absorber) Not availaible in PIT. it should be provided.,High,Stores,Muhammad Sheeraz Khan,01-Mar-26,Pending,
1725,25/12/2025,Dec,Inspectest,Third Party Inspection/ Audit,Inspection of Lifting Equipments,Cargo Lift -Packing lift-1,"Safe working limit not marked should be marked properly.
",High,Stores,Muhammad Sheeraz Khan,01-Mar-26,Pending,
1726,25/12/2025,Dec,Inspectest,Third Party Inspection/ Audit,Inspection of Lifting Equipments,Cargo Lift -Packing lift-1,Fire extinguisher & proper vantilation not availaible in machine room.,High,Stores,Muhammad Sheeraz Khan,01-Mar-26,Pending,
1727,25/12/2025,Dec,Inspectest,Third Party Inspection/ Audit,Inspection of Lifting Equipments,Cargo Lift -Packing lift-1,"Safe guarding on rotary parts of machines, overaspeed governor not available should be install.",High,Stores,Muhammad Sheeraz Khan,01-Mar-26,Pending,
1728,25/12/2025,Dec,Inspectest,Third Party Inspection/ Audit,Inspection of Lifting Equipments,Cargo Lift -Packing lift-1,Buffer (Shock Absorber) Not availaible in PIT. it should be provided.,High,Stores,Muhammad Sheeraz Khan,01-Mar-26,Pending,
1729,25/12/2025,Dec,Inspectest,Third Party Inspection/ Audit,Inspection of Lifting Equipments,Cargo Lift -Packing lift-1,"Control pannel, Door Handle & Traction lubrication tank should be maintained.",High,Stores,Muhammad Sheeraz Khan,01-Mar-26,Pending,
1730,25/12/2026,Dec,Inspectest,Third Party Inspection/ Audit,Inspection of Lifting Equipments,Cargo Lift -Packing lift-2,Fire Extinguisher not avaialble,High,Stores,Muhammad Sheeraz Khan,02-Mar-26,Pending,
1731,25/12/2027,Dec,Inspectest,Third Party Inspection/ Audit,Inspection of Lifting Equipments,Cargo Lift -Packing lift-3,Cleaning of equipment is required,Low,PRD,Hammad Ali Khan,03-Mar-26,Done,
1732,25/12/2025,Dec,Inspectest,Third Party Inspection/ Audit,Inspection of Lifting Equipments,Cargo Lift - RMS-Biscuit Grinding," Safe working limit not marked should be marked properly.
 ",High,Stores,Muhammad Sheeraz Khan,01-Mar-26,Pending,
1733,25/12/2025,Dec,Inspectest,Third Party Inspection/ Audit,Inspection of Lifting Equipments,Cargo Lift - RMS-Biscuit Grinding, Fire extinguisher & proper vantilation not availaible in machine room.,High,Stores,Muhammad Sheeraz Khan,01-Mar-26,Pending,
1734,25/12/2025,Dec,Inspectest,Third Party Inspection/ Audit,Inspection of Lifting Equipments,Cargo Lift - RMS-Biscuit Grinding,"Safe guarding on rotary parts of machines, overaspeed governor not available should be install.",High,Stores,Muhammad Sheeraz Khan,01-Mar-26,Pending,
1735,25/12/2025,Dec,Inspectest,Third Party Inspection/ Audit,Inspection of Lifting Equipments,Cargo Lift - RMS-Biscuit Grinding,Car top light should be provided. Proper lightning should be available in machine room.,High,Stores,Muhammad Sheeraz Khan,01-Mar-26,Pending,
1736,25/12/2025,Dec,Inspectest,Third Party Inspection/ Audit,Inspection of Lifting Equipments,Cargo Lift - RMS-Biscuit Grinding,"Car Allignment on ground level, Track rollers should be maintained.",High,Stores,Muhammad Sheeraz Khan,01-Mar-26,Pending,
1737,25/12/2025,Dec,Inspectest,Third Party Inspection/ Audit,Inspection of Lifting Equipments,Cargo Lift - RMS-Biscuit Grinding,Buffer (Shock Absorber) Not availaible in PIT. it should be provided.,High,Stores,Muhammad Sheeraz Khan,01-Mar-26,Pending,
1738,25/12/2025,Dec,Inspectest,Third Party Inspection/ Audit,Inspection of Lifting Equipments,Cargo Lift - RMS-Biscuit Grinding,Overall Electrical Wiring conduit required.,High,Stores,Muhammad Sheeraz Khan,01-Mar-26,Pending,
1739,25/12/2025,Dec,Inspectest,Third Party Inspection/ Audit,Inspection of Lifting Equipments,Cargo Lift - RMS-3,"Safe working limit not marked should be marked properly.
",High,Stores,Muhammad Sheeraz Khan,01-Mar-26,Pending,
1740,25/12/2025,Dec,Inspectest,Third Party Inspection/ Audit,Inspection of Lifting Equipments,Cargo Lift - RMS-3,Fire extinguisher & proper vantilation not availaible in machine room.,High,Stores,Muhammad Sheeraz Khan,01-Mar-26,Pending,
1741,25/12/2025,Dec,Inspectest,Third Party Inspection/ Audit,Inspection of Lifting Equipments,Cargo Lift - RMS-3," Safe guarding on rotary parts of machines, overaspeed governor not available should be install.",High,Stores,Muhammad Sheeraz Khan,01-Mar-26,Pending,
1742,25/12/2025,Dec,Inspectest,Third Party Inspection/ Audit,Inspection of Lifting Equipments,Cargo Lift - RMS-3, Car top light should be provided. Proper lightning should be available in machine room.,High,Stores,Muhammad Sheeraz Khan,01-Mar-26,Pending,
1743,25/12/2025,Dec,Inspectest,Third Party Inspection/ Audit,Inspection of Lifting Equipments,Cargo Lift - RMS-3,"Car Allignment on ground level, Track rollers should be maintained.",High,Stores,Muhammad Sheeraz Khan,01-Mar-26,Pending,
1744,25/12/2025,Dec,Inspectest,Third Party Inspection/ Audit,Inspection of Lifting Equipments,Cargo Lift - RMS-3,Buffer (Shock Absorber) Not availaible in PIT. it should be provided.,High,Stores,Muhammad Sheeraz Khan,01-Mar-26,Pending,
1745,25/12/2025,Dec,Inspectest,Third Party Inspection/ Audit,Inspection of Lifting Equipments,Cargo Lift - RMS-3,Overall Electrical Wiring conduit required,High,Stores,Muhammad Sheeraz Khan,01-Mar-26,Pending,
1746,25/12/2025,Dec,Inspectest,Third Party Inspection/ Audit,Inspection of Lifting Equipments,Cargo Lift - RMS-2,"Safe working limit not marked should be marked properly.
",High,Stores,Muhammad Sheeraz Khan,01-Mar-26,Pending,
1747,25/12/2025,Dec,Inspectest,Third Party Inspection/ Audit,Inspection of Lifting Equipments,Cargo Lift - RMS-2, Fire extinguisher & proper vantilation not availaible in machine room.,High,Stores,Muhammad Sheeraz Khan,01-Mar-26,Pending,
1748,25/12/2025,Dec,Inspectest,Third Party Inspection/ Audit,Inspection of Lifting Equipments,Cargo Lift - RMS-2," Safe guarding on rotary parts of machines, overaspeed governor not available should be install.",High,Stores,Muhammad Sheeraz Khan,01-Mar-26,Pending,
1749,25/12/2025,Dec,Inspectest,Third Party Inspection/ Audit,Inspection of Lifting Equipments,Cargo Lift - RMS-2,Car top light should be provided. Proper lightning should be available in machine room.,High,Stores,Muhammad Sheeraz Khan,01-Mar-26,Pending,
1750,25/12/2025,Dec,Inspectest,Third Party Inspection/ Audit,Inspection of Lifting Equipments,Cargo Lift - RMS-2, Buffer (Shock Absorber) Not availaible in PIT. it should be provided.,High,Stores,Muhammad Sheeraz Khan,01-Mar-26,Pending,
1751,25/12/2025,Dec,Inspectest,Third Party Inspection/ Audit,Inspection of Lifting Equipments,Cargo Lift - RMS-2,Pully Not aligned with wire rope. should be rectified.,High,Stores,Muhammad Sheeraz Khan,01-Mar-26,Pending,
1752,25/12/2025,Dec,Inspectest,Third Party Inspection/ Audit,Inspection of Lifting Equipments,Cargo Lift - RMS-1,"Safe working limit not marked should be marked properly.
",High,Stores,Muhammad Sheeraz Khan,01-Mar-26,Pending,
1753,25/12/2025,Dec,Inspectest,Third Party Inspection/ Audit,Inspection of Lifting Equipments,Cargo Lift - RMS-1,Car top light should be provided. Proper lightning should be available in machine room.,High,Stores,Muhammad Sheeraz Khan,01-Mar-26,Pending,
1754,25/12/2025,Dec,Inspectest,Third Party Inspection/ Audit,Inspection of Lifting Equipments,Cargo Lift - RMS-1,Buffer (Shock Absorber) Not availaible in PIT. it should be provided.,High,Stores,Muhammad Sheeraz Khan,01-Mar-26,Pending,
1755,25/12/2025,Dec,Inspectest,Third Party Inspection/ Audit,Inspection of Lifting Equipments,Cargo Lift - RMS-1,Over Speed Governot should be install.,High,Stores,Muhammad Sheeraz Khan,01-Mar-26,Pending,
1756,25/12/2025,Dec,Inspectest,Third Party Inspection/ Audit,Inspection of Lifting Equipments,Hydrullic Pallet Stacker (Battery Operated) - FGS,Cleaning of equipment is required,Low,Stores,Muhammad Sheeraz Khan,01-Mar-26,Done,
1757,25/12/2025,Dec,Inspectest,Third Party Inspection/ Audit,Inspection of Lifting Equipments,Diesel Operated Forklift Truck - RMS,"Seat shoud be maintained. Reverse alrm, warning light should be provided.
",High,Stores,Muhammad Sheeraz Khan,01-Mar-26,Pending,
1758,25/12/2025,Dec,Inspectest,Third Party Inspection/ Audit,Inspection of Lifting Equipments,Diesel Operated Forklift Truck - RMS,Steering wheel cover should be maintained. Fan should be provided.,High,Stores,Muhammad Sheeraz Khan,01-Mar-26,Pending,
1759,25/12/2025,Dec,Inspectest,Third Party Inspection/ Audit,Inspection of Lifting Equipments,Diesel Operated Forklift Truck - RMS,Tyres should be replace wear and tear observe.,High,Stores,Muhammad Sheeraz Khan,01-Mar-26,Pending,
1760,25/12/2025,Dec,Inspectest,Third Party Inspection/ Audit,Inspection of Lifting Equipments,Diesel Operated Forklift Truck - RMS,Fork carriage should be maintained bend observe.,High,Stores,Muhammad Sheeraz Khan,01-Mar-26,Pending,
1761,25/12/2025,Dec,Inspectest,Third Party Inspection/ Audit,Inspection of Lifting Equipments,Diesel Operated Forklift Truck - RMS,wheels alignment & overall paint required. due to corrosion observed.,High,Stores,Muhammad Sheeraz Khan,01-Mar-26,Pending,
1762,25/12/2026,Dec,Inspectest,Third Party Inspection/ Audit,Inspection of Lifting Equipments,Diesel Operated Forklift Truck - RMS,Fire extinguisher  not availaible ,High,Stores,Muhammad Sheeraz Khan,02-Mar-26,Pending,
1763,25/12/2025,Dec,Inspectest,Third Party Inspection/ Audit,Inspection of Lifting Equipments,Hydrullic Pallet Stacker (Battery Operated) - FGS,Cleaning of equipment is required,Low,Stores,Muhammad Sheeraz Khan,01-Mar-26,Done,
1764,25/12/2025,Dec,Inspectest,Third Party Inspection/ Audit,Inspection of Lifting Equipments,Bettery Operated Forklift Truck - FGS,"Right side head light damage should be maintianed. Emergency lights should be provided.
",High,Stores,Muhammad Sheeraz Khan,01-Mar-26,Pending,
1765,25/12/2025,Dec,Inspectest,Third Party Inspection/ Audit,Inspection of Lifting Equipments,Bettery Operated Forklift Truck - FGS,Mast Paint required.,High,Stores,Muhammad Sheeraz Khan,01-Mar-26,Pending,
1766,25/12/2025,Dec,Inspectest,Third Party Inspection/ Audit,Inspection of Lifting Equipments,Bettery Operated Forklift Truck - FGS,Fan should be Provided.,High,Stores,Muhammad Sheeraz Khan,01-Mar-26,Pending,
1767,25/12/2025,Dec,Inspectest,Third Party Inspection/ Audit,Inspection of Lifting Equipments,Hydrullic Pallet Stacker (Battery Operated) - FGS,Cleaning of equipment is required,Low,Stores,Muhammad Sheeraz Khan,01-Mar-26,Done,
1768,25/12/2025,Dec,Inspectest,Third Party Inspection/ Audit,Inspection of Lifting Equipments,Bettery Operated Forklift Truck - FGS,"Emergency button should be maintained,Reverse alarm emergency light should be provided.
",High,Stores,Muhammad Sheeraz Khan,01-Mar-26,Pending,
1769,25/12/2025,Dec,Inspectest,Third Party Inspection/ Audit,Inspection of Lifting Equipments,Bettery Operated Forklift Truck - FGS,"Battery compartment loose wiring observed, Brake not working properly should be maintained.",High,Stores,Muhammad Sheeraz Khan,01-Mar-26,Done,
1770,25/12/2025,Dec,Inspectest,Third Party Inspection/ Audit,Inspection of Lifting Equipments,Bettery Operated Forklift Truck - FGS, Head lights found damaged should be replace.,High,Stores,Muhammad Sheeraz Khan,01-Mar-26,Pending,
1771,25/12/2025,Dec,Inspectest,Third Party Inspection/ Audit,Inspection of Lifting Equipments,Bettery Operated Forklift Truck - FGS,"Load drop observe in oad testing, hydrullic system should be maintained.",High,Stores,Muhammad Sheeraz Khan,01-Mar-26,Pending,
1772,25/12/2025,Dec,Inspectest,Third Party Inspection/ Audit,Inspection of Lifting Equipments,Bettery Operated Forklift Truck - FGS," Front head lights indicators should be mawintained. Reverse alarm, emergency light should be provided.
",High,Stores,Muhammad Sheeraz Khan,01-Mar-26,Pending,
1773,25/12/2025,Dec,Inspectest,Third Party Inspection/ Audit,Inspection of Lifting Equipments,Bettery Operated Forklift Truck - FGS," Emergency stop button, seat should be maintained. Overhead guard should be maintained.",High,Stores,Muhammad Sheeraz Khan,01-Mar-26,Pending,
1774,25/12/2025,Dec,Inspectest,Third Party Inspection/ Audit,Inspection of Lifting Equipments,Bettery Operated Forklift Truck - FGS,"Battery compartment, loose wiring, mirror should be provided. Overall paint Required.",High,Stores,Muhammad Sheeraz Khan,01-Mar-26,Done,
1775,25/12/2025,Dec,Inspectest,Third Party Inspection/ Audit,Inspection of Lifting Equipments,Bettery Operated Forklift Truck - FGS," Cut Observed in rear back tyres, should be replaced.",High,Stores,Muhammad Sheeraz Khan,01-Mar-26,Pending,
1776,25/12/2026,Dec,Inspectest,Third Party Inspection/ Audit,Inspection of Lifting Equipments,Diesel Operated Forklift Truck - RMS,Fire extinguisher  not availaible ,High,Stores,Muhammad Sheeraz Khan,02-Mar-26,Pending,
1777,25/12/2025,Dec,Inspectest,Third Party Inspection/ Audit,Inspection of Lifting Equipments,Diesel Operated Forklift Truck - RMS,Cleaning of equipment is required,Low,Stores,Muhammad Sheeraz Khan,01-Mar-26,Done,
1778,25/12/2025,Dec,Inspectest,Third Party Inspection/ Audit,Inspection of Lifting Equipments,Electric Operated Hydrullic Scissor Lift,"Control panel dhsould be proper accommodate. Warning light & treaveling alarm should be provided.
",High,ESD,Adeel Siddiqui  ,01-Mar-26,Pending,
1779,25/12/2025,Dec,Inspectest,Third Party Inspection/ Audit,Inspection of Lifting Equipments,Electric Operated Hydrullic Scissor Lift,Counter top guardrail should be fixed with safety pins. Overall cleaning and paint required.,High,ESD,Adeel Siddiqui  ,01-Mar-26,Pending,
1780,25/12/2025,Dec,Inspectest,Third Party Inspection/ Audit,Inspection of Lifting Equipments,Electric Operated Hydrullic Scissor Lift,Cleaning of equipment is required,Low,Stores,Muhammad Sheeraz Khan,01-Mar-26,Done,
1781,25/12/2025,Dec,Inspectest,Third Party Inspection/ Audit,Inspection of Lifting Equipments,Material Storage Racks - RMS,"Load notice were not displayed on racks should be availaible.
",High,Stores,Muhammad Sheeraz Khan,01-Mar-26,Done,
1782,25/12/2025,Dec,Inspectest,Third Party Inspection/ Audit,Inspection of Lifting Equipments,Material Storage Racks - RMS,Base plate nut missing at various location. Base guard & upright guardrail should be provided.,High,Stores,Muhammad Sheeraz Khan,01-Mar-26,Pending,
1783,25/12/2025,Dec,Inspectest,Third Party Inspection/ Audit,Inspection of Lifting Equipments,Material Storage Racks - RMS,Cleaning of equipment is required,Low,Stores,Muhammad Sheeraz Khan,01-Mar-26,Done,
1784,25/12/2025,Dec,Inspectest,Third Party Inspection/ Audit,Inspection of Lifting Equipments,Material Storage Racks - B100,"Load notice were not displayed on racks should be availaible.
",High,Stores,Muhammad Sheeraz Khan,01-Mar-26,Done,
1785,25/12/2025,Dec,Inspectest,Third Party Inspection/ Audit,Inspection of Lifting Equipments,Material Storage Racks - PMS,Load notice were not displayed on racks should be availaible.,High,Stores,Muhammad Sheeraz Khan,01-Mar-26,Done,
1786,25/12/2025,Dec,Inspectest,Third Party Inspection/ Audit,Inspection of Lifting Equipments,Material Storage Racks - PMS, Base plate nut missing at various location. Base guard & upright guardrail should be provided.,High,Stores,Muhammad Sheeraz Khan,01-Mar-26,Pending,
1787,25/12/2025,Dec,Inspectest,Third Party Inspection/ Audit,Inspection of Lifting Equipments,Material Storage Racks - FLAVOUR ROOM,Cleaning of equipment is required,Low,Stores,Muhammad Sheeraz Khan,01-Mar-26,Done,
1788,25/12/2025,Dec,Inspectest,Third Party Inspection/ Audit,Inspection of Lifting Equipments,Material Storage Racks - FLAVOUR ROOM,Load notice were not displayed on racks should be availaible.,High,Stores,Muhammad Sheeraz Khan,01-Mar-26,Done,
1789,25/12/2025,Dec,Inspectest,Third Party Inspection/ Audit,Inspection of Lifting Equipments,Material Storage Racks - FLAVOUR ROOM,Base plate nut missing at various location. Base guard & upright guardrail should be provided.,High,Stores,Muhammad Sheeraz Khan,01-Mar-26,Pending,
1790,25/12/2025,Dec,Inspectest,Third Party Inspection/ Audit,Inspection of Lifting Equipments,Material Storage Racks - FLAVOUR ROOM,Cleaning of equipment is required,Low,Stores,Muhammad Sheeraz Khan,01-Mar-26,Done,
1791,25/12/2025,Dec,Inspectest,Third Party Inspection/ Audit,Inspection of Lifting Equipments,Material Storage Racks - FGS,"Shelf,03 Rack-2 Bracing Damage.Shelf,02 rack03, Bracing Damaged.
",High,Stores,Muhammad Sheeraz Khan,01-Mar-26,Pending,
1792,25/12/2025,Dec,Inspectest,Third Party Inspection/ Audit,Inspection of Lifting Equipments,Material Storage Racks - FGS,"Shelf,03 rack-4 Beam damaged should be replaced. Shelf 08, Rack 05 Bracing damaged.",High,Stores,Muhammad Sheeraz Khan,01-Mar-26,Pending,
1793,25/12/2025,Dec,Inspectest,Third Party Inspection/ Audit,Inspection of Lifting Equipments,Material Storage Racks - FGS,"Shelf 1,2,3,4,5,9 Rack-5 Bracing damaged. Beam 08 Reck-6 bracing damaged should be replaced",High,Stores,Muhammad Sheeraz Khan,01-Mar-26,Pending,
1794,25/12/2025,Dec,Inspectest,Third Party Inspection/ Audit,Inspection of Lifting Equipments,Material Storage Racks - FGS,"Shelf 1,2,3,4,5 Rack-7 bracing damaged. Shelf 1 to 5 Rack-9 bracing damaged. Shelf 1,4,5 Rack-10 bracing damaged.",High,Stores,Muhammad Sheeraz Khan,01-Mar-26,Pending,
1795,25/12/2025,Dec,Inspectest,Third Party Inspection/ Audit,Inspection of Lifting Equipments,Material Storage Racks - FGS,Rack-14 Beam 04 serve bend observed should be replaced.,High,Stores,Muhammad Sheeraz Khan,01-Mar-26,Pending,
1796,25/12/2025,Dec,Inspectest,Third Party Inspection/ Audit,Inspection of Lifting Equipments,Material Storage Racks - FGS,Cleaning of equipment is required,Low,Stores,Muhammad Sheeraz Khan,01-Mar-26,Done,
1797,25/12/2025,Dec,Inspectest,Third Party Inspection/ Audit,Inspection of Lifting Equipments,Minorial Electric Power Hoist- L10 CUTTING,"Wire Rope end termination should be Maintained with socket. Mechanical end stoper should be installed.
",High,PRD,Hammad Ali Khan,01-Mar-26,Pending,
1798,25/12/2025,Dec,Inspectest,Third Party Inspection/ Audit,Inspection of Lifting Equipments,Minorial Electric Power Hoist- L10 CUTTING,Hook safety latch should be provided.,High,PRD,Hammad Ali Khan,01-Mar-26,Pending,
1799,25/12/2025,Dec,Inspectest,Third Party Inspection/ Audit,Inspection of Lifting Equipments,Minorial Electric Power Hoist- L10 CUTTING,"Trolley limit switches, Upper and lower limit switch should be provided. Pully Block Damage should be replace.",High,PRD,Hammad Ali Khan,01-Mar-26,Pending,
1800,25/12/2025,Dec,Inspectest,Third Party Inspection/ Audit,Inspection of Lifting Equipments,Minorial Electric Power Hoist- L10 CUTTING,Winch wire rope guider should be install improper reeving on which drum.,High,PRD,Hammad Ali Khan,01-Mar-26,Pending,
1801,25/12/2025,Dec,Inspectest,Third Party Inspection/ Audit,Inspection of Lifting Equipments,Minorial Electric Power Hoist- L10 CUTTING,Cleaning of equipment is required,Low,Stores,Muhammad Sheeraz Khan,01-Mar-26,Done,
1802,25/12/2025,Dec,Inspectest,Third Party Inspection/ Audit,Inspection of Lifting Equipments,Minorial Electric Power Hoist - L-7 Cutting,"Wire Rope end termination should be Maintained with socket. Mechanical end stoper should be installed.
",High,PRD,Hammad Ali Khan,01-Mar-26,Pending,
1803,25/12/2025,Dec,Inspectest,Third Party Inspection/ Audit,Inspection of Lifting Equipments,Minorial Electric Power Hoist - L-7 Cutting,Hook safety latch should be provided.,High,PRD,Hammad Ali Khan,01-Mar-26,Pending,
1804,25/12/2025,Dec,Inspectest,Third Party Inspection/ Audit,Inspection of Lifting Equipments,Minorial Electric Power Hoist - L-7 Cutting,".Trolley limit switches, Upper and lower limit switch should be provided. Pully Block Damage should be replace.",High,PRD,Hammad Ali Khan,01-Mar-26,Pending,
1805,25/12/2025,Dec,Inspectest,Third Party Inspection/ Audit,Inspection of Lifting Equipments,Minorial Electric Power Hoist - L-7 Cutting,Winch wire rope guider should be install improper reeving on which drum.,High,PRD,Hammad Ali Khan,01-Mar-26,Pending,
1806,25/12/2025,Dec,Inspectest,Third Party Inspection/ Audit,Inspection of Lifting Equipments,Minorial Electric Power Hoist - L-7 Cutting,Cleaning of equipment is required,Low,Stores,Muhammad Sheeraz Khan,01-Mar-26,Done,
1807,25/12/2025,Dec,Inspectest,Third Party Inspection/ Audit,Inspection of Lifting Equipments,Minorial Electric Power Hoist - L-9 Cutting,"Wire Rope end termination should be Maintained with socket. Mechanical end stoper should be installed.
",High,PRD,Hammad Ali Khan,01-Mar-26,Pending,
1808,25/12/2025,Dec,Inspectest,Third Party Inspection/ Audit,Inspection of Lifting Equipments,Minorial Electric Power Hoist - L-9 Cutting,Hook safety latch should be provided.,High,PRD,Hammad Ali Khan,01-Mar-26,Pending,
1809,25/12/2025,Dec,Inspectest,Third Party Inspection/ Audit,Inspection of Lifting Equipments,Minorial Electric Power Hoist - L-9 Cutting,"Trolley limit switches, Upper and lower limit switch should be provided. Pully Block Damage should be replace.",High,PRD,Hammad Ali Khan,01-Mar-26,Pending,
1810,25/12/2025,Dec,Inspectest,Third Party Inspection/ Audit,Inspection of Lifting Equipments,Minorial Electric Power Hoist - L-9 Cutting, Winch wire rope guider should be install improper reeving on which drum.,High,PRD,Hammad Ali Khan,01-Mar-26,Pending,
1811,25/12/2025,Dec,Inspectest,Third Party Inspection/ Audit,Inspection of Lifting Equipments,Minorial Electric Power Hoist - L-9 Cutting,Cleaning of equipment is required,Low,Stores,Muhammad Sheeraz Khan,01-Mar-26,Done,
1812,25/12/2025,Dec,Inspectest,Third Party Inspection/ Audit,Inspection of Lifting Equipments,Minorial Electric Power Hoist - L-4 Cutting,Wire Rope end termination should be Maintained with socket. Mechanical end stoper should be installed.,High,PRD,Hammad Ali Khan,01-Mar-26,Pending,
1813,25/12/2025,Dec,Inspectest,Third Party Inspection/ Audit,Inspection of Lifting Equipments,Minorial Electric Power Hoist - L-4 Cutting,Hook safety latch should be provided.,High,PRD,Hammad Ali Khan,01-Mar-26,Pending,
1814,25/12/2025,Dec,Inspectest,Third Party Inspection/ Audit,Inspection of Lifting Equipments,Minorial Electric Power Hoist - L-4 Cutting,"Trolley limit switches, Upper and lower limit switch should be provided. Pully Block Damage should be replace.",High,PRD,Hammad Ali Khan,01-Mar-26,Pending,
1815,25/12/2025,Dec,Inspectest,Third Party Inspection/ Audit,Inspection of Lifting Equipments,Minorial Electric Power Hoist - L-4 Cutting, Winch wire rope guider should be install improper reeving on which drum.,High,PRD,Hammad Ali Khan,01-Mar-26,Pending,
1816,25/12/2025,Dec,Inspectest,Third Party Inspection/ Audit,Inspection of Lifting Equipments,Minorial Electric Power Hoist - L-4 Cutting,Cleaning of equipment is required,Low,Stores,Muhammad Sheeraz Khan,01-Mar-26,Done,
1817,25/12/2025,Dec,Inspectest,Third Party Inspection/ Audit,Inspection of Lifting Equipments,Electric Operated Chain Block - ESD WORKSHOP,No any Major Observation,High,ESD,Adeel Siddiqui  ,01-Mar-26,Done,
1818,25/12/2025,Dec,Inspectest,Third Party Inspection/ Audit,Inspection of Lifting Equipments,Electric Operated Chain Block - ESD WORKSHOP,Cleaning of equipment is required,Low,Stores,Muhammad Sheeraz Khan,01-Mar-26,Done,
1819,25/12/2026,Dec,Inspectest,Third Party Inspection/ Audit,Inspection of Lifting Equipments,Electric Operated Chain Block - ESD WORKSHOP,Fire Extinguisher not avaialble,High,Stores,Muhammad Sheeraz Khan,02-Mar-26,Pending,
1820,25/12/2025,Dec,Inspectest,Third Party Inspection/ Audit,Inspection of Lifting Equipments,Hydrullic Reach Truck (Battery Operated) - B100,-,High,Stores,Muhammad Sheeraz Khan,01-Mar-26,Done,
1821,25/12/2025,Dec,Inspectest,Third Party Inspection/ Audit,Inspection of Lifting Equipments,Hydrullic Reach Truck (Battery Operated) - B100,Cleaning of equipment is required,Low,Stores,Muhammad Sheeraz Khan,01-Mar-26,Done,
1822,25/12/2025,Dec,Inspectest,Third Party Inspection/ Audit,Inspection of Lifting Equipments,Hydrullic Reach Truck (Battery Operated) - B100,No any Major Observation,High,Stores,Muhammad Sheeraz Khan,01-Mar-26,Done,
1823,25/12/2025,Dec,Inspectest,Third Party Inspection/ Audit,Inspection of Lifting Equipments,Hydrullic Reach Truck (Battery Operated) - B100,Cleaning of equipment is required,Low,Stores,Muhammad Sheeraz Khan,01-Mar-26,Done,
1824,25/12/2025,Dec,Inspectest,Third Party Inspection/ Audit,Inspection of Lifting Equipments,Hydrullic Pallet Stacker (Battery Operated) - FGS,No any Major Observation,High,Stores,Muhammad Sheeraz Khan,01-Mar-26,Done,
1825,25/12/2025,Dec,Inspectest,Third Party Inspection/ Audit,Inspection of Lifting Equipments,Hydrullic Pallet Stacker (Battery Operated) - FGS,Cleaning of equipment is required,Low,Stores,Muhammad Sheeraz Khan,01-Mar-26,Done,
1826,21/05/2026,June,Yaseen ,Critical / Specialist Audit Plan,Project Site Audit,Project sites,"Poor housekeeping was observed, with materials stored in an unsafe and unsegregated manner, creating potential safety and access hazards.",Medium,PRJ,Khurram Raza,Immediate,Pending,
1827,21/05/2026,June,Yaseen ,Critical / Specialist Audit Plan,Project Site Audit,Project sites,"An unsafe electrical connection was observed for a power tool, creating a potential risk of electric shock and equipment damage.",High,PRJ,Khurram Raza,Immediate,Done,
1828,21/05/2026,June,Yaseen ,Critical / Specialist Audit Plan,Project Site Audit,Project sites,"A worker was observed performing hot work without wearing safety shoes properly, increasing the risk of foot injuries from sparks, hot metal, and falling objects.",High,PRJ,Khurram Raza,Immediate,Done,
1829,21/05/2026,June,Yaseen ,Critical / Specialist Audit Plan,Project Site Audit,Project sites,"A gas cylinder was found lying on the ground and stored in an unsafe manner, creating a risk of damage, leakage, and accidental movement.",High,PRJ,Khurram Raza,Immediate,Done,
1830,21/05/2026,June,Yaseen ,Critical / Specialist Audit Plan,Project Site Audit,Project sites,"A grinder was found without a safety guard, and exposed/bare wiring was observed on the electrical connection, creating risks of injury, electric shock, and equipment-related incidents.",High,PRJ,Khurram Raza,Immediate,Done,
1831,21/05/2026,June,Yaseen ,Critical / Specialist Audit Plan,Project Site Audit,Project sites,"Poor housekeeping was observed, with materials stored in an unsafe and unsegregated manner, creating potential safety and access hazards.",Medium,PRJ,Khurram Raza,Immediate,Pending,
1832,21/05/2026,June,Yaseen ,Critical / Specialist Audit Plan,Project Site Audit,Project sites,"Poor housekeeping was observed, with materials stored in an unsafe and unsegregated manner, creating potential safety and access hazards.",Medium,PRJ,Khurram Raza,Immediate,Pending,
1833,21/05/2026,June,Yaseen ,Critical / Specialist Audit Plan,Project Site Audit,Project sites,"A substandard electrical distribution board was observed in use, along with a two-pin plug, creating potential risks of electric shock, overheating, and improper grounding.",High,ESD,Adeel Siddiqui  ,Immediate,Pending,
1834,21/05/2026,June,Yaseen ,Critical / Specialist Audit Plan,Project Site Audit,Project sites,"Poor housekeeping was observed, with materials stored in an unsafe and unsegregated manner, creating potential safety and access hazards.",Medium,PRJ,Khurram Raza,Immediate,Pending,
1835,21/05/2026,June,Yaseen ,Critical / Specialist Audit Plan,Project Site Audit,Project sites,"A worker was observed working at height without a safety helmet and without a proper working platform, creating a significant risk of head injury and fall-related accidents.",High,PRJ,Khurram Raza,Immediate,Done,
1836,21/05/2026,June,Yaseen ,Critical / Specialist Audit Plan,Project Site Audit,Project sites,"Workers were observed performing their tasks without safety goggles and protective gloves, exposing them to the risk of eye and hand injuries.",Medium,PRJ,Khurram Raza,Immediate,Done,
1837,21/05/2026,June,Yaseen ,Critical / Specialist Audit Plan,Project Site Audit,Project sites,"Poor housekeeping was observed, with materials stored in an unsafe and unsegregated manner, creating potential safety and access hazards.",Medium,PRJ,Khurram Raza,Immediate,Done,
1838,15/05/2026,June,Yaseen ,Critical / Specialist Audit Plan,Cutting/Mixing/Washing Area,Mixing,"The protective side guard installed on the pillar was found damaged and partially removed, reducing protection against accidental impact.",Medium,ADM IR & HR,Shahid Bashir,06-Jul-26,Done,
1839,15/05/2026,June,Yaseen ,Critical / Specialist Audit Plan,Cutting/Mixing/Washing Area,Mixing,"Combustible materials were stored directly in front of the electrical distribution (DB) panel, creating a potential fire hazard and obstructing emergency access.",High,PRD,Hammad Ali Khan,Immediate,Done,
1840,15/05/2026,June,Yaseen ,Critical / Specialist Audit Plan,Cutting/Mixing/Washing Area,Mixing,"Combustible materials were stored directly in front of the electrical distribution (DB) panel, creating a potential fire hazard and obstructing emergency access.",High,PRD,Hammad Ali Khan,Immediate,Done,
1841,15/05/2026,June,Yaseen ,Critical / Specialist Audit Plan,Cutting/Mixing/Washing Area,Mixing,"Water was observed dripping from the mixer, creating a slip hazard and indicating possible equipment leakage requiring immediate attention.",High,ESD,Adeel Siddiqui  ,08-Jul-26,Pending,
1842,15/05/2026,June,Yaseen ,Critical / Specialist Audit Plan,Cutting/Mixing/Washing Area,Mixing,"The locking mechanism of the electrical DB panel was found damaged, allowing unauthorized access to energized electrical components.",Medium,ESD,Adeel Siddiqui  ,06-Jul-26,Done,
1843,15/05/2026,June,Yaseen ,Critical / Specialist Audit Plan,Cutting/Mixing/Washing Area,Mixing,"Materials were stacked in an unsafe manner and placed on designated walkways, creating trip hazards and obstructing safe movement.",Medium,PRD,Hammad Ali Khan,Immediate,Done,
1844,15/05/2026,June,Yaseen ,Critical / Specialist Audit Plan,Cutting/Mixing/Washing Area,Mixing,"The safety interlocking system of the mixer was found non-functional, allowing operation without the required safety protection.",High,ESD,Adeel Siddiqui  ,08-Jul-26,Pending,
1845,15/05/2026,June,Yaseen ,Critical / Specialist Audit Plan,Cutting/Mixing/Washing Area,Mixing,"The mixer safety net was found loose and inadequately secured, increasing the risk of contact with moving parts.",High,ESD,Adeel Siddiqui  ,Immediate,Pending,
1846,15/05/2026,June,Yaseen ,Critical / Specialist Audit Plan,Cutting/Mixing/Washing Area,Mixing,"The mixer safety net was completely removed, exposing workers to rotating machinery and entanglement hazards.",High,ESD,Adeel Siddiqui  ,Immediate,Pending,
1847,15/05/2026,June,Yaseen ,Critical / Specialist Audit Plan,Cutting/Mixing/Washing Area,Mixing,"Materials were stored unsafely on walkways, restricting access and increasing the risk of slips, trips, and falls.",Medium,PRD,Hammad Ali Khan,Immediate,Done,
1848,15/05/2026,June,Yaseen ,Critical / Specialist Audit Plan,Cutting/Mixing/Washing Area,Mixing,"Electrical insulating rubber mats were missing in front of the DB panels, exposing personnel to increased electrical shock risk during operation.",High,ESD,Adeel Siddiqui  ,15-Jul-26,Pending,
1849,15/05/2026,June,Yaseen ,Critical / Specialist Audit Plan,Cutting/Mixing/Washing Area,Cutting,"A crack was observed on the welding joint of the dough lifter, which may result in structural failure during operation.",High,ESD,Adeel Siddiqui  ,08-Jul-26,Done,
1850,15/05/2026,June,Yaseen ,Critical / Specialist Audit Plan,Cutting/Mixing/Washing Area,Cutting,"The floor surface was found damaged, creating an uneven walking surface and increasing the risk of trips and falls.",Low,ADM IR & HR,Shahid Bashir,08-Jul-26,Done,
1851,15/05/2026,June,Yaseen ,Critical / Specialist Audit Plan,Cutting/Mixing/Washing Area,Cutting,"A PPE storage box was available; however, no personal protective equipment was present inside for workers' use.",Medium,PRD,Hammad Ali Khan,Immediate,Done,
1852,15/05/2026,June,Yaseen ,Critical / Specialist Audit Plan,Cutting/Mixing/Washing Area,Cutting,Inadequate safe working clearance was maintained in front of the electrical DB panel due to stored materials.,High,ESD,Adeel Siddiqui  ,20-Jul-26,Pending,
1853,15/05/2026,June,Yaseen ,Critical / Specialist Audit Plan,Cutting/Mixing/Washing Area,Cutting,"The safety cover of the cutting roller was found removed, exposing rotating parts and creating an entanglement hazard.",High,PRD,Hammad Ali Khan,06-Jul-26,Done,
1854,15/05/2026,June,Yaseen ,Critical / Specialist Audit Plan,Cutting/Mixing/Washing Area,Cutting,Electrical insulating rubber mats were missing in front of the DB panels.,High,ESD,Adeel Siddiqui  ,15-Jul-26,Pending,
1855,15/05/2026,June,Yaseen ,Critical / Specialist Audit Plan,Cutting/Mixing/Washing Area,Cutting,"Shift handover tools were being used as seating, resulting in misuse of equipment and poor housekeeping practices.",High,PRD,Hammad Ali Khan,Immediate,Done,
1856,15/05/2026,June,Yaseen ,Critical / Specialist Audit Plan,Cutting/Mixing/Washing Area,Cutting,"Oil leakage was observed from the dough lifter, creating both slip hazards and potential equipment malfunction.",High,ESD,Adeel Siddiqui  ,20-Jul-26,Pending,
1857,15/05/2026,June,Yaseen ,Critical / Specialist Audit Plan,Cutting/Mixing/Washing Area,Cutting,"Oil leakage was observed from the dough lifter, creating both slip hazards and potential equipment malfunction.",High,ESD,Adeel Siddiqui  ,20-Jul-26,Pending,
1858,15/05/2026,June,Yaseen ,Critical / Specialist Audit Plan,Cutting/Mixing/Washing Area,Cutting,"One side of the dough lifter was found without the required pipe arrangement, preventing installation of the chain or interlocking safety system.",High,ESD,Adeel Siddiqui  ,20-Jul-26,Pending,
1859,15/05/2026,June,Yaseen ,Critical / Specialist Audit Plan,Cutting/Mixing/Washing Area,Cutting,"Materials were stacked in front of the cutting platform, blocking designated walkways and restricting safe access.",Medium,PRD,Hammad Ali Khan,Immediate,Done,
1860,15/05/2026,June,Yaseen ,Critical / Specialist Audit Plan,Cutting/Mixing/Washing Area,Cutting,"The safety net of the dough lifter was found damaged, reducing protection against contact with moving components.",Medium,ESD,Adeel Siddiqui  ,08-Jul-26,Pending,
1861,15/05/2026,June,Yaseen ,Critical / Specialist Audit Plan,Cutting/Mixing/Washing Area,Cutting,"Despite existing interim and engineering controls, the dough lifter was found operating without the required safety chain.",High,PRD,Hammad Ali Khan,Immediate,Pending,
1862,15/05/2026,June,Yaseen ,Critical / Specialist Audit Plan,Cutting/Mixing/Washing Area,Cutting,"Materials were stacked in an unstable and unsafe manner, increasing the risk of falling objects and workplace congestion.",Medium,PRD,Hammad Ali Khan,Immediate,Done,
1863,15/05/2026,June,Yaseen ,Critical / Specialist Audit Plan,Cutting/Mixing/Washing Area,Washing Area B-62,"Water accumulation created a slippery floor condition, significantly increasing the risk of slip-and-fall incidents.",High,PRD,Hammad Ali Khan,30-Jul-26,Pending,
1864,15/05/2026,June,Yaseen ,Critical / Specialist Audit Plan,Cutting/Mixing/Washing Area,Washing Area B-62,"No access control measures were provided at the washing area, allowing unrestricted entry into the hazardous work zone.",High,PRD,Hammad Ali Khan,20-Jul-26,Pending,
1865,15/05/2026,June,Yaseen ,Critical / Specialist Audit Plan,Cutting/Mixing/Washing Area,Washing Area B-62,"A drain cover was found missing, leaving an open drain that presented a serious trip and fall hazard.",High,PRD,Hammad Ali Khan,10-Jul-26,Pending,
1866,15/05/2026,June,Yaseen ,Critical / Specialist Audit Plan,Cutting/Mixing/Washing Area,Washing Area B-62,Janitorial personnel were observed working without anti-slip safety footwear in the wet washing area.,High,ADM IR & HR,Shahid Bashir,30-Jul-26,Pending,
1867,15/05/2026,June,Yaseen ,Critical / Specialist Audit Plan,Cutting/Mixing/Washing Area,Washing Area B-62,"Poor housekeeping was observed inside the washing area and mould room, where materials were scattered throughout the workplace, creating slip, trip, and obstruction hazards.",Medium,PRD,Hammad Ali Khan,30-Jul-26,Pending,
1868,21/01/2026,Jan,Kashif,Critical / Specialist Audit Plan,Inpection of Non Industrial Fans,Gate-1 Clerk Office,Plastic Non Industrial Fan is installed need to replace with metal fans,High,ESD,Adeel Siddiqui  ,12-Jul-26,Done,
1869,21/01/2026,Jan,Kashif,Critical / Specialist Audit Plan,Inpection of Non Industrial Fans,Gate-3 guards sitting area,Plastic Non Industrial Fan is installed need to replace with metal fans,High,ESD,Adeel Siddiqui  ,13-Jul-26,Done,
1870,21/01/2026,Jan,Kashif,Critical / Specialist Audit Plan,Inpection of Non Industrial Fans,FGS office,Plastic Non Industrial Fan is installed need to replace with metal fans,High,ESD,Adeel Siddiqui  ,14-Jul-26,Done,
1871,21/01/2026,Jan,Kashif,Critical / Specialist Audit Plan,Inpection of Non Industrial Fans,Line-11 office area,Plastic Non Industrial Fan is installed need to replace with metal fans,High,ESD,Adeel Siddiqui  ,15-Jul-26,Done,
1872,21/01/2026,Jan,Kashif,Critical / Specialist Audit Plan,Inpection of Non Industrial Fans,Printer room infront of Line-1 pack,Plastic Non Industrial Fan is installed need to replace with metal fans,High,ESD,Adeel Siddiqui  ,16-Jul-26,Done,
1873,21/01/2026,Jan,Kashif,Critical / Specialist Audit Plan,Inpection of Non Industrial Fans,Silo area,Plastic Non Industrial Fan is installed need to replace with metal fans,High,ESD,Adeel Siddiqui  ,17-Jul-26,Done,
1874,21/01/2026,Jan,Kashif,Critical / Specialist Audit Plan,Inpection of Non Industrial Fans,Line-11 Flour room,Plastic Non Industrial Fan is installed need to replace with metal fans,High,ESD,Adeel Siddiqui  ,18-Jul-26,Done,
1875,21/01/2026,Jan,Kashif,Critical / Specialist Audit Plan,Inpection of Non Industrial Fans,RMS 1st Floor Flour room,Plastic Non Industrial Fan is installed need to replace with metal fans,High,ESD,Adeel Siddiqui  ,19-Jul-26,Done,
1876,21/01/2026,Jan,Kashif,Critical / Specialist Audit Plan,Inpection of Non Industrial Fans,Q.C Lab ,Plastic Non Industrial Fan is installed need to replace with metal fans,High,ESD,Adeel Siddiqui  ,20-Jul-26,Done,
1877,21/01/2026,Jan,Kashif,Critical / Specialist Audit Plan,Inpection of Non Industrial Fans,PRD Manager office,Plastic Non Industrial Fan is installed need to replace with metal fans,High,ESD,Adeel Siddiqui  ,21-Jul-26,Done,
1878,21/01/2026,Jan,Kashif,Critical / Specialist Audit Plan,Inpection of Non Industrial Fans,Near Scada system,Plastic Non Industrial Fan is installed need to replace with metal fans,High,ESD,Adeel Siddiqui  ,22-Jul-26,Pending,
1879,21/01/2026,Jan,Kashif,Critical / Specialist Audit Plan,Inpection of Non Industrial Fans,RMS office,Plastic Non Industrial Fan is installed need to replace with metal fans,High,ESD,Adeel Siddiqui  ,23-Jul-26,Pending,
1880,21/01/2026,Jan,Kashif,Critical / Specialist Audit Plan,Inpection of Non Industrial Fans,RMS Entrance G.F,Plastic Non Industrial Fan is installed need to replace with metal fans,High,ESD,Adeel Siddiqui  ,24-Jul-26,Pending,
1881,21/01/2026,Jan,Kashif,Critical / Specialist Audit Plan,Inpection of Non Industrial Fans,PMS office,Plastic Non Industrial Fan is installed need to replace with metal fans,High,ESD,Adeel Siddiqui  ,25-Jul-26,Pending,
1882,21/01/2026,Jan,Kashif,Critical / Specialist Audit Plan,Inpection of Non Industrial Fans,ESD Store office,Plastic Non Industrial Fan is installed need to replace with metal fans,High,ESD,Adeel Siddiqui  ,26-Jul-26,Pending,
1883,07/02/2026,July,Yaseen ,Critical / Specialist Audit Plan,New Girls Canteen Survey,New Girls Canteen,"Several  benches were found with inadequate structural supports, making them unstable during normal use and increasing the likelihood of collapse under load.",High,ADM IR & HR,Shahid Bashir,09-Jul-26,Done,
1884,07/02/2026,July,Yaseen ,Critical / Specialist Audit Plan,New Girls Canteen Survey,New Girls Canteen,"The locker room was observed to have open access without proper windows, allowing insects and pests to enter the area and creating an unhygienic environment.",Medium,ADM IR & HR,Shahid Bashir,09-Jul-26,Done,
1885,07/02/2026,July,Yaseen ,Critical / Specialist Audit Plan,New Girls Canteen Survey,New Girls Canteen,"A protruding screw was observed on the walkway near a low beam, creating a snagging and tripping hazard that could result in personnel falling while passing through the area.",High,ADM IR & HR,Shahid Bashir,10-Jul-26,Done,
1886,07/02/2026,July,Yaseen ,Critical / Specialist Audit Plan,New Girls Canteen Survey,New Girls Canteen,"Several lockers were found improperly aligned and not adequately secured, creating a risk of tipping over and causing injury to personnel.",High,ADM IR & HR,Shahid Bashir,09-Jul-26,Done,
1887,07/02/2026,July,Yaseen ,Critical / Specialist Audit Plan,New Girls Canteen Survey,New Girls Canteen,"Pipes and overhead beams were obstructing the designated walkway, forcing personnel to navigate around obstacles and increasing the risk of slip, trip, and fall incidents.",High,ADM IR & HR,Shahid Bashir,10-Jul-26,Done,
1888,07/02/2026,July,Yaseen ,Critical / Specialist Audit Plan,New Girls Canteen Survey,New Girls Canteen,"Heat monitoring conducted in the canteen recorded a temperature of 41°C, indicating excessive heat exposure that may lead to heat stress, dehydration, and discomfort for employees.",High,ESD,Adeel Siddiqui  ,10-Jul-26,Done,
1889,07/02/2026,July,Yaseen ,Critical / Specialist Audit Plan,New Girls Canteen Survey,New Girls Canteen,"A staircase was found to be substandard and unstable, with inadequate structural stability that may cause loss of balance and falls during use.",High,ADM IR & HR,Shahid Bashir,09-Jul-26,Done,
1890,07/02/2026,July,Yaseen ,Critical / Specialist Audit Plan,New Girls Canteen Survey,New Girls Canteen,"Uneven flooring was observed in the area, creating an unsafe walking surface and increasing the likelihood of slips, trips, and falls.",High,ADM IR & HR,Shahid Bashir,10-Jul-26,Done,
1891,07/02/2026,July,Yaseen ,Critical / Specialist Audit Plan,New Girls Canteen Survey,New Girls Canteen,"The gift room entrance was found open without any safety barrier or green net, allowing unrestricted access and increasing the risk of unauthorized entry and accidental exposure to stored materials.",Medium,ADM IR & HR,Shahid Bashir,09-Jul-26,Pending,
1892,07/02/2026,July,Yaseen ,Critical / Specialist Audit Plan,New Girls Canteen Survey,New Girls Canteen,"The cable tray was found damaged, with electrical cables protruding outside the tray, increasing the risk of cable damage, electrical short circuits, and electric shock.",High,ADM IR & HR,Shahid Bashir,08-Jul-26,Pending,
1893,07/02/2026,July,Yaseen ,Critical / Specialist Audit Plan,New Girls Canteen Survey,New Girls Canteen,"Obstructions were present along the access route to the prayer area, requiring personnel to step over them and significantly increasing the risk of slip, trip, and fall incidents.",High,ADM IR & HR,Shahid Bashir,10-Jul-26,Pending,
1894,07/02/2026,July,Yaseen ,Critical / Specialist Audit Plan,New Girls Canteen Survey,New Girls Canteen,"Exposed pipes passing through the locker area were found without adequate protection, making them susceptible to accidental impact, damage, and potential leakage.",High,ESD,Adeel Siddiqui  ,09-Jul-26,Pending,
1895,07/02/2026,July,Yaseen ,Critical / Specialist Audit Plan,New Girls Canteen Survey,New Girls Canteen,"Uneven flooring combined with obstructions was observed in the walking path, forcing employees to step over obstacles and creating a significant trip hazard.",High,ADM IR & HR,Shahid Bashir,10-Jul-26,Pending,
1896,07/02/2026,July,Yaseen ,Critical / Specialist Audit Plan,New Girls Canteen Survey,New Girls Canteen,"A pedestal fan was placed for ventilation; however, its protective guard was missing, exposing the rotating blades and creating a risk of contact with hands, clothing, or loose objects.",High,ESD ,Adeel Siddiqui  ,08-Jul-26,Pending,
1897,07/02/2026,July,Yaseen ,Critical / Specialist Audit Plan,New Girls Canteen Survey,New Girls Canteen,"Multiple benches were found with incomplete welding and open structural joints, reducing their strength and creating a risk of structural failure during use.",High,ADM IR & HR,Shahid Bashir,08-Jul-26,Done,
1898,07/02/2026,July,Yaseen ,Critical / Specialist Audit Plan,New Girls Canteen Survey,New Girls Canteen,"Sharp edges were observed on the exposed beams, creating a risk of cuts, bruises, and head injuries to personnel passing through the area.",High,HSE,Naveed Taqvi,09-Jul-26,Done,
1899,07/02/2026,July,Yaseen ,Critical / Specialist Audit Plan,New Girls Canteen Survey,New Girls Canteen,"The crossover was found without side railings and was not securely fixed, creating a risk of instability and falls while being used by workers.",High,ADM IR & HR,Shahid Bashir,10-Jul-26,Done,
1900,07/02/2026,July,Yaseen ,Critical / Specialist Audit Plan,New Girls Canteen Survey,New Girls Canteen,"A permanent crossover is required with railing to allow safe movement of workers across the area, as employees currently have to step over obstacles, increasing the risk of slips, trips, and falls.",High,ADM IR & HR,Shahid Bashir,10-Jul-26,Done,
1901,13/05/2026,May,Kashif,Critical / Specialist Audit Plan,Oil Tank Rooms Inpection,OIL Tank Rooms,No shell-to-shell clearance between tanks violating NFPA 30. Ensure proper spacing or provide fire-rated barriers.,High,Stores,Muhammad Sheeraz Khan,01-Jul-26,Pending,
1902,13/05/2026,May,Kashif,Critical / Specialist Audit Plan,Oil Tank Rooms Inpection,OIL Tank Rooms,Overfill protection systems such as high-level alarms are absent. Install high-level alarms and overfill protection systems.,High,Stores,Muhammad Sheeraz Khan,01-Jul-26,Pending,
1903,13/05/2026,May,Kashif,Critical / Specialist Audit Plan,Oil Tank Rooms Inpection,OIL Tank Rooms,Periodic inspection records are unavailable indicating API 653 non-compliance. Establish and maintain inspection records as per API 653.,Medium,Stores,Muhammad Sheeraz Khan,08-Aug-26,Pending,
1904,13/05/2026,May,Kashif,Critical / Specialist Audit Plan,Oil Tank Rooms Inpection,OIL Tank Rooms,Grounding is inconsistent and missing in some areas. Provide complete bonding and grounding system.,High,ESD,Adeel Siddiqui  ,01-Jul-26,Pending,
1905,13/05/2026,May,Kashif,Critical / Specialist Audit Plan,Oil Tank Rooms Inpection,OIL Tank Rooms,Lightning protection is not applicable due to indoor installation. No action required; maintain record for compliance.,Medium,ESD,Adeel Siddiqui  ,NA,Done,
1906,13/05/2026,May,Kashif,Critical / Specialist Audit Plan,Oil Tank Rooms Inpection,OIL Tank Rooms,Minor flange leakages were identified and rectified. Ensure periodic inspection to prevent recurrence.,Low,ESD,Adeel Siddiqui  ,NA,Done,
1907,13/05/2026,May,Kashif,Critical / Specialist Audit Plan,Oil Tank Rooms Inpection,OIL Tank Rooms,Fire extinguishers of suitable type are installed as per requirements. Maintain inspection and always ensure validity.,High,HSE,Naveed Taqvi,NA,Done,
1908,13/05/2026,May,Kashif,Critical / Specialist Audit Plan,Oil Tank Rooms Inpection,OIL Tank Rooms,Firewater coverage is inadequate with limited hose reels. Install additional hose reels to ensure adequate coverage at oil tank room 2 & 3.,High,HSE,Naveed Taqvi,01-Jul-26,Pending,Subject to budget approval
1909,13/05/2026,May,Kashif,Critical / Specialist Audit Plan,Oil Tank Rooms Inpection,OIL Tank Rooms,"API 650 certification unavailable with foundation cracks and settlement observed. Conduct structural assessment, repairs, and obtain certification.",Medium,ESD,Adeel Siddiqui  ,08-Aug-26,Pending,
1910,13/05/2026,May,Kashif,Critical / Specialist Audit Plan,Oil Tank Rooms Inpection,OIL Tank Rooms,Tank spacing does not meet NFPA 30 requirements except Line 11. Modify layout or implement fire protection measures.,Medium,ESD,Adeel Siddiqui  ,08-Aug-26,Pending,
1911,13/05/2026,May,Kashif,Critical / Specialist Audit Plan,Oil Tank Rooms Inpection,OIL Tank Rooms,Stainless steel tanks lack external corrosion protection. Apply protective coating or install cathodic protection.,Medium,ESD,Adeel Siddiqui  ,08-Aug-26,Pending,
1912,13/05/2026,May,Kashif,Critical / Specialist Audit Plan,Oil Tank Rooms Inpection,OIL Tank Rooms,Emergency venting arrangements are not installed. Install emergency vents to prevent overpressure.,High,ESD,Adeel Siddiqui  ,01-Jul-26,Pending,
1913,13/05/2026,May,Kashif,Critical / Specialist Audit Plan,Oil Tank Rooms Inpection,OIL Tank Rooms,Bund walls are insufficient for spill containment. Increase capacity and ensure proper integrity without cracks or leakage,High,PRJ,Khurram Raza,01-Aug-26,Pending,
1914,13/05/2026,May,Kashif,Critical / Specialist Audit Plan,Oil Tank Rooms Inpection,OIL Tank Rooms,Tank Rooms 2 and 3 lack ventilation. Install adequate ventilation systems to prevent vapor buildup.,High,ESD,Adeel Siddiqui  ,01-Jul-26,Pending,
1915,13/05/2026,May,Kashif,Critical / Specialist Audit Plan,Oil Tank Rooms Inpection,OIL Tank Rooms,“No Smoking” and hazard signage is displayed and compliant. Ensure continuous visibility and maintenance of signage.,Low,HSE,Naveed Taqvi,Immediate,Done,
1916,13/05/2026,May,Kashif,Critical / Specialist Audit Plan,Oil Tank Rooms Inpection,OIL Tank Rooms,Tank areas are not secured allowing unsafe practices. Implement access control and restrict unauthorized entry.,High,Stores,Muhammad Sheeraz Khan,01-Jul-26,Pending,
1917,13/05/2026,May,Kashif,Critical / Specialist Audit Plan,Oil Tank Rooms Inpection,OIL Tank Rooms,Eyewash facilities are not available within required proximity. Install eyewash stations near tank areas.,Medium,Stores,Muhammad Sheeraz Khan,08-Aug-26,Pending,
1918,13/05/2026,May,Kashif,Critical / Specialist Audit Plan,Oil Tank Rooms Inpection,OIL Tank Rooms,Emergency shutdown systems are not installed. Install ESD systems for rapid emergency isolation.,High,ESD,Adeel Siddiqui  ,01-Jul-26,Done,
1919,13/05/2026,May,Kashif,Critical / Specialist Audit Plan,Oil Tank Rooms Inpection,OIL Tank Rooms,"Level, temperature, and pressure monitoring instruments are not installed. Install necessary monitoring instruments.",High,ESD,Adeel Siddiqui  ,01-Jul-26,Pending,
1920,13/05/2026,May,Kashif,Critical / Specialist Audit Plan,Oil Tank Rooms Inpection,OIL Tank Rooms,Slippery monkey ladder without hand railing is unsafe for access; provide fixed anti-slip ladder/staircase with proper railing and conduct regular inspections to prevent slips and falls.,High,ESD,Adeel Siddiqui  ,01-Jul-26,Pending,
1921,13/05/2026,May,Kashif,Critical / Specialist Audit Plan,Oil Tank Rooms Inpection,OIL Tank Rooms,Open flame heating under tanks presents severe hazard with past near-miss history. Eliminate open flame heating and adopt safer alternatives.,High,Stores,Muhammad Sheeraz Khan,Immediate (within 7 days ? 08 Jun 2026),Pending,
1922,13/05/2026,May,Kashif,Critical / Specialist Audit Plan,Oil Tank Rooms Inpection,OIL Tank Rooms,No historical inspection and maintenance documentation is maintained. Develop and maintain proper inspection records.,Low,Stores,Muhammad Sheeraz Khan,31-Aug-26,Pending,
1923,13/05/2026,May,Kashif,Critical / Specialist Audit Plan,Oil Tank Rooms Inpection,OIL Tank Rooms,MSDS sheets are not displayed near tank areas. Display MSDS for all stored chemicals.,Medium,Stores,Muhammad Sheeraz Khan,08-Aug-26,Pending,
1924,13/05/2026,May,Kashif,Critical / Specialist Audit Plan,Oil Tank Rooms Inpection,OIL Tank Rooms,Safe access to valves is not provided requiring unsafe clibing. Provide proper platforms or access systems.,High,ESD,Adeel Siddiqui  ,01-Jul-26,Done,
1925,13/05/2026,May,Kashif,Critical / Specialist Audit Plan,Oil Tank Rooms Inpection,OIL Tank Rooms,Transfer pumps are unlabeled and lack bonding. Label pumps and ensure proper bonding and grounding.,High,ESD,Adeel Siddiqui  ,01-Jul-26,Pending,
1926,13/05/2026,May,Kashif,Critical / Specialist Audit Plan,Oil Tank Rooms Inpection,OIL Tank Rooms,Spill control equipment is not available at tank locations. Provide adequate spill kits.,High,Stores,Muhammad Sheeraz Khan,01-Jul-26,Pending,
1927,13/05/2026,May,Kashif,Critical / Specialist Audit Plan,Oil Tank Rooms Inpection,OIL Tank Rooms,Tanks are not labeled with product information. Clearly label all tanks with identification and hazards.,Low,Stores,Muhammad Sheeraz Khan,31-Aug-26,Pending,
1928,13/05/2026,May,Kashif,Critical / Specialist Audit Plan,Oil Tank Rooms Inpection,OIL Tank Rooms,Emergency response procedures are not displayed in tank areas. Display procedures prominently.,Medium,HSE,Naveed Taqvi,08-Aug-26,Pending,Subject to budget approval
1929,13/05/2026,May,Kashif,Critical / Specialist Audit Plan,Oil Tank Rooms Inpection,OIL Tank Rooms,Electrical installations are not explosion-proof. Upgrade to explosion-proof (Ex-rated) equipment.,High,ESD,Adeel Siddiqui  ,01-Jul-26,Done,
1930,13/05/2026,May,Kashif,Critical / Specialist Audit Plan,Oil Tank Rooms Inpection,OIL Tank Rooms,Fire alarm systems are installed and maintained as per standards. Ensure regular testing and maintenance.,High,HSE,Naveed Taqvi,NA,Done,
1931,13/05/2026,May,Kashif,Critical / Specialist Audit Plan,Oil Tank Rooms Inpection,OIL Tank Rooms,Civil structures of tank rooms are deteriorated. Repair and rehabilitate structural elements.,Medium,PRJ,Khurram Raza,08-Aug-26,Pending,
1932,13/05/2026,May,Kashif,Critical / Specialist Audit Plan,Oil Tank Rooms Inpection,OIL Tank Rooms,Illumination levels are below acceptable limits. Improve lighting to meet safety standards.,Medium,ESD,Adeel Siddiqui  ,08-Aug-26,Done,
1933,13/05/2026,May,Kashif,Critical / Specialist Audit Plan,Oil Tank Rooms Inpection,OIL Tank Rooms,Manholes are accessible for inspection. Ensure proper sealing and safe access during operations.,Low,ESD,Adeel Siddiqui  ,NA,Done,
1934,17/03/2026,March,Abbas Mehdi,Critical / Specialist Audit Plan,Cable Tray Survey,Fgs tunnel back side,"Loose cables and wiring were observed outside the cable tray, posing a risk of accidental contact with nearby metal structures and increasing the potential for electrical shock and short-circuit hazards.",High,ESD,Adeel Siddiqui  ,17/05/2026,Pending,
1935,17/03/2026,March,Abbas Mehdi,Critical / Specialist Audit Plan,Cable Tray Survey,Fgs tunnel back side,"Loose cables and wiring were observed outside the cable tray, posing a risk of accidental contact with nearby metal structures and increasing the potential for electrical shock and short-circuit hazards.",High,ESD,Adeel Siddiqui  ,17/05/2026,Pending,
1936,17/03/2026,March,Abbas Mehdi,Critical / Specialist Audit Plan,Cable Tray Survey,Fgs tunnel back side,"A cable was found lying on the ground with damaged insulation, posing a risk of electric shock, short circuit, and fire hazard due to exposed conductors.",High,ESD,Adeel Siddiqui  ,17/05/2026,Pending,
1937,17/03/2026,March,Abbas Mehdi,Critical / Specialist Audit Plan,Cable Tray Survey,Fgs tunnel back side,"Loose wires and cables were observed lying unattended without proper cable trays or conduit protection, posing a risk of electric shock, short circuit, and fire hazard.",High,ESD,Adeel Siddiqui  ,17/05/2026,Done,
1938,17/03/2026,March,Abbas Mehdi,Critical / Specialist Audit Plan,Cable Tray Survey,Fgs tunnel back side,"Live loose electrical cables and wiring were observed below the FGS tunnel, posing a serious risk of electric shock, short circuit, and fire hazard due to exposed energized conductors.",High,ESD,Adeel Siddiqui  ,17/05/2026,Pending,
1939,17/03/2026,March,Abbas Mehdi,Critical / Specialist Audit Plan,Cable Tray Survey,Gate 3,"Loose wiring and unauthorized tapping were observed inside the electrical distribution board (DB), creating a high risk of electrical hazard and fire.",High,ESD,Adeel Siddiqui  ,17/05/2026,Done,
1940,17/03/2026,March,Abbas Mehdi,Critical / Specialist Audit Plan,Cable Tray Survey,Oven roof Near geyser,"Damaged conduit along with loose wiring was observed, indicating poor cable protection.",Medium,ESD,Adeel Siddiqui  ,17/05/2026,Done,
1941,17/03/2026,March,Abbas Mehdi,Critical / Specialist Audit Plan,Cable Tray Survey,Front side FGS road,"Loose wiring was observed, which may lead to unsafe electrical conditions.",Medium,ESD,Adeel Siddiqui  ,17/05/2026,Done,
1942,17/03/2026,March,Abbas Mehdi,Critical / Specialist Audit Plan,Cable Tray Survey,Front side FGS road,"Damaged conduit and loose wiring were observed, compromising cable safety.",Medium,ESD,Adeel Siddiqui  ,17/05/2026,Done,
1943,17/03/2026,March,Abbas Mehdi,Critical / Specialist Audit Plan,Cable Tray Survey,Cause Way Road near Silo L-11,"Cable tray cover was found missing, exposing cables to potential damage.",High,ESD,Adeel Siddiqui  ,17/05/2026,Done,
1944,17/03/2026,March,Abbas Mehdi,Critical / Specialist Audit Plan,Cable Tray Survey,Cause Way Road near Silo L-12,"Cable tray cover was missing and loose wiring was also observed, increasing the risk of electrical hazard.",High,ESD,Adeel Siddiqui  ,17/05/2026,Done,
1945,17/03/2026,March,Abbas Mehdi,Critical / Specialist Audit Plan,Cable Tray Survey,Cause Way Road near,"Cable tray cover was missing, leading to exposure of cables.",Medium,ESD,Adeel Siddiqui  ,17/05/2026,Done,
1946,17/03/2026,March,Abbas Mehdi,Critical / Specialist Audit Plan,Cable Tray Survey,Line 9 Cutting,"Poor workmanship was observed in the cable conduit installation, with loose and improperly secured wiring noted, indicating inadequate installation practices and increasing the risk of electrical faults, short circuits, and safety hazards.",Medium,ESD,Adeel Siddiqui  ,17/05/2026,Pending,
1947,17/03/2026,March,Abbas Mehdi,Critical / Specialist Audit Plan,Cable Tray Survey,Gate 2 Gallery,"Cable tray cover was missing, creating unsafe conditions for cables.",Medium,ESD,Adeel Siddiqui  ,17/05/2026,Done,
1948,17/03/2026,March,Abbas Mehdi,Critical / Specialist Audit Plan,Cable Tray Survey,White suger grinding area,"Loose wiring was observed, indicating lack of proper fastening.",Medium,ESD,Adeel Siddiqui  ,17/05/2026,Done,
1949,17/03/2026,March,Abbas Mehdi,Critical / Specialist Audit Plan,Cable Tray Survey,Near Silo Area,"Loose wiring along with missing conduit was observed, exposing cables to damage.",Medium,ESD,Adeel Siddiqui  ,17/05/2026,Done,
1950,17/03/2026,March,Abbas Mehdi,Critical / Specialist Audit Plan,Cable Tray Survey,Biscuits rework area near grinder,"Damaged conduit and loose wiring were observed, increasing electrical risk.",High,ESD,Adeel Siddiqui  ,17/05/2026,Done,
1951,17/03/2026,March,Abbas Mehdi,Critical / Specialist Audit Plan,Cable Tray Survey,Inside Silo Motor Room,"Damaged conduit and loose wiring were observed, compromising system integrity.",Medium,ESD,Adeel Siddiqui  ,17/05/2026,Done,
1952,17/03/2026,March,Abbas Mehdi,Critical / Specialist Audit Plan,Cable Tray Survey,Gate 2 Gallery,"Loose wiring along with missing conduit was observed, creating unsafe conditions.",Medium,ESD,Adeel Siddiqui  ,17/05/2026,Done,
1953,17/03/2026,March,Abbas Mehdi,Critical / Specialist Audit Plan,Cable Tray Survey,ESD Store Inside Material lift,"Damaged conduit and loose wiring were observed, affecting cable safety.",Medium,ESD,Adeel Siddiqui  ,17/05/2026,Done,
1954,17/03/2026,March,Abbas Mehdi,Critical / Specialist Audit Plan,Cable Tray Survey,Line 10 MBD to oven roof,"Loose wiring was observed in motor connection, posing risk of equipment damage.",High,ESD,Adeel Siddiqui  ,17/05/2026,Done,
1955,17/03/2026,March,Abbas Mehdi,Critical / Specialist Audit Plan,Cable Tray Survey,Oven Roof Stairs,"Loose wiring was observed, indicating poor cable arrangement.",Medium,ESD,Adeel Siddiqui  ,17/05/2026,Done,
1956,17/03/2026,March,Abbas Mehdi,Critical / Specialist Audit Plan,Cable Tray Survey,Backside Power House Near diesel Storage area tank 4 under FGS Tunnel,"Cable tray cover was missing along with loose wiring, creating combined electrical and physical hazards.",High,ESD,Adeel Siddiqui  ,17/05/2026,Pending,
1957,17/03/2026,March,Abbas Mehdi,Critical / Specialist Audit Plan,Cable Tray Survey,ESD Store On Stair Side,"Damaged conduit and loose wiring were observed, weakening cable protection.",Medium,ESD,Adeel Siddiqui  ,17/05/2026,Done,
1958,17/03/2026,March,Abbas Mehdi,Critical / Specialist Audit Plan,Cable Tray Survey,Gate 2 Gallery,"Damaged conduit and loose wiring were observed, creating unsafe electrical conditions.",Medium,ESD,Adeel Siddiqui  ,17/05/2026,Done,
1959,17/03/2026,March,Abbas Mehdi,Critical / Specialist Audit Plan,Cable Tray Survey,Gate 2 Gallery,"Loose wiring was observed near geyser, posing risk due to heat exposure.",High,ESD,Adeel Siddiqui  ,17/05/2026,Done,
1960,17/03/2026,March,Abbas Mehdi,Critical / Specialist Audit Plan,Cable Tray Survey,Onen Roof Near Hydran No 13,"Damaged conduit and loose wiring were observed, affecting safe routing of cables.",Medium,ESD,Adeel Siddiqui  ,17/05/2026,Done,
1961,17/03/2026,March,Abbas Mehdi,Critical / Specialist Audit Plan,Cable Tray Survey,Outside Panter Shop,"Loose wiring was observed inside the DB, indicating poor maintenance.",High,ESD,Adeel Siddiqui  ,17/05/2026,Done,
1962,17/03/2026,March,Abbas Mehdi,Critical / Specialist Audit Plan,Cable Tray Survey,Oil tank Room 1,"Damaged conduit and loose wiring were observed, compromising overall system safety.",Medium,ESD,Adeel Siddiqui  ,17/05/2026,Done,
1963,04/06/2026,April,Mubashir Mustafa,Critical / Specialist Audit Plan,PMS Audit,Film Room / Kirbey Hall,Combustible material near cables,High,Stores,Muhammad Sheeraz Khan,04/10/2026,Done,
1964,04/06/2026,April,Mubashir Mustafa,Critical / Specialist Audit Plan,PMS Audit,Kirbey Hall,Exposed electrical wiring,High,ESD,Adeel Siddiqui  ,04/10/2026,Done,
1965,04/06/2026,April,Mubashir Mustafa,Critical / Specialist Audit Plan,PMS Audit,Film Room,No sprinkler system,High,HSE ,Naveed Taqvi,Q4-26,Pending,Subject to budget approval
1966,04/06/2026,April,Mubashir Mustafa,Critical / Specialist Audit Plan,PMS Audit,Film Room,CO? extinguisher missing,High,HSE,Naveed Taqvi,04/10/2026,Done,
1967,04/06/2026,April,Mubashir Mustafa,Critical / Specialist Audit Plan,PMS Audit,Kirbey Hall,Low pressure extinguishers,High,HSE,Naveed Taqvi,04/10/2026,Done,
1968,04/06/2026,April,Mubashir Mustafa,Critical / Specialist Audit Plan,PMS Audit,Kirbey Hall,Hose reel valves closed,High,HSE,Naveed Taqvi,04/10/2026,Done,
1969,04/06/2026,April,Mubashir Mustafa,Critical / Specialist Audit Plan,PMS Audit,Film Room,Material near electrical panels,High,Stores,Muhammad Sheeraz Khan,04/10/2026,Done,
1970,04/06/2026,April,Mubashir Mustafa,Critical / Specialist Audit Plan,PMS Audit,Kirbey Hall,Improper material stacking,Medium,Stores,Muhammad Sheeraz Khan,04/10/2026,Done,
1971,04/06/2026,April,Mubashir Mustafa,Critical / Specialist Audit Plan,PMS Audit,Film Room / Kirbey Hall,Walkway obstruction,Medium,Stores,Muhammad Sheeraz Khan,04/10/2026,Done,
1972,04/06/2026,April,Mubashir Mustafa,Critical / Specialist Audit Plan,PMS Audit,Film Room / Kirbey Hall,Fire equipment blocked,High,Stores,Muhammad Sheeraz Khan,04/10/2026,Done,
1973,04/06/2026,April,Mubashir Mustafa,Critical / Specialist Audit Plan,PMS Audit,Film Room / Kirbey Hall,Poor housekeeping,Medium,Stores,Muhammad Sheeraz Khan,04/10/2026,Done,
1974,04/06/2026,April,Mubashir Mustafa,Critical / Specialist Audit Plan,PMS Audit,Kirbey Hall,Inadequate CCTV coverage,Medium,IT,Adnan Qazzafi,Q3-26,Pending,
1975,04/06/2026,April,Mubashir Mustafa,Critical / Specialist Audit Plan,PMS Audit,Outside Film Room,Damaged switch board,High,ESD,Adeel Siddiqui  ,04/10/2026,Done,
1976,04/06/2026,April,Mubashir Mustafa,Critical / Specialist Audit Plan,PMS Audit,Kirbey Hall,Materials on floor,Low,Stores,Muhammad Sheeraz Khan,04/10/2026,Done,
1977,04/06/2026,April,Mubashir Mustafa,Critical / Specialist Audit Plan,PMS Audit,Kirbey Hall,Unlabeled stored materials,Low,Stores,Muhammad Sheeraz Khan,04/10/2026,Done,
1978,04/06/2026,April,Mubashir Mustafa,Critical / Specialist Audit Plan,PMS Audit,Film Room,CCTV cameras missing,Medium,IT,Adnan Qazzafi,Q3-26,Pending,
1979,04/06/2026,April,Mubashir Mustafa,Critical / Specialist Audit Plan,PMS Audit,Film Room / Kirbey Hall,Safety signage missing,Medium,HSE,Naveed Taqvi,04/10/2026,Done,
1980,04/06/2026,April,Mubashir Mustafa,Critical / Specialist Audit Plan,PMS Audit,Film Room,Improper flammable storage,High,Stores,Muhammad Sheeraz Khan,04/10/2026,Pending,
1981,04/06/2026,April,Mubashir Mustafa,Critical / Specialist Audit Plan,PMS Audit,Film Room,Improper machine guarding,High,ESD,Adeel Siddiqui  ,04/10/2026,WIP,
1982,04/06/2026,April,Mubashir Mustafa,Critical / Specialist Audit Plan,PMS Audit,Film Room,Loose electrical wiring,High,ESD,Adeel Siddiqui  ,04/10/2026,Done,
